id,temp,status,cos,validated,validated_person,source,discipline,effect,tags,description,claim_text_orig,claim_statistics_orig,claim_statistics_orig_page,claim_text_orig_page,notes,contributors,date_entered,date_updated,notes_validation,exclusion,es_original,es_replication,n_original,n_replication,ref_original,doi_original,refonly_original,study_original,ref_replication,doi_replication,refonly_replication,study_replication,es_orig,es_rep,es_orig_value,es_orig_estype,es_rep_value,es_rep_estype,pval_value_o,pval_type_o,pval_tails_o,pval_value_r,pval_type_r,pval_tails_r,es_orig_RRR,es_orig_RRR_estype,es_rep_RRR,es_rep_RRR_estype,osf_link,outcome,published_rep,id_sample,same_design,nesting,same_test,original_authors,study_orig,study_rep,teststatistic_orig,teststatistic_rep,p_es_orig,p_es_rep,p_n_orig,p_n_rep,p_p_orig,p_p_rep,result,preregistration,closeness_instructions,closeness_measures,closeness_stimuli,closeness_procedure,closeness_location,closeness_renumeration,closeness_participants,closeness_exclusions,closeness_language,closeness_nationality,differences,vi_orig,vi_rep,ci.lower_original,ci.upper_original,ci.lower_replication,ci.upper_replication,significant_original,significant_replication,power,orig_journal,X91,X92,X93,X94,contributor_emailaddress,contributor_country,completed,#,Link/Reference.for.the.replication.study,Type,Priority?,Study.listed.in.ReD?,Data.entered.into.ReD?,Field?,pc_tags,pc_contributors,subjects,closeness,orig_year,vi_original,p_value_original,vi_replication,p_value_replication,power_r,signal,consistency,result2,z,se
osc201552,osc201552,2.0,,1,CD,OSC 2015,,,"Affect, Attention, Comprehension, Concept Formation, Conflict (Psychology), Cues, Culture, Female, Humans, Male, Memory, Short-Term, Mental Recall, Motivation, Reading, Retention (Psychology)",Affective incoherence: When affective concepts and embodied reactions clash.,,,,,only contact author listed as contributor,Brown,44927.0,,,,0.20573686,0.094021673,133,113," Centerbar, D.B., Schnall, S., Clore, G.L., & Garvin, E.D. (2008). Affective
incoherence: When affective concepts and embodied reactions clash. Journal
of Personality and Social Psychology, 94(4), 560-578. doi: 10.1037/0022-3514.94.4.560",10.1037/0022-3514.94.4.560,"Centerbar, D.B., Schnall, S., Clore, G.L., & Garvin, E.D. (2008). Affective incoherence: When affective concepts and embodied reactions clash. Journal of Personality and Social Psychology, 94(4), 560-578. https://doi.org/10.1037/0022-3514.94.4.560",,"Humphries, D., Brown, K., DeGaetano, M., Mainard, H., Attridge, P. R., Brown, B. T., & Hicks, G. (2023, September 28). Replication of Centerbar, Schnall, Clore, & Garvin (2008, JPSP, Study 5). Retrieved from osf.io/l8srm",10.1126/science.aac4716,"Open Science Collaboration. (2015). Estimating the reproducibility of psychological science. Science, 349(6251), aac4716. https://doi.org/10.1126/science.aac4716","Humphries, D., Brown, K., DeGaetano, M., Mainard, H., Attridge, P. R., Brown, B. T., & Hicks, G. (2023, September 28). Replication of Centerbar, Schnall, Clore, & Garvin (2008, JPSP, Study 5). Retrieved from osf.io/l8srm",,,,,,,,,,,,,,,,,https://osf.io/l8srm/,,,,,,,,,,,,,,,,,,Failure,,,,,,,,,,,,,,,0.036798835,0.363242209,-0.092311472,0.273992626,1,0,0.71,Journal of Personality and Social Psychology,,,,,,,,,,,,,,,,,,,2008,0.006948002,0.017513309,0.008771411,0.321906461,0.710278634,no signal,consistent,no signal - consistent,2.379724802,0.087705802
osc201563,osc201563,2.0,,1,CD,OSC 2015,,,"African Americans, Behavioral Research [statistics & numerical data], Bias (Epidemiology), European Continental Ancestry Group [psychology], Fourier Analysis, Humans, Prejudice, Reaction Time, Regression Analysis, Stereotyping",1/f noise and effort on implicit measures of bias.,,,,,only contact author listed as contributor,LeBel,44927.0,,,,0.274010238,0.073797292,71,148," Correll, J. (2008). 1/f noise and effort on implicit measures of bias.
Journal of Personality and Social Psychology, 94, 48-59.",10.1037/0022-3514.94.1.48," Correll, J. (2008). 1/f noise and effort on implicit measures of bias. Journal of Personality and Social Psychology, 94, 48-59. https://doi.org/10.1037/0022-3514.94.1.48",,"LeBel, E. P. (2023, September 28). Replication of Correll (2008, JPSP, Study 2). Retrieved from osf.io/fejxb",10.1126/science.aac4716,"Open Science Collaboration. (2015). Estimating the reproducibility of psychological science. Science, 349(6251), aac4716. https://doi.org/10.1126/science.aac4716","LeBel, E. P. (2023, September 28). Replication of Correll (2008, JPSP, Study 2). Retrieved from osf.io/fejxb",,,,,,,,,,,,,,,,,https://osf.io/fejxb/,,,,,,,,,,,,,,,,,,Failure,,,,,,,,,,,,,,,0.043486491,0.476831287,-0.088601505,0.232374314,1,0,0.96,Journal of Personality and Social Psychology,,,,,,,,,,,,,,,,,,,2008,0.012221058,0.020760272,0.006728827,0.37272171,0.960172508,no signal,inconsistent,no signal - inconsistent,2.318789082,0.121267813
osc201533,osc201533,2.0,,1,CD,OSC 2015,,,"Association Learning, Attention, Discrimination Learning, Humans, Memory, Short-Term, Pattern Recognition, Visual, Reading, Serial Learning, Speech Perception, Time Perception",Multiple roles for time in short-term memory: Evidence from serial recall of order and timing.,,,,,only contact author listed as contributor,Saxe,44927.0,,,,0.516812354,0.315999964,40,40," Farrell, S. (2008). Multiple roles for time in short-term memory: Evidence
from serial recall of order and timing. Journal of Experimental Psychology:
Learning, Memory, and Cognition, 34(1), 128.",10.1037/0278-7393.34.1.128," Farrell, S. (2008). Multiple roles for time in short-term memory: Evidence from serial recall of order and timing. Journal of Experimental Psychology: Learning, Memory, and Cognition, 34(1), 128. https://doi.org/10.1037/0278-7393.34.1.128",,"Olsson, C., & Saxe, R. (2023, September 28). Replication of Farrell (2008, JEP:LMC, Study 2). Retrieved from osf.io/swrhy",10.1126/science.aac4716,"Open Science Collaboration. (2015). Estimating the reproducibility of psychological science. Science, 349(6251), aac4716. https://doi.org/10.1126/science.aac4716","Olsson, C., & Saxe, R. (2023, September 28). Replication of Farrell (2008, JEP:LMC, Study 2). Retrieved from osf.io/swrhy",,,,,,,,,,,,,,,,,https://osf.io/swrhy/,,,,,,,,,,,,,,,,,,Success,,,,,,,,,,,,,,,0.24469728,0.713460376,0.004980922,0.571274771,1,1,0.97,Journal of Experimental Psychology,,,,,,,,,,,,,,,,,,,2008,0.01377307,0.000639349,0.020775879,0.046987661,0.969670573,signal,consistent,signal - consistent,3.479222153,0.164398987
osc201594,osc201594,2.0,,1,CD,OSC 2015,,,"Affect, Decision Making, Defense Mechanisms, Female, Humans, Internal-External Control, Male, Motivation, Self Concept, Social Responsibility, Thinking","Self-handicapping, excuse making, and counterfactual thinking: Consequences for self-esteem and future motivation.",,,,,only contact author listed as contributor,Chartier,44927.0,,,,0.344312999,0.28970838,28,61," McCrea, SM. (2008). Self-handicapping, excuse making, and counterfactual
thinking: Consequences for self-esteem and future motivation. Journal of
Personality and Social Psychology, 95(2), 274-292",10.1037/0022-3514.95.2.274," McCrea, SM. (2008). Self-handicapping, excuse making, and counterfactual thinking: Consequences for self-esteem and future motivation. Journal of Personality and Social Psychology, 95(2), 274-292. https://doi.org/10.1037/0022-3514.95.2.274",,"Chartier, C. R., & Perna, O. K. (2023, September 28). Replication of SM McCrea (2008, JPSP 95(2), Exp. 5). Retrieved from osf.io/mua6d",10.1126/science.aac4716,"Open Science Collaboration. (2015). Estimating the reproducibility of psychological science. Science, 349(6251), aac4716. https://doi.org/10.1126/science.aac4716","Chartier, C. R., & Perna, O. K. (2023, September 28). Replication of SM McCrea (2008, JPSP 95(2), Exp. 5). Retrieved from osf.io/mua6d",,,,,,,,,,,,,,,,,https://osf.io/mua6d/,,,,,,,,,,,,,,,,,,OS not significant,,,,,,,,,,,,,,,-0.033003388,0.635727413,0.040869239,0.504708335,0,1,0.867,Journal of Personality and Social Psychology,,,,,,,,,,,,,,,,,,,2008,0.028775984,0.072784037,0.013986375,0.023531667,0.866860218,signal,OS not significant,signal - OS not significant,1.794887094,0.2
osc2015133,osc2015133,2.0,,1,CD,OSC 2015,,,"Adaptation, Physiological, Adaptation, Psychological, Humans, Memory [physiology], Survival, Vocabulary",Adaptive memory: The comparative value of survival processing.,,,,,only contact author listed as contributor,Renkewitz,44927.0,,,,0.445652636,0.423363806,24,38," Nairne, J.S., Pandeirada, J.N.S., & Thompson, S.R. (2008). Adaptive memory:
The comparative value of survival processing. Psychological Science, 19(2),
176–180.",10.1111/j.1467-9280.2008.02064.x,"Nairne, J.S., Pandeirada, J.N.S., & Thompson, S.R. (2008). Adaptive memory: The comparative value of survival processing. Psychological Science, 19(2), 176–180. https://doi.org/10.1111/j.1467-9280.2008.02064.x",,"Renkewitz, F., & Müller, S. M. (2023, September 28). Replication of Nairne, Pandeirada, & Thompson (2008, PS, Study 2). Retrieved from osf.io/jhkpe",10.1126/science.aac4716,"Open Science Collaboration. (2015). Estimating the reproducibility of psychological science. Science, 349(6251), aac4716. https://doi.org/10.1126/science.aac4716","Renkewitz, F., & Müller, S. M. (2023, September 28). Replication of Nairne, Pandeirada, & Thompson (2008, PS, Study 2). Retrieved from osf.io/jhkpe",,,,,,,,,,,,,,,,,https://osf.io/jhkpe/,,,,,,,,,,,,,,,,,,Success,,,,,,,,,,,,,,,0.051517469,0.719670687,0.119909252,0.654469688,1,1,0.89,Psychological Science,,,,,,,,,,,,,,,,,,,2008,0.027923126,0.029069604,0.018206812,0.008086094,0.890186086,signal,consistent,signal - consistent,2.196255879,0.21821789
osc201587,osc201587,2.0,,1,CD,OSC 2015,,,"African Americans, Analysis of Variance, European Continental Ancestry Group [psychology], Humans, Male, Prejudice, Social Distance, Stereotyping, United States",The space between us: Stereotype threat and distance in interracial contexts.,,,,,only contact author listed as contributor,Kelso,44927.0,,,,0.395559206,0.013045451,55,51," P.A. Goff, C.M. Steele, & P.G. Davies, 2008. The space between us: Stereotype
threat and distance in interracial contexts. Journal of Personality and
Social Psychology, 94, 91-107.",10.1037/0022-3514.94.1.91," P.A. Goff, C.M. Steele, & P.G. Davies, 2008. The space between us: Stereotype threat and distance in interracial contexts. Journal of Personality and Social Psychology, 94, 91-107. https://doi.org/10.1037/0022-3514.94.1.91",,"Kelso, K., Gampa, A., Wright, E. C., Spencer, N. B., & Welsh, A. (2023, September 28). Replication of Goff, Steele, and Davies (JPSP, 2008, Study 4). Retrieved from osf.io/abxcj",10.1126/science.aac4716,"Open Science Collaboration. (2015). Estimating the reproducibility of psychological science. Science, 349(6251), aac4716. https://doi.org/10.1126/science.aac4716","Kelso, K., Gampa, A., Wright, E. C., Spencer, N. B., & Welsh, A. (2023, September 28). Replication of Goff, Steele, and Davies (JPSP, 2008, Study 4). Retrieved from osf.io/abxcj",,,,,,,,,,,,,,,,,https://osf.io/abxcj/,,,,,,,,,,,,,,,,,,Failure,,,,,,,,,,,,,,,0.145534529,0.598092151,-0.26348548,0.287595185,1,0,0.9,Journal of Personality and Social Psychology,,,,,,,,,,,,,,,,,,,2008,0.013176811,0.002797851,0.019993193,0.927605948,0.900095215,no signal,inconsistent,no signal - inconsistent,3.016933331,0.138675049
osc2015117,osc2015117,2.0,,1,CD,OSC 2015,,,"Adolescent, Adult, Attentional Blink, Cues, Female, Humans, Inhibition (Psychology), Male, Pattern Recognition, Visual, Probability, Reaction Time, Serial Learning, Time Perception","Temporal selection is suppressed, delayed, and diffused during the attentional blink.",,,,,only contact author listed as contributor,Barnett Cowan,44927.0,,,,0.130782132,0.120519146,12,12," Vul, E., Nieuwenstein, M., & Kanwisher, N. (2008). Temporal selection
is suppressed, delayed, and diffused during the attentional blink. Psychological
Science, 19(1), 55-61.",10.1111/j.1467-9280.2008.02046.x,"Vul, E., Nieuwenstein, M., & Kanwisher, N. (2008). Temporal selection is suppressed, delayed, and diffused during the attentional blink. Psychological Science, 19(1), 55-61. https://doi.org/10.1111/j.1467-9280.2008.02046.x",,"Barnett-Cowan, M. (2023, September 28). Replication of Vul et al (2008, PS, Study 1). Retrieved from osf.io/rzjvn",10.1126/science.aac4716,"Open Science Collaboration. (2015). Estimating the reproducibility of psychological science. Science, 349(6251), aac4716. https://doi.org/10.1126/science.aac4716","Barnett-Cowan, M. (2023, September 28). Replication of Vul et al (2008, PS, Study 1). Retrieved from osf.io/rzjvn",,,,,,,,,,,,,,,,,https://osf.io/rzjvn/,,,,,,,,,,,,,,,,,,OS not significant,,,,,,,,,,,,,,,-0.479077135,0.655485573,-0.48707131,0.649497531,0,0,0.11,Psychological Science,,,,,,,,,,,,,,,,,,,2008,0.087825874,0.685381084,0.088287386,0.709079253,0.110371122,no signal,OS not significant,no signal - OS not significant,0.394606529,0.333333333
Camereretal2018_1,,2.0,,1,LKasseckert,SSRP,Psychology,,"Social Science Replication Project, Science, Nature, Human Behavior",Incidental Haptic Sensations Influence Social Judgments and Decisions,,,,,Effect sizes available here: https://osf.io/7286p,Lukas Röseler,45384.0,,changed success to informative failure,,0.269728035,0.062703826,54,599,"Ackerman, J. M., Nocera, C. C., & Bargh, J. A. (2010). Incidental haptic
sensations influence social judgments and decisions. Science, 328(5986),
1712-1715.",10.1126/science.1189993,"Ackerman, J. M., Nocera, C. C., & Bargh, J. A. (2010). Incidental haptic sensations influence social judgments and decisions. Science, 328(5986), 1712-1715. https://doi.org/10.1126/science.1189993",,"Camerer, C. F., Dreber, A., Holzmeister, F., Ho, T. H., Huber, J., Johannesson, M., ... & Wu, H. (2018). Evaluating the replicability of social science experiments in Nature and Science between 2010 and 2015. Nature human behaviour, 2(9), 637-644.",10.1038/s41562-018-0399-z,"Camerer, C. F., Dreber, A., Holzmeister, F., Ho, T. H., Huber, J., Johannesson, M., ... & Wu, H. (2018). Evaluating the replicability of social science experiments in Nature and Science between 2010 and 2015. Nature human behaviour, 2(9), 637-644. https://doi.org/10.1038/s41562-018-0399-z",,,,,,,,,,,,,,,,,,https://osf.io/pfdyw/,,2,Camereretal2018_1,,,,,,,,,,,,,,,Failure,https://osf.io/2czq2,,,,,,,,,,,,,,0.002120639,0.501284551,-0.017495268,0.142101222,,,,Science,,,,,,,,,,,,,,,,,,,2010,0.016222389,0.048559946,0.001659117,0.125289046,0.999999841,no signal,inconsistent,no signal - inconsistent,1.9751084,0.140028008
osc2015114,osc2015114,2.0,,1,CD,OSC 2015,,,"Adult, Aged, Aging [psychology], Female, Humans, Imagination, Life Change Events, Male, Mental Recall, Middle Aged, Neuropsychological Tests, Word Association Tests",Age-related changes in the episodic simulation of future events,,,,,only contact author listed as contributor,Vasquez,44927.0,,,,0.570693584,0.652730428,32,32,"Addis, D.R., Wong, A.T., & Schacter, D.L. (2008). Age-related changes in
the episodic simulation of future events. Psychological Science, 19(1),
33-41.",10.1111/j.1467-9280.2008.02043.x,"Addis, D.R., Wong, A.T., & Schacter, D.L. (2008). Age-related changes in the episodic simulation of future events. Psychological Science, 19(1), 33-41. https://doi.org/10.1111/j.1467-9280.2008.02043.x",,"Vásquez-Echeverría, A. (2023, September 28). Replication of DR Addis, AT Wong, DL Schacter (2008, PS 19(1)). Retrieved from osf.io/yaeu7",10.1126/science.aac4716,"Open Science Collaboration. (2015). Estimating the reproducibility of psychological science. Science, 349(6251), aac4716. https://doi.org/10.1126/science.aac4716","Vásquez-Echeverría, A. (2023, September 28). Replication of DR Addis, AT Wong, DL Schacter (2008, PS 19(1)). Retrieved from osf.io/yaeu7",,,,,,,,,,,,,,,,,https://osf.io/yaeu7/,,,,,,,,,,,,,,,,,,Success,,,,,,,,,,,,,,,0.27715218,0.766796947,0.39362727,0.815755797,1,1,0.971,Psychological Science,,,,,,,,,,,,,,,,,,,2008,0.014667497,0.000647885,0.010626147,5.14401E-05,0.971217944,signal,consistent,signal - consistent,3.492553088,0.185695338
Boyce_etal20231,,2.0,,1,Veronica Boyce,Boyce_etal2023,Psychology,,,ventriloquist effect results from near-optimal bimodal integration,,,,,subfield: cognitive,LR,45429.0,,,,0.36838878,-0.0311536,5,3,"Alais, D., & Burr, D. (2004). The ventriloquist effect results from near-optimal
bimodal integration. Current biology, 14(3), 257-262.",10.1016/j.cub.2004.01.029,"Alais, D., & Burr, D. (2004). The ventriloquist effect results from near-optimal bimodal integration. Current biology, 14(3), 257-262.",1.0,"Boyce, V., Mathur, M., & Frank, M. C. (2023). Eleven years of student replication projects provide evidence on the correlates of replicability in psychology. Royal Society Open Science, 10(11), 231240. https://doi.org/10.1098/rsos.231240",10.1098/rsos.231240,"Boyce, V., Mathur, M., & Frank, M. C. (2023). Eleven years of student replication projects provide evidence on the correlates of replicability in psychology. Royal Society Open Science, 10(11), 231240. https://doi.org/10.1098/rsos.231240",,,,,,,,,,,,,,,,,,https://osf.io/xwn9m/,,2,,,1.0,,0,,,,,,,,,,,OS not significant,,,,,,,,,,,,very close,,,-0.761319449,0.943878574,,,,,,,,,,,,,,,,,,,,,,,,,2004,0.186749174,0.541789106,,0.980163793,0,no signal,OS not significant,no signal - OS not significant,0.546675006,0.707106781
osc201550,osc201550,2.0,,1,CD,OSC 2015,,,"Attention, Awareness, Cues, Culture, Decision Making, Feeding Behavior, Female, Goals, Humans, Internal-External Control, Judgment, Male, Mental Recall, Persuasive Communication, Problem Solving, Psychomotor Performance, Semantics, Set (Psychology)",Increasing and decreasing motor and cognitive output: A model of general action and inaction goals.,,,,,only contact author listed as contributor,Sonnleitner,44927.0,,,,0.208058463,0.155043132,98,105,"Albarracín, D., Handley, I.M., Noguchi, K., McCulloch, K.C., Li, H., Leeper,
J., Brown, R.D., Earl, A., & Hart, W.P. (2008). Increasing and decreasing
motor and cognitive output: A model of general action and inaction goals.
Journal of Personality and Social Psychology, 95(3), 510-523.",10.1037/a0012833,"Albarracín, D., Handley, I.M., Noguchi, K., McCulloch, K.C., Li, H., Leeper, J., Brown, R.D., Earl, A., & Hart, W.P. (2008). Increasing and decreasing motor and cognitive output: A model of general action and inaction goals. Journal of Personality and Social Psychology, 95(3), 510-523. https://doi.org/10.1037/a0012833",,"Voracek, M., & Sonnleitner, C. (2016, August 19). Replication of D Albarracín, IM Handley, K Noguchi, KC McCulloch, H Li, J Leeper, RD Brown, A Earl, WP Hart (2008, JPSP 95(3), Exp. 7). Retrieved from osf.io/rgm6p ",10.1126/science.aac4716,"Open Science Collaboration. (2015). Estimating the reproducibility of psychological science. Science, 349(6251), aac4716. https://doi.org/10.1126/science.aac4716","Voracek, M., & Sonnleitner, C. (2016, August 19). Replication of D Albarracín, IM Handley, K Noguchi, KC McCulloch, H Li, J Leeper, RD Brown, A Earl, WP Hart (2008, JPSP 95(3), Exp. 7). Retrieved from osf.io/rgm6p ",,,,,,,,,,,,,,,,,https://osf.io/rgm6p/,,,,,,,,,,,,,,,,,,Failure,,,,,,,,,,,,,,,0.0100527,0.390363797,-0.037743722,0.336702791,1,0,0.691,Journal of Personality and Social Psychology,,,,,,,,,,,,,,,,,,,2008,0.009436054,0.03980162,0.009158664,0.11427475,0.6907908,no signal,consistent,no signal - consistent,2.057948888,0.102597835
Manylabs2_27,,2.0,,1,LKasseckert,ML2,Psychology,Processing fluency,Many Labs 2,Disfluency engages analytic processing,,,,,,Lukas Röseler,45384.0,,,,0.300446573,0.014998313,41,2580,"Alter, A. L., Oppenheimer, D. M., Epley, N., & Eyre, R. N. (2007). Overcoming
intuition: Metacognitive difficulty activates analytic reasoning. Journal
of Experimental Psychology: General, 136, 569–576. doi:10.1037/0096- 3445.136.4.569
Study 4",10.1037/0096- 3445.136.4.569,"Alter, A. L., Oppenheimer, D. M., Epley, N., & Eyre, R. N. (2007). Overcoming intuition: Metacognitive difficulty activates analytic reasoning. Journal of Experimental Psychology: General, 136, 569–576. https://doi.org/10.1037/0096- 3445.136.4.569",4.0,"Klein, R. A., Vianello, M., Hasselman, F., Adams, B. G., Adams Jr, R. B., Alper, S., ... & Sowden, W. (2018). Many Labs 2: Investigating variation in replicability across samples and settings. Advances in Methods and Practices in Psychological Science, 1(4), 443-490.",10.1177/2515245918810225,"Klein, R. A., Vianello, M., Hasselman, F., Adams, B. G., Adams Jr, R. B., Alper, S., ... & Sowden, W. (2018). Many Labs 2: Investigating variation in replicability across samples and settings. Advances in Methods and Practices in Psychological Science, 1(4), 443-490. https://doi.org/10.1177/2515245918810225",,,,0.63,d,-0.03,d,,,,,,,,,,,https://osf.io/8cd4r/,,2,manylabs2,,,1,,,,,,,,,,,,OS not significant,,,,,,,,,,,,,,,-0.00793756,0.556644924,-0.023605384,0.053557348,,,,Journal of Experimental Psychology: General,,,,,,,,,,,,,,,,,,,2007,0.020690301,0.056305826,0.000387573,0.446362388,1,no signal,OS not significant,no signal - OS not significant,1.911032553,0.162221421
osc2015104,osc2015104,2.0,,1,CD,OSC 2015,,,"Adult, Distance Perception, Environment, Female, Humans, Male, Perception, Questionnaires, Visual Perception","Effects of fluency on psychological distance and mental construal (or why New York is a large city, but New York is a civilized jungle).",,,,,only contact author listed as contributor,Foster,44927.0,,,,0.127392361,0.018376516,236,1146,"Alter, A.A., & Oppenheimer, D.M. (2008). Effects of fluency on psychological
distance and mental construal (or why New York is a large city, but New
York is a civilized jungle). Psychological Science, 19, 161-167.",10.1111/j.1467-9280.2008.02062.x,"Alter, A.A., & Oppenheimer, D.M. (2008). Effects of fluency on psychological distance and mental construal (or why New York is a large city, but New York is a civilized jungle). Psychological Science, 19, 161-167. https://doi.org/10.1111/j.1467-9280.2008.02062.x",,"Foster, J. D. (2023, September 28). Replication of Alter & Oppenheimmer (2008, PS, Study 2B). Retrieved from osf.io/kegmc",10.1126/science.aac4716,"Open Science Collaboration. (2015). Estimating the reproducibility of psychological science. Science, 349(6251), aac4716. https://doi.org/10.1126/science.aac4716","Foster, J. D. (2023, September 28). Replication of Alter & Oppenheimmer (2008, PS, Study 2B). Retrieved from osf.io/kegmc",,,,,,,,,,,,,,,,,https://osf.io/kegmc/,,,,,,,,,,,,,,,,,,OS not significant,,,,,,,,,,,,,,,-0.000313217,0.251009406,-0.039573631,0.076203459,0,0,0.996,Psychological Science,,,,,,,,,,,,,,,,,,,2008,0.004118322,0.050628111,0.000872773,0.534292511,0.99640063,no signal,OS not significant,no signal - OS not significant,1.955182929,0.065512178
osc2015122,osc2015122,2.0,,1,CD,OSC 2015,,,"Adolescent, Adult, Attention, Humans, Visual Perception",The representation of simple ensemble visual features outside the focus of attention,,,,,only contact author listed as contributor,Schlegelmilch,44927.0,,,,0.721890032,0.922934494,8,17,"Alvarez, G.A. & Oliva, A. (2008). The representation of simple ensemble
visual features outside the focus of attention. Psychological Science,
19(4), 392-398.",10.1111/j.1467-9280.2008.02098.x,"Alvarez, G.A. & Oliva, A. (2008). The representation of simple ensemble visual features outside the focus of attention. Psychological Science, 19(4), 392-398. https://doi.org/10.1111/j.1467-9280.2008.02098.x",,"Schlegelmilch, R., & van den Bergh, D. (2023, September 28). Replication of GA Alvarez, A Oliva (2008, PS 19(4), Exp. 3). Retrieved from osf.io/dnaxe",10.1126/science.aac4716,"Open Science Collaboration. (2015). Estimating the reproducibility of psychological science. Science, 349(6251), aac4716. https://doi.org/10.1126/science.aac4716","Schlegelmilch, R., & van den Bergh, D. (2023, September 28). Replication of GA Alvarez, A Oliva (2008, PS 19(4), Exp. 3). Retrieved from osf.io/dnaxe",,,,,,,,,,,,,,,,,https://osf.io/dnaxe/,,,,,,,,,,,,,,,,,,Success,,,,,,,,,,,,,,,0.035043713,0.945560018,0.794918434,0.972274679,1,1,0.968,Psychological Science,,,,,,,,,,,,,,,,,,,2008,0.032760151,0.043183283,0.001372553,1.31318E-07,0.968179994,signal,"inconsistent, larger","signal - inconsistent, larger",2.038356209,0.447213595
osc201553,osc201553,2.0,,1,CD,OSC 2015,,,"African Americans, Analysis of Variance, Cognition, Conflict (Psychology), European Continental Ancestry Group, Evoked Potentials, Female, Group Processes, Humans, Inhibition (Psychology), Models, Psychological, Motivation, Neuropsychology, Prejudice, United States",Individual differences in the regulation of intergroup bias: The role of conflict monitoring and neural signals for control.,,,,,only contact author listed as contributor,Graham,44927.0,,,,0.377126878,0.076700677,48,75,"Amodio, D. M., Devine, P. G., & Harmon-Jones, E. (2008). Individual differences
in the regulation of intergroup bias: The role of conflict monitoring and
neural signals for control. Journal of Personality and Social Psychology,
94(1), 60-74.",10.1037/0022-3514.94.3.545,"Amodio, D. M., Devine, P. G., & Harmon-Jones, E. (2008). Individual differences in the regulation of intergroup bias: The role of conflict monitoring and neural signals for control. Journal of Personality and Social Psychology, 94(1), 60-74. https://doi.org/10.1037/0022-3514.94.3.545",,"Johnson-Grey, K. M., Hayes, T. B., & Graham, J. (2023, September 28). Replication of Amodio, Devine, & Harmon-Jones (2008, JPSP, Study 2). Retrieved from osf.io/wkgpq",10.1126/science.aac4716,"Open Science Collaboration. (2015). Estimating the reproducibility of psychological science. Science, 349(6251), aac4716. https://doi.org/10.1126/science.aac4716","Johnson-Grey, K. M., Hayes, T. B., & Graham, J. (2023, September 28). Replication of Amodio, Devine, & Harmon-Jones (2008, JPSP, Study 2). Retrieved from osf.io/wkgpq",,,,,,,,,,,,,,,,,https://osf.io/wkgpq/,,,,,,,,,,,,,,,,,,Failure,,,,,,,,,,,,,,,0.104152638,0.597262061,-0.152923276,0.298466775,1,0,0.959,Journal of Personality and Social Psychology,,,,,,,,,,,,,,,,,,,2008,0.015654862,0.008234751,0.013354981,0.513076237,0.959380876,no signal,inconsistent,no signal - inconsistent,2.661184058,0.149071198
Manylabs2_28,,2.0,,1,LKasseckert,ML2,Psychology,,Many Labs 2,Sociometric status and well-being,,,,,,Lukas Röseler,45384.0,,,,0.27408598,0.019996001,228,6905,"Anderson, C., Kraus, M. W., Galinsky, A. D., & Keltner, D. (2012). The
local-ladder effect: Social status and subjective well-being. Psychological
Science, 23, 764–771. doi:10.1177/0956797611434537 Study 3",10.1177/0956797611434537,"Anderson, C., Kraus, M. W., Galinsky, A. D., & Keltner, D. (2012). The local-ladder effect: Social status and subjective well-being. Psychological Science, 23, 764–771. https://doi.org/10.1177/0956797611434537",3.0,"Klein, R. A., Vianello, M., Hasselman, F., Adams, B. G., Adams Jr, R. B., Alper, S., ... & Sowden, W. (2018). Many Labs 2: Investigating variation in replicability across samples and settings. Advances in Methods and Practices in Psychological Science, 1(4), 443-490.",10.1177/2515245918810225,"Klein, R. A., Vianello, M., Hasselman, F., Adams, B. G., Adams Jr, R. B., Alper, S., ... & Sowden, W. (2018). Many Labs 2: Investigating variation in replicability across samples and settings. Advances in Methods and Practices in Psychological Science, 1(4), 443-490. https://doi.org/10.1177/2515245918810225",,,,0.57,d,-0.04,d,,,,,,,,,,,https://osf.io/8cd4r/,,2,manylabs2,,,1,,,,,,,,,,,,Failure,,,,,,,,,,,,,,,0.149483517,0.390119211,-0.003593092,0.043562854,,,,Psychological Science,,,,,,,,,,,,,,,,,,,2012,0.00376827,2.71067E-05,0.000144728,0.096621179,1,no signal,inconsistent,no signal - inconsistent,4.219145574,0.066666667
osc2015113,osc2015113,2.0,,1,CD,OSC 2015,,,"Affect, Attitude, Coercion, Forecasting, Humans, Time Perception",Prescribed optimism: Is it right to be wrong about the future?,,,,,only contact author listed as contributor,Lassetter,44927.0,,,,0.681152182,0.763508789,125,177,"Armor, D.A., Massey, C., & Sackett, A.M. 2008. Prescribed optimism: Is
it right to be wrong about the future? Psychological Science, 19, 329-331.
",10.1111/j.1467-9280.2008.02089.x,"Armor, D.A., Massey, C., & Sackett, A.M. 2008. Prescribed optimism: Is it right to be wrong about the future? Psychological Science, 19, 329-331.  https://doi.org/10.1111/j.1467-9280.2008.02089.x",,"Lassetter, B., Brandt, M. J., van ’t Veer, A. E., & Mehta, P. (2023, September 28). Replication of Armor, Massey & Sackett (2008, PS, Study 1). Retrieved from osf.io/qlzap",10.1126/science.aac4716,"Open Science Collaboration. (2015). Estimating the reproducibility of psychological science. Science, 349(6251), aac4716. https://doi.org/10.1126/science.aac4716","Lassetter, B., Brandt, M. J., van ’t Veer, A. E., & Mehta, P. (2023, September 28). Replication of Armor, Massey & Sackett (2008, PS, Study 1). Retrieved from osf.io/qlzap",,,,,,,,,,,,,,,,,https://osf.io/qlzap/,,,,,,,,,,,,,,,,,,Success,,,,,,,,,,,,,,,0.574231635,0.765226762,0.694186032,0.818797995,1,1,1,Psychological Science,,,,,,,,,,,,,,,,,,,2008,0.002317177,2.31285E-18,0.000988263,4.59308E-35,1,signal,"inconsistent, larger","signal - inconsistent, larger",9.181570834,0.090535746
soscisubmission17,soscisubmission17,3.0,,1,"LK, LR",Individual submissions,Social psychology,impression formation,"First impression, Impression formation, Variation of a central quality in impression formation",“Warm” vs. “Cold” person description does not produce differences of impression in terms of the perceived honesty.(Honest vs. Dishonest),,,,,,"Pavlović, Zoran",45024.0,,,,0.296188607,0.107446423,166,183,"Asch, S. E. (1946). Forming impressions of personality. The Journal of
Abnormal and Social Psychology, 41(3), 258-290. http://dx.doi.org/10.1037/h0055756,
Experiment 1",10.1037/h0055756,"Asch, S. E. (1946). Forming impressions of personality. The Journal of Abnormal and Social Psychology, 41(3), 258-290. http://dx.doi.org/10.1037/h0055756",1.0,"Pavlović, Z. (2023, April 8). First impression replication study (Asch, 1945, Experiment 1). ",,"Pavlović, Z. (2023, April 8). First impression replication study (Asch, 1945, Experiment 1). ",,,,3.08,OR,1.48,OR,,,,,,,,,,,https://osf.io/74892/?view_only=3e6ed2d68e6a466bbc036089948c08e1,,0,"sosci_Pavlović,.2023",1,,0,0,,,,,https://osf.io/74892/?view_only=3e6ed2d68e6a466bbc036089948c08e1,,,,,,Failure,,1.0,1.0,1.0,2.0,1.0,1.0,1.0,1.0,3.0,3.0,"In the original study Two groups, A and B, heard read a list of character-qualities – Group A heard the person described as ""warm""; Group B, as ""cold."" In this study the respondents read the list of “warm” or “cold” person qualities. 
 In the original study the respondents were instructed to select one quality/trait from each pair of 18 pairs in total. There were 17 pairs of traits in the replicated study.",,,0.150664464,0.429148684,-0.038205693,0.248628002,,,,The Journal of Abnormal and Social Psychology,OS n.s.,NA - OS n.s.,,,,,,,,,,,,,,,,,1946,0.005043883,0.000106804,0.005368373,0.14768891,0.99310746,no signal,inconsistent,no signal - inconsistent,3.898275362,0.078326045
soscisubmission17,soscisubmission17,3.0,,1,"LK, LR",Individual submissions,Social psychology,impression formation,"First impression, Impression formation, Variation of a central quality in impression formation",“Warm” vs. “Cold” person description does not produce differences of impression in terms of the perceived strength.(Strong vs. Weak),,,,,,"Pavlović, Zoran",45024.0,,,,0.237742354,0.220732926,166,183,"Asch, S. E. (1946). Forming impressions of personality. The Journal of
Abnormal and Social Psychology, 41(3), 258-290. http://dx.doi.org/10.1037/h0055756,
Experiment 1",10.1037/h0055756,"Asch, S. E. (1946). Forming impressions of personality. The Journal of Abnormal and Social Psychology, 41(3), 258-290. http://dx.doi.org/10.1037/h0055756",1.0,"Pavlović, Z. (2023, April 8). First impression replication study (Asch, 1945, Experiment 1). ",,"Pavlović, Z. (2023, April 8). First impression replication study (Asch, 1945, Experiment 1). ",,,,2.43,OR,0.44,OR,,,,,,,,,,,https://osf.io/74892/?view_only=3e6ed2d68e6a466bbc036089948c08e1,,0,"sosci_Pavlović,.2023",1,,0,0,,,,,https://osf.io/74892/?view_only=3e6ed2d68e6a466bbc036089948c08e1,,,,,,Success,,1.0,1.0,1.0,2.0,1.0,1.0,1.0,1.0,3.0,3.0,"In the original study Two groups, A and B, heard read a list of character-qualities – Group A heard the person described as ""warm""; Group B, as ""cold."" In this study the respondents read the list of “warm” or “cold” person qualities. 
 In the original study the respondents were instructed to select one quality/trait from each pair of 18 pairs in total. There were 17 pairs of traits in the replicated study.",,,0.088630449,0.376432023,0.078179489,0.354440814,,,,The Journal of Abnormal and Social Psychology,OS n.s.,NA - OS n.s.,,,,,,,,,,,,,,,,,1946,0.005394859,0.002040346,0.004972131,0.002676095,0.946953856,signal,consistent,signal - consistent,3.094498779,0.078326045
soscisubmission17,soscisubmission17,3.0,,1,"LK, LR",Individual submissions,Social psychology,impression formation,"First impression, Impression formation, Variation of a central quality in impression formation",“Warm” vs. “Cold” person description produces differences of impression; “warm” person is perceived as more imaginative.(Imaginative vs. Hard-headed),,,,,,"Pavlović, Zoran",45024.0,,,,0.387294824,0.24689757,166,183,"Asch, S. E. (1946). Forming impressions of personality. The Journal of
Abnormal and Social Psychology, 41(3), 258-290. http://dx.doi.org/10.1037/h0055756,
Experiment 1",10.1037/h0055756,"Asch, S. E. (1946). Forming impressions of personality. The Journal of Abnormal and Social Psychology, 41(3), 258-290. http://dx.doi.org/10.1037/h0055756",1.0,"Pavlović, Z. (2023, April 8). First impression replication study (Asch, 1945, Experiment 1). ",,"Pavlović, Z. (2023, April 8). First impression replication study (Asch, 1945, Experiment 1). ",,,,4.59,OR,2.52,OR,,,,,,,,,,,https://osf.io/74892/?view_only=3e6ed2d68e6a466bbc036089948c08e1,,0,"sosci_Pavlović,.2023",1,,0,0,,,,,https://osf.io/74892/?view_only=3e6ed2d68e6a466bbc036089948c08e1,,,,,,Success,,1.0,1.0,1.0,2.0,1.0,1.0,1.0,1.0,3.0,3.0,"In the original study Two groups, A and B, heard read a list of character-qualities – Group A heard the person described as ""warm""; Group B, as ""cold."" In this study the respondents read the list of “warm” or “cold” person qualities. 
 In the original study the respondents were instructed to select one quality/trait from each pair of 18 pairs in total. There were 17 pairs of traits in the replicated study.",,,0.249704202,0.509555927,0.105623743,0.378402076,,,,The Journal of Abnormal and Social Psychology,OS n.s.,NA - OS n.s.,,,,,,,,,,,,,,,,,1946,0.004378816,2.53825E-07,0.00484505,0.000753324,0.999941369,signal,"inconsistent, smaller","signal - inconsistent, smaller",5.216828528,0.078326045
soscisubmission17,soscisubmission17,3.0,,1,"LK, LR",Individual submissions,Social psychology,impression formation,"First impression, Impression formation, Variation of a central quality in impression formation",“Warm” vs. “Cold” person description produces differences of impression; “warm” person is perceived as more altruistic.(Altruistic vs. Self-centred),,,,,,"Pavlović, Zoran",45024.0,,,,0.529775633,0.521103983,166,183,"Asch, S. E. (1946). Forming impressions of personality. The Journal of
Abnormal and Social Psychology, 41(3), 258-290. http://dx.doi.org/10.1037/h0055756,
Experiment 1",10.1037/h0055756,"Asch, S. E. (1946). Forming impressions of personality. The Journal of Abnormal and Social Psychology, 41(3), 258-290. http://dx.doi.org/10.1037/h0055756",1.0,"Pavlović, Z. (2023, April 8). First impression replication study (Asch, 1945, Experiment 1). ",,"Pavlović, Z. (2023, April 8). First impression replication study (Asch, 1945, Experiment 1). ",,,,9.64,OR,9.16,OR,,,,,,,,,,,https://osf.io/74892/?view_only=3e6ed2d68e6a466bbc036089948c08e1,,0,"sosci_Pavlović,.2023",1,,0,0,,,,,https://osf.io/74892/?view_only=3e6ed2d68e6a466bbc036089948c08e1,,,,,,Success,,1.0,1.0,1.0,2.0,1.0,1.0,1.0,1.0,3.0,3.0,"In the original study Two groups, A and B, heard read a list of character-qualities – Group A heard the person described as ""warm""; Group B, as ""cold."" In this study the respondents read the list of “warm” or “cold” person qualities. 
 In the original study the respondents were instructed to select one quality/trait from each pair of 18 pairs in total. There were 17 pairs of traits in the replicated study.",,,0.410586943,0.631164543,0.406796952,0.619344622,,,,The Journal of Abnormal and Social Psychology,OS n.s.,NA - OS n.s.,,,,,,,,,,,,,,,,,1946,0.003136041,2.1468E-13,0.002915606,3.95037E-14,1,signal,consistent,signal - consistent,7.530486193,0.078326045
soscisubmission17,soscisubmission17,3.0,,1,"LK, LR",Individual submissions,Social psychology,impression formation,"First impression, Impression formation, Variation of a central quality in impression formation",“Warm” vs. “Cold” person description does not produce differences of impression in terms of the perceived restraint.(Talkative vs. Restrained),,,,,,"Pavlović, Zoran",45024.0,,,,0.251242163,0.51555751,166,183,"Asch, S. E. (1946). Forming impressions of personality. The Journal of
Abnormal and Social Psychology, 41(3), 258-290. http://dx.doi.org/10.1037/h0055756,
Experiment 1",10.1037/h0055756,"Asch, S. E. (1946). Forming impressions of personality. The Journal of Abnormal and Social Psychology, 41(3), 258-290. http://dx.doi.org/10.1037/h0055756",1.0,"Pavlović, Z. (2023, April 8). First impression replication study (Asch, 1945, Experiment 1). ",,"Pavlović, Z. (2023, April 8). First impression replication study (Asch, 1945, Experiment 1). ",,,,0.39,OR,8.87,OR,,,,,,,,,,,https://osf.io/74892/?view_only=3e6ed2d68e6a466bbc036089948c08e1,,0,"sosci_Pavlović,.2023",1,,0,0,,,,,https://osf.io/74892/?view_only=3e6ed2d68e6a466bbc036089948c08e1,,,,,,Success,,1.0,1.0,1.0,2.0,1.0,1.0,1.0,1.0,3.0,3.0,"In the original study Two groups, A and B, heard read a list of character-qualities – Group A heard the person described as ""warm""; Group B, as ""cold."" In this study the respondents read the list of “warm” or “cold” person qualities. 
 In the original study the respondents were instructed to select one quality/trait from each pair of 18 pairs in total. There were 17 pairs of traits in the replicated study.",,,0.102856951,0.388688712,0.400448413,0.614647703,,,,The Journal of Abnormal and Social Psychology,OS n.s.,NA - OS n.s.,,,,,,,,,,,,,,,,,1946,0.005319632,0.001094243,0.002961815,8.13059E-14,0.964785741,signal,"inconsistent, larger","signal - inconsistent, larger",3.277814236,0.078326045
soscisubmission17,soscisubmission17,3.0,,1,"LK, LR",Individual submissions,Social psychology,impression formation,"First impression, Impression formation, Variation of a central quality in impression formation",“Warm” vs. “Cold” person description does not produce differences of impression in terms of the perceived physical attractiveness. (Good-looking vs Unattractive),,,,,,"Pavlović, Zoran",45024.0,,,,0.112877921,0.086457179,166,183,"Asch, S. E. (1946). Forming impressions of personality. The Journal of
Abnormal and Social Psychology, 41(3), 258-290. http://dx.doi.org/10.1037/h0055756,
Experiment 1",10.1037/h0055756,"Asch, S. E. (1946). Forming impressions of personality. The Journal of Abnormal and Social Psychology, 41(3), 258-290. http://dx.doi.org/10.1037/h0055756",1.0,"Pavlović, Z. (2023, April 8). First impression replication study (Asch, 1945, Experiment 1). ",,"Pavlović, Z. (2023, April 8). First impression replication study (Asch, 1945, Experiment 1). ",,,,1.51,OR,1.37,OR,,,,,,,,,,,https://osf.io/74892/?view_only=3e6ed2d68e6a466bbc036089948c08e1,,0,"sosci_Pavlović,.2023",1,,0,0,,,,,https://osf.io/74892/?view_only=3e6ed2d68e6a466bbc036089948c08e1,,,,,,OS not significant,,1.0,1.0,1.0,2.0,1.0,1.0,1.0,1.0,3.0,3.0,"In the original study Two groups, A and B, heard read a list of character-qualities – Group A heard the person described as ""warm""; Group B, as ""cold."" In this study the respondents read the list of “warm” or “cold” person qualities. 
 In the original study the respondents were instructed to select one quality/trait from each pair of 18 pairs in total. There were 17 pairs of traits in the replicated study.",,,-0.04013363,0.260716731,-0.059343711,0.228646332,,,,The Journal of Abnormal and Social Psychology,OS n.s.,NA - OS n.s.,,,,,,,,,,,,,,,,,1946,0.005907148,0.147624672,0.005412671,0.244530458,0.452415034,no signal,OS not significant,no signal - OS not significant,1.44729672,0.078326045
soscisubmission17,soscisubmission17,3.0,,1,"LK, LR",Individual submissions,Social psychology,impression formation,"First impression, Impression formation, Variation of a central quality in impression formation",“Warm” vs. “Cold” person description produces differences of impression; “warm” person is perceived as more humane. (Humane vs. Ruthless),,,,,,"Pavlović, Zoran",45024.0,,,,0.572367893,0.245899775,166,183,"Asch, S. E. (1946). Forming impressions of personality. The Journal of
Abnormal and Social Psychology, 41(3), 258-290. http://dx.doi.org/10.1037/h0055756,
Experiment 1",10.1037/h0055756,"Asch, S. E. (1946). Forming impressions of personality. The Journal of Abnormal and Social Psychology, 41(3), 258-290. http://dx.doi.org/10.1037/h0055756",1.0,"Pavlović, Z. (2023, April 8). First impression replication study (Asch, 1945, Experiment 1). ",,"Pavlović, Z. (2023, April 8). First impression replication study (Asch, 1945, Experiment 1). ",,,,12.58,OR,2.51,OR,,,,,,,,,,,https://osf.io/74892/?view_only=3e6ed2d68e6a466bbc036089948c08e1,,0,"sosci_Pavlović,.2023",1,,0,0,,,,,https://osf.io/74892/?view_only=3e6ed2d68e6a466bbc036089948c08e1,,,,,,Success,,1.0,1.0,1.0,2.0,1.0,1.0,1.0,1.0,3.0,3.0,"In the original study Two groups, A and B, heard read a list of character-qualities – Group A heard the person described as ""warm""; Group B, as ""cold."" In this study the respondents read the list of “warm” or “cold” person qualities. 
 In the original study the respondents were instructed to select one quality/trait from each pair of 18 pairs in total. There were 17 pairs of traits in the replicated study.",,,0.460165422,0.666574782,0.104573188,0.377491529,,,,The Journal of Abnormal and Social Psychology,OS n.s.,NA - OS n.s.,,,,,,,,,,,,,,,,,1946,0.002740091,7.87358E-16,0.004850125,0.000792655,1,signal,"inconsistent, smaller","signal - inconsistent, smaller",8.31188853,0.078326045
soscisubmission17,soscisubmission17,3.0,,1,"LK, LR",Individual submissions,Social psychology,impression formation,"First impression, Impression formation, Variation of a central quality in impression formation",“Warm” vs. “Cold” person description does not produce differences of impression in terms of the perceived reliability. (Reliable vs. Unreliable),,,,,,"Pavlović, Zoran",45024.0,,,,0.385185018,0.181054267,166,183,"Asch, S. E. (1946). Forming impressions of personality. The Journal of
Abnormal and Social Psychology, 41(3), 258-290. http://dx.doi.org/10.1037/h0055756,
Experiment 1",10.1037/h0055756,"Asch, S. E. (1946). Forming impressions of personality. The Journal of Abnormal and Social Psychology, 41(3), 258-290. http://dx.doi.org/10.1037/h0055756",1.0,"Pavlović, Z. (2023, April 8). First impression replication study (Asch, 1945, Experiment 1). ",,"Pavlović, Z. (2023, April 8). First impression replication study (Asch, 1945, Experiment 1). ",,,,0.22,OR,1.95,OR,,,,,,,,,,,https://osf.io/74892/?view_only=3e6ed2d68e6a466bbc036089948c08e1,,0,"sosci_Pavlović,.2023",1,,0,0,,,,,https://osf.io/74892/?view_only=3e6ed2d68e6a466bbc036089948c08e1,,,,,,Success,,1.0,1.0,1.0,2.0,1.0,1.0,1.0,1.0,3.0,3.0,"In the original study Two groups, A and B, heard read a list of character-qualities – Group A heard the person described as ""warm""; Group B, as ""cold."" In this study the respondents read the list of “warm” or “cold” person qualities. 
 In the original study the respondents were instructed to select one quality/trait from each pair of 18 pairs in total. There were 17 pairs of traits in the replicated study.",,,0.247377645,0.507717728,0.036968526,0.317765404,,,,The Journal of Abnormal and Social Psychology,OS n.s.,NA - OS n.s.,,,,,,,,,,,,,,,,,1946,0.004395624,2.9851E-07,0.005140183,0.014175705,0.999932849,signal,"inconsistent, smaller","signal - inconsistent, smaller",5.185169357,0.078326045
soscisubmission17,soscisubmission17,3.0,,1,"LK, LR",Individual submissions,Social psychology,impression formation,"First impression, Impression formation, Variation of a central quality in impression formation",“Warm” vs. “Cold” person description produces differences of impression; “warm” person is perceived as more popular.(Popular vs. Unpopular),,,,,,"Pavlović, Zoran",45024.0,,,,0.587452577,0.503255096,166,183,"Asch, S. E. (1946). Forming impressions of personality. The Journal of
Abnormal and Social Psychology, 41(3), 258-290. http://dx.doi.org/10.1037/h0055756,
Experiment 1",10.1037/h0055756,"Asch, S. E. (1946). Forming impressions of personality. The Journal of Abnormal and Social Psychology, 41(3), 258-290. http://dx.doi.org/10.1037/h0055756",1.0,"Pavlović, Z. (2023, April 8). First impression replication study (Asch, 1945, Experiment 1). ",,"Pavlović, Z. (2023, April 8). First impression replication study (Asch, 1945, Experiment 1). ",,,,13.92,OR,8.27,OR,,,,,,,,,,,https://osf.io/74892/?view_only=3e6ed2d68e6a466bbc036089948c08e1,,0,"sosci_Pavlović,.2023",1,,0,0,,,,,https://osf.io/74892/?view_only=3e6ed2d68e6a466bbc036089948c08e1,,,,,,Success,,1.0,1.0,1.0,2.0,1.0,1.0,1.0,1.0,3.0,3.0,"In the original study Two groups, A and B, heard read a list of character-qualities – Group A heard the person described as ""warm""; Group B, as ""cold."" In this study the respondents read the list of “warm” or “cold” person qualities. 
 In the original study the respondents were instructed to select one quality/trait from each pair of 18 pairs in total. There were 17 pairs of traits in the replicated study.",,,0.477893804,0.679014717,0.386406299,0.604204515,,,,The Journal of Abnormal and Social Psychology,OS n.s.,NA - OS n.s.,,,,,,,,,,,,,,,,,1946,0.002599353,8.83836E-17,0.003063803,3.85041E-13,1,signal,consistent,signal - consistent,8.602085643,0.078326045
soscisubmission17,soscisubmission17,3.0,,1,"LK, LR",Individual submissions,Social psychology,impression formation,"First impression, Impression formation, Variation of a central quality in impression formation",“Warm” vs. “Cold” person description produces differences of impression; “warm” person is perceived as more sociable (Sociable vs. Unsociable).,,,,,,"Pavlović, Zoran",45024.0,,,,0.609638933,0.482584882,166,183,"Asch, S. E. (1946). Forming impressions of personality. The Journal of
Abnormal and Social Psychology, 41(3), 258-290. http://dx.doi.org/10.1037/h0055756,
Experiment 1",10.1037/h0055756,"Asch, S. E. (1946). Forming impressions of personality. The Journal of Abnormal and Social Psychology, 41(3), 258-290. http://dx.doi.org/10.1037/h0055756",1.0,"Pavlović, Z. (2023, April 8). First impression replication study (Asch, 1945, Experiment 1). ",,"Pavlović, Z. (2023, April 8). First impression replication study (Asch, 1945, Experiment 1). ",,,,16.28,OR,7.38,OR,,,,,,,,,,,https://osf.io/74892/?view_only=3e6ed2d68e6a466bbc036089948c08e1,,0,"sosci_Pavlović,.2023",1,,0,0,,,,,https://osf.io/74892/?view_only=3e6ed2d68e6a466bbc036089948c08e1,,,,,,Success,,1.0,1.0,1.0,2.0,1.0,1.0,1.0,1.0,3.0,3.0,"In the original study Two groups, A and B, heard read a list of character-qualities – Group A heard the person described as ""warm""; Group B, as ""cold."" In this study the respondents read the list of “warm” or “cold” person qualities. 
 In the original study the respondents were instructed to select one quality/trait from each pair of 18 pairs in total. There were 17 pairs of traits in the replicated study.",,,0.504131658,0.697216164,0.362934421,0.586579694,,,,The Journal of Abnormal and Social Psychology,OS n.s.,NA - OS n.s.,,,,,,,,,,,,,,,,,1946,0.002392798,2.86058E-18,0.0032333,4.58291E-12,1,signal,"inconsistent, smaller","signal - inconsistent, smaller",9.043562985,0.078326045
soscisubmission17,soscisubmission17,3.0,,1,"LK, LR",Individual submissions,Social psychology,impression formation,"First impression, Impression formation, Variation of a central quality in impression formation",“Warm” vs. “Cold” person description produces differences of impression; “warm” person is perceived as more humorous (Humorous vs. Humourless).,,,,,,"Pavlović, Zoran",45024.0,,,,0.643684735,0.196643381,166,183,"Asch, S. E. (1946). Forming impressions of personality. The Journal of
Abnormal and Social Psychology, 41(3), 258-290. http://dx.doi.org/10.1037/h0055756,
Experiment 1",10.1037/h0055756,"Asch, S. E. (1946). Forming impressions of personality. The Journal of Abnormal and Social Psychology, 41(3), 258-290. http://dx.doi.org/10.1037/h0055756",1.0,"Pavlović, Z. (2023, April 8). First impression replication study (Asch, 1945, Experiment 1). ",,"Pavlović, Z. (2023, April 8). First impression replication study (Asch, 1945, Experiment 1). ",,,,21.14,OR,2.07,OR,,,,,,,,,,,https://osf.io/74892/?view_only=3e6ed2d68e6a466bbc036089948c08e1,,0,"sosci_Pavlović,.2023",1,,0,0,,,,,https://osf.io/74892/?view_only=3e6ed2d68e6a466bbc036089948c08e1,,,,,,Success,,1.0,1.0,1.0,2.0,1.0,1.0,1.0,1.0,3.0,3.0,"In the original study Two groups, A and B, heard read a list of character-qualities – Group A heard the person described as ""warm""; Group B, as ""cold."" In this study the respondents read the list of “warm” or “cold” person qualities. 
 In the original study the respondents were instructed to select one quality/trait from each pair of 18 pairs in total. There were 17 pairs of traits in the replicated study.",,,0.544776996,0.724929097,0.053101419,0.332223543,,,,The Journal of Abnormal and Social Psychology,OS n.s.,NA - OS n.s.,,,,,,,,,,,,,,,,,1946,0.002078844,8.49379E-21,0.005077791,0.007630067,1,signal,"inconsistent, smaller","signal - inconsistent, smaller",9.759715785,0.078326045
soscisubmission17,soscisubmission17,3.0,,1,"LK, LR",Individual submissions,Social psychology,impression formation,"First impression, Impression formation, Variation of a central quality in impression formation",“Warm” vs. “Cold” person description produces differences of impression; “warm” person is perceived as more good-natured (Good-natured vs. Irritable),,,,,,"Pavlović, Zoran",45024.0,,,,0.768996672,0.380572587,166,183,"Asch, S. E. (1946). Forming impressions of personality. The Journal of
Abnormal and Social Psychology, 41(3), 258-290. http://dx.doi.org/10.1037/h0055756,
Experiment 1",10.1037/h0055756,"Asch, S. E. (1946). Forming impressions of personality. The Journal of Abnormal and Social Psychology, 41(3), 258-290. http://dx.doi.org/10.1037/h0055756",1.0,"Pavlović, Z. (2023, April 8). First impression replication study (Asch, 1945, Experiment 1). ",,"Pavlović, Z. (2023, April 8). First impression replication study (Asch, 1945, Experiment 1). ",,,,78.56,OR,4.45,OR,,,,,,,,,,,https://osf.io/74892/?view_only=3e6ed2d68e6a466bbc036089948c08e1,,0,"sosci_Pavlović,.2023",1,,0,0,,,,,https://osf.io/74892/?view_only=3e6ed2d68e6a466bbc036089948c08e1,,,,,,Success,,1.0,1.0,1.0,2.0,1.0,1.0,1.0,1.0,3.0,3.0,"In the original study Two groups, A and B, heard read a list of character-qualities – Group A heard the person described as ""warm""; Group B, as ""cold."" In this study the respondents read the list of “warm” or “cold” person qualities. 
 In the original study the respondents were instructed to select one quality/trait from each pair of 18 pairs in total. There were 17 pairs of traits in the replicated study.",,,0.69849295,0.824715364,0.24927718,0.498130167,,,,The Journal of Abnormal and Social Psychology,OS n.s.,NA - OS n.s.,,,,,,,,,,,,,,,,,1946,0.001012061,1.08756E-33,0.004018167,1.07033E-07,1,signal,"inconsistent, smaller","signal - inconsistent, smaller",12.99526673,0.078326045
soscisubmission17,soscisubmission17,3.0,,1,"LK, LR",Individual submissions,Social psychology,impression formation,"First impression, Impression formation, Variation of a central quality in impression formation",“Warm” vs. “Cold” person description produces differences of impression; “warm” person is perceived as happier (Happy vs. Unhappy),,,,,,"Pavlović, Zoran",45024.0,,,,0.614972356,0.319652218,166,183,"Asch, S. E. (1946). Forming impressions of personality. The Journal of
Abnormal and Social Psychology, 41(3), 258-290. http://dx.doi.org/10.1037/h0055756,
Experiment 1",10.1037/h0055756,"Asch, S. E. (1946). Forming impressions of personality. The Journal of Abnormal and Social Psychology, 41(3), 258-290. http://dx.doi.org/10.1037/h0055756",1.0,"Pavlović, Z. (2023, April 8). First impression replication study (Asch, 1945, Experiment 1). ",,"Pavlović, Z. (2023, April 8). First impression replication study (Asch, 1945, Experiment 1). ",,,,16.93,OR,3.4,OR,,,,,,,,,,,https://osf.io/74892/?view_only=3e6ed2d68e6a466bbc036089948c08e1,,0,"sosci_Pavlović,.2023",1,,0,0,,,,,https://osf.io/74892/?view_only=3e6ed2d68e6a466bbc036089948c08e1,,,,,,Success,,1.0,1.0,1.0,2.0,1.0,1.0,1.0,1.0,3.0,3.0,"In the original study Two groups, A and B, heard read a list of character-qualities – Group A heard the person described as ""warm""; Group B, as ""cold."" In this study the respondents read the list of “warm” or “cold” person qualities. 
 In the original study the respondents were instructed to select one quality/trait from each pair of 18 pairs in total. There were 17 pairs of traits in the replicated study.",,,0.510468203,0.701574876,0.183084785,0.444116228,,,,The Journal of Abnormal and Social Psychology,OS n.s.,NA - OS n.s.,,,,,,,,,,,,,,,,,1946,0.002343312,1.20413E-18,0.004429039,1.02977E-05,1,signal,"inconsistent, smaller","signal - inconsistent, smaller",9.152498289,0.078326045
soscisubmission17,soscisubmission17,3.0,,1,"LK, LR",Individual submissions,Social psychology,impression formation,"First impression, Impression formation, Variation of a central quality in impression formation",“Warm” vs. “Cold” person description produces differences of impression; “warm” person is perceived as wiser.,,,,,,"Pavlović, Zoran",45024.0,,,,0.430431681,0.161414322,166,183,"Asch, S. E. (1946). Forming impressions of personality. The Journal of
Abnormal and Social Psychology, 41(3), 258-290. http://dx.doi.org/10.1037/h0055756,
Experiment 1",10.1037/h0055756,"Asch, S. E. (1946). Forming impressions of personality. The Journal of Abnormal and Social Psychology, 41(3), 258-290. http://dx.doi.org/10.1037/h0055756",1.0,"Pavlović, Z. (2023, April 8). First impression replication study (Asch, 1945, Experiment 1). ",,"Pavlović, Z. (2023, April 8). First impression replication study (Asch, 1945, Experiment 1). ",,,,5.64,OR,1.81,OR,,,,,,,,,,,https://osf.io/74892/?view_only=3e6ed2d68e6a466bbc036089948c08e1,,0,"sosci_Pavlović,.2023",1,,0,0,,,,,https://osf.io/74892/?view_only=3e6ed2d68e6a466bbc036089948c08e1,,,,,,Success,,1.0,1.0,1.0,2.0,1.0,1.0,1.0,1.0,3.0,3.0,"In the original study Two groups, A and B, heard read a list of character-qualities – Group A heard the person described as ""warm""; Group B, as ""cold."" In this study the respondents read the list of “warm” or “cold” person qualities. 
 In the original study the respondents were instructed to select one quality/trait from each pair of 18 pairs in total. There were 17 pairs of traits in the replicated study.",,,0.297623569,0.546896465,0.016749858,0.299459364,,,,The Journal of Abnormal and Social Psychology,OS n.s.,NA - OS n.s.,,,,,,,,,,,,,,,,,1946,0.004022925,7.11505E-09,0.005211921,0.029039834,0.999997299,signal,"inconsistent, smaller","signal - inconsistent, smaller",5.878330859,0.078326045
soscisubmission17,soscisubmission17,3.0,,1,"LK, LR",Individual submissions,Social psychology,impression formation,"First impression, Impression formation, Variation of a central quality in impression formation",“Warm” vs. “Cold” person description produces differences of impression; “warm” person is perceived as more generous (Generous vs. Ungenerous),,,,,,"Pavlović, Zoran",45024.0,,,,0.792636916,0.637887868,166,183,"Asch, S. E. (1946). Forming impressions of personality. The Journal of
Abnormal and Social Psychology, 41(3), 258-290. http://dx.doi.org/10.1037/h0055756,
Experiment 1",10.1037/h0055756,"Asch, S. E. (1946). Forming impressions of personality. The Journal of Abnormal and Social Psychology, 41(3), 258-290. http://dx.doi.org/10.1037/h0055756",1.0,"Pavlović, Z. (2023, April 8). First impression replication study (Asch, 1945, Experiment 1). ",,"Pavlović, Z. (2023, April 8). First impression replication study (Asch, 1945, Experiment 1). ",,,,111.73,OR,20.18,OR,,,,,,,,,,,https://osf.io/74892/?view_only=3e6ed2d68e6a466bbc036089948c08e1,,0,"sosci_Pavlović,.2023",1,,0,0,,,,,https://osf.io/74892/?view_only=3e6ed2d68e6a466bbc036089948c08e1,,,,,,Success,,1.0,1.0,1.0,2.0,1.0,1.0,1.0,1.0,3.0,3.0,"In the original study Two groups, A and B, heard read a list of character-qualities – Group A heard the person described as ""warm""; Group B, as ""cold."" In this study the respondents read the list of “warm” or “cold” person qualities. 
 In the original study the respondents were instructed to select one quality/trait from each pair of 18 pairs in total. There were 17 pairs of traits in the replicated study.",,,0.728239931,0.843159065,0.543082583,0.716634423,,,,The Journal of Abnormal and Social Psychology,OS n.s.,NA - OS n.s.,,,,,,,,,,,,,,,,,1946,0.000837459,4.48329E-37,0.001932783,2.70631E-22,1,signal,"inconsistent, smaller","signal - inconsistent, smaller",13.76918537,0.078326045
Boyce_etal20234,,2.0,,1,Veronica Boyce,Boyce_etal2023,Psychology,,,Self-perceived expertise predicts claims of impossible knowledge,,,,,subfield: social,LR,45429.0,,,,0.677807473,0.650284549,202,53,"Atir, S., Rosenzweig, E., & Dunning, D. (2015). When knowledge knows no
bounds: Self-perceived expertise predicts claims of impossible knowledge.
Psychological Science, 26(8), 1295-1303.",10.1177/0956797615588195,"Atir, S., Rosenzweig, E., & Dunning, D. (2015). When knowledge knows no bounds: Self-perceived expertise predicts claims of impossible knowledge. Psychological Science, 26(8), 1295-1303.",1b,"Boyce, V., Mathur, M., & Frank, M. C. (2023). Eleven years of student replication projects provide evidence on the correlates of replicability in psychology. Royal Society Open Science, 10(11), 231240. https://doi.org/10.1098/rsos.231240",10.1098/rsos.231243,"Boyce, V., Mathur, M., & Frank, M. C. (2023). Eleven years of student replication projects provide evidence on the correlates of replicability in psychology. Royal Society Open Science, 10(11), 231240. https://doi.org/10.1098/rsos.231240",,,,1.84377344,d,1.711971789,d,,,,,,,,,,,https://osf.io/xwn9m/,,2,,,0.0,,0,,,t(199)=13.07,t(49)=6.112962,,,,,,,Success,,,,,,,,,,,,close,,,0.595476389,0.746049161,0.461023942,0.782959264,,,,,,,,,,,,,,,,,,,,,,,2015,0.001453848,1.59603E-28,0.006405366,1.36407E-07,0.999988629,signal,consistent,signal - consistent,11.63871926,0.070888121
Boyce_etal20235,,2.0,,1,Veronica Boyce,Boyce_etal2023,Psychology,,,Seeking confirmation is rational for deterministic hypotheses,,,,,subfield: cognitive,LR,45429.0,,,,0.48438017,-0.01591,25,50,"Austerweil, J. L., & Griffiths, T. L. (2011). Seeking confirmation is rational
for deterministic hypotheses. Cognitive Science, 35(3), 499-526.",10.01161.x,"Austerweil, J. L., & Griffiths, T. L. (2011). Seeking confirmation is rational for deterministic hypotheses. Cognitive Science, 35(3), 499-526.",4.0,"Boyce, V., Mathur, M., & Frank, M. C. (2023). Eleven years of student replication projects provide evidence on the correlates of replicability in psychology. Royal Society Open Science, 10(11), 231240. https://doi.org/10.1098/rsos.231240",10.1098/rsos.231244,"Boyce, V., Mathur, M., & Frank, M. C. (2023). Eleven years of student replication projects provide evidence on the correlates of replicability in psychology. Royal Society Open Science, 10(11), 231240. https://doi.org/10.1098/rsos.231240",,,,,,,,,,,,,,,,,,https://osf.io/xwn9m/,,2,,,0.0,,0,,,,,,,,,,,Failure,,,,,,,,,,,,very close,,,0.11037418,0.738220425,-0.29296034,0.263605097,,,,,,,,,,,,,,,,,,,,,,,2011,0.024408341,0.014139099,0.020397833,0.912677361,0.97802396,no signal,inconsistent,no signal - inconsistent,2.479782568,0.213200716
Camereretal2018_2,,2.0,,1,LKasseckert,SSRP,Psychology,,"Social Science Replication Project, Science, Nature, Human Behavior","Body cues, not facial expressions, discriminate between intense positive and negative emotions",,,,,Effect sizes available here: https://osf.io/7286p,Lukas Röseler,45384.0,,,,0.961380601,0.828870177,15,14,"Aviezer, H., Trope, Y., & Todorov, A. (2012). Body cues, not facial expressions,
discriminate between intense positive and negative emotions. Science, 338(6111),
1225-1229.",10.1126/science.1224313,"Aviezer, H., Trope, Y., & Todorov, A. (2012). Body cues, not facial expressions, discriminate between intense positive and negative emotions. Science, 338(6111), 1225-1229. https://doi.org/10.1126/science.1224313",,"Camerer, C. F., Dreber, A., Holzmeister, F., Ho, T. H., Huber, J., Johannesson, M., ... & Wu, H. (2018). Evaluating the replicability of social science experiments in Nature and Science between 2010 and 2015. Nature human behaviour, 2(9), 637-644.",10.1038/s41562-018-0399-z,"Camerer, C. F., Dreber, A., Holzmeister, F., Ho, T. H., Huber, J., Johannesson, M., ... & Wu, H. (2018). Evaluating the replicability of social science experiments in Nature and Science between 2010 and 2015. Nature human behaviour, 2(9), 637-644.",,,,,,,,,,,,,,,,,,https://osf.io/pfdyw/,,2,Camereretal2018_2,,,,,,,,,,,,,,,Success,https://osf.io/fqaqd,,,,,,,,,,,,,,0.884925458,0.987379314,0.532454191,0.94420553,,,,Science,,,,,,,,,,,,,,,,,,,2012,0.000409833,1.16754E-08,0.007534836,0.000248096,0.999999709,signal,"inconsistent, smaller","signal - inconsistent, smaller",6.80288793,0.288675135
osc201543,osc201543,2.0,,1,CD,OSC 2015,,,"Adult, Character, Culture, Defense Mechanisms, Female, Humans, Imagination, Judgment, Male, Morals, Prejudice, Rejection (Psychology), Self Concept, Social Conformity, Social Desirability, Social Perception, Social Responsibility",The rejection of moral rebels: Resenting those who do the right thing.,,,,,only contact author listed as contributor,Holubar,44927.0,,,,0.347251138,0.161063754,67,75,"B Monin, PJ Sawyer, MJ Marquez (2008). The rejection of moral rebels: resenting
those who do the right thing. Journal of Personality and Social Psychology,
95.1: 76-93.",10.1037/0022-3514.95.1.76,"B Monin, PJ Sawyer, MJ Marquez (2008). The rejection of moral rebels: resenting those who do the right thing. Journal of Personality and Social Psychology, 95.1: 76-93. https://doi.org/10.1037/0022-3514.95.1.76",,"Frank, M. C., & Holubar, T. (2023, September 28). Replication of Monin, Sawyer, & Marquez (2008, JPSP 95(1), Exp. 4). Retrieved from osf.io/pz0my",10.1126/science.aac4716,"Open Science Collaboration. (2015). Estimating the reproducibility of psychological science. Science, 349(6251), aac4716. https://doi.org/10.1126/science.aac4716","Frank, M. C., & Holubar, T. (2023, September 28). Replication of Monin, Sawyer, & Marquez (2008, JPSP 95(1), Exp. 4). Retrieved from osf.io/pz0my",,,,,,,,,,,,,,,,,https://osf.io/pz0my/,,,,,,,,,,,,,,,,,,Failure,,,,,,,,,,,,,,,0.116783767,0.542230815,-0.068398418,0.374341426,1,0,0.926,Journal of Personality and Social Psychology,,,,,,,,,,,,,,,,,,,2008,0.011717782,0.003988682,0.012821485,0.167446104,0.926472588,no signal,consistent,no signal - consistent,2.898516549,0.125
Camereretal2018_3,,2.0,,1,LKasseckert,SSRP,Psychology,,"Social Science Replication Project, Science, Nature, Human Behavior",Affirmative action policies promote women and do not harm effciency ,,,,,Effect sizes available here: https://osf.io/7286p,Lukas Röseler,45384.0,,,,0.277889222,0.146417424,72,243,"Balafoutas, L., & Sutter, M. (2012). Affirmative action policies promote
women and do not harm efficiency in the laboratory. Science, 335(6068),
579-582.",10.1126/science.1211180,"Balafoutas, L., & Sutter, M. (2012). Affirmative action policies promote women and do not harm efficiency in the laboratory. Science, 335(6068), 579-582. https://doi.org/10.1126/science.1211180",,"Camerer, C. F., Dreber, A., Holzmeister, F., Ho, T. H., Huber, J., Johannesson, M., ... & Wu, H. (2018). Evaluating the replicability of social science experiments in Nature and Science between 2010 and 2015. Nature human behaviour, 2(9), 637-644.",10.1038/s41562-018-0399-z,"Camerer, C. F., Dreber, A., Holzmeister, F., Ho, T. H., Huber, J., Johannesson, M., ... & Wu, H. (2018). Evaluating the replicability of social science experiments in Nature and Science between 2010 and 2015. Nature human behaviour, 2(9), 637-644.",,,,,,,,,,,,,,,,,,https://osf.io/pfdyw/,,2,Camereretal2018_3,,,,,,,,,,,,,,,Success,https://osf.io/cthhj,,,,,,,,,,,,,,0.049401013,0.478737521,0.020959193,0.267335962,,,,Science,,,,,,,,,,,,,,,,,,,2012,0.011993218,0.018105385,0.003956956,0.022432119,0.997327793,signal,"inconsistent, smaller","signal - inconsistent, smaller",2.370653929,0.120385853
Boyce_etal20236,,2.0,,1,Veronica Boyce,Boyce_etal2023,Psychology,,,texture representations in the human visual system,,,,,subfield: cognitive,LR,45429.0,,,,0.19941411,0.02530924,8,315,"Balas, B. J. (2006). Texture synthesis and perception: Using computational
models to study texture representations in the human visual system. Vision
research, 46(3), 299-309.",10.1016/j.visres.2005.04.013,"Balas, B. J. (2006). Texture synthesis and perception: Using computational models to study texture representations in the human visual system. Vision research, 46(3), 299-309.",1.0,"Boyce, V., Mathur, M., & Frank, M. C. (2023). Eleven years of student replication projects provide evidence on the correlates of replicability in psychology. Royal Society Open Science, 10(11), 231240. https://doi.org/10.1098/rsos.231240",10.1098/rsos.231245,"Boyce, V., Mathur, M., & Frank, M. C. (2023). Eleven years of student replication projects provide evidence on the correlates of replicability in psychology. Royal Society Open Science, 10(11), 231240. https://doi.org/10.1098/rsos.231240",,,,,,,,,,,,,,,,,,https://osf.io/xwn9m/,,2,,,1.0,,0,,,,,,,,,,,OS not significant,,,,,,,,,,,,close,,,-0.587866887,0.792696026,-0.085437662,0.13543838,,,,,,,,,,,,,,,,,,,,,,,2006,0.131721337,0.635892665,0.003180635,0.654528266,0.973263402,no signal,OS not significant,no signal - OS not significant,0.451959262,0.447213595
osc2015109,osc2015109,2.0,,1,CD,OSC 2015,,,"Attention, Child, Preschool, Female, Generalization (Psychology), Humans, Language Development, Male, Mental Recall, Reaction Time, Retention (Psychology), Semantics, Serial Learning, Speech Perception",Stored word sequences in language learning,,,,,only contact author listed as contributor,,44927.0,,,,0.403632537,,20,,"Bannard, C., & Matthews, D. (2008). Stored word sequences in language learning:
The effect of familiarity on children's repetition of four-word combinations.
Psychological science, 19(3), 241-248.",10.1111/j.1467-9280.2008.02075.x,"Bannard, C., & Matthews, D. (2008). Stored word sequences in language learning: The effect of familiarity on children's repetition of four-word combinations. Psychological science, 19(3), 241-248. https://doi.org/10.1111/j.1467-9280.2008.02075.x",,,10.1126/science.aac4716,"Open Science Collaboration. (2015). Estimating the reproducibility of psychological science. Science, 349(6251), aac4716. https://doi.org/10.1126/science.aac4716",,,,,,,,,,,,,,,,,,,,,,,,,,,,,,,,,,,,OS not significant,,,,,,,,,,,,,,,-0.047344768,0.717921251,,,0,,,Psychological Science,,,,,,,,,,,,,,,,,,,2008,0.03687917,0.07758924,,,,,OS not significant,NA - OS not significant,1.764610454,0.242535625
osc201524,osc201524,2.0,,1,CD,OSC 2015,,,"Adult, Attention, Female, Humans, Male, Mathematics, Mental Recall, Paired-Associate Learning, Problem Solving, Reaction Time, Semantics",Priming addition facts with semantic relations.,,,,,only contact author listed as contributor,Hung,44927.0,,,,0.363732358,0.284274426,154,49,"Bassok, M., Pedigo, S.F., & Oskarsson, A.T (2008). Priming Addition Facts
with Semantic Relations. Journal of Experimental Psychology: Learning,
Memory, and Cognition, 34, 343-352.",10.1037/0278-7393.34.2.343,"Bassok, M., Pedigo, S.F., & Oskarsson, A.T (2008). Priming Addition Facts with Semantic Relations. Journal of Experimental Psychology: Learning, Memory, and Cognition, 34, 343-352. https://doi.org/10.1037/0278-7393.34.2.343",,"Hung, C. O., Lin, L., & Tsang, S. (2023, September 28). Replication of M Bassok, SF Pedigo, AT Oskarsson (2008, JEPLMC, Study 1). Retrieved from osf.io/sqim7",10.1126/science.aac4716,"Open Science Collaboration. (2015). Estimating the reproducibility of psychological science. Science, 349(6251), aac4716. https://doi.org/10.1126/science.aac4716","Hung, C. O., Lin, L., & Tsang, S. (2023, September 28). Replication of M Bassok, SF Pedigo, AT Oskarsson (2008, JEPLMC, Study 1). Retrieved from osf.io/sqim7",,,,,,,,,,,,,,,,,https://osf.io/sqim7/,,,,,,,,,,,,,,,,,,Success,,,,,,,,,,,,,,,0.218119715,0.493502725,0.00334525,0.523614815,1,1,0.833,Journal of Experimental Psychology,,,,,,,,,,,,,,,,,,,2008,0.004920923,3.53751E-06,0.017602222,0.047748274,0.833265834,signal,consistent,signal - consistent,4.684026278,0.081378846
Manylabs2_19,,2.0,,1,LKasseckert,ML2,Psychology,,Many Labs 2,Consumerism undermines trust,,,,,,Lukas Röseler,45384.0,,,,0.398893759,0.059892291,77,6608,"Bauer, M. A., Wilkie, J. E., Kim, J. K., & Bodenhausen, G. V. (2012). Cuing
consumerism: Situational materialism undermines personal and social well-being.
Psychological Science, 23, 517–523. doi:10.1177/0956797611429579 Study
4",10.1177/0956797611429579,"Bauer, M. A., Wilkie, J. E., Kim, J. K., & Bodenhausen, G. V. (2012). Cuing consumerism: Situational materialism undermines personal and social well-being. Psychological Science, 23, 517–523. doi:10.1177/0956797611429579",4.0,"Klein, R. A., Vianello, M., Hasselman, F., Adams, B. G., Adams Jr, R. B., Alper, S., ... & Sowden, W. (2018). Many Labs 2: Investigating variation in replicability across samples and settings. Advances in Methods and Practices in Psychological Science, 1(4), 443-490.",10.1177/2515245918810225,"Klein, R. A., Vianello, M., Hasselman, F., Adams, B. G., Adams Jr, R. B., Alper, S., ... & Sowden, W. (2018). Many Labs 2: Investigating variation in replicability across samples and settings. Advances in Methods and Practices in Psychological Science, 1(4), 443-490. https://doi.org/10.1177/2515245918810225",,,,0.87,d,0.12,d,,,,,,,,,,,https://osf.io/8cd4r/,,2,manylabs2,,,1,,,,,,,,,,,,Success,,,,,,,,,,,,,,,0.192075691,0.571786992,0.035832355,0.083882837,,,,Psychological Science,,,,,,,,,,,,,,,,,,,2012,0.009303757,0.00032639,0.000150271,1.10433E-06,1,signal,"inconsistent, smaller","signal - inconsistent, smaller",3.633042994,0.116247639
osc20157,osc20157,2.0,,1,LK,OSC 2015,,,"Attention, Humans, Individuality, Memory, Short-Term, Models, Statistical, Phonetics, Psychomotor Performance, Semantics, Serial Learning, Verbal Learning",Modeling distributions of immediate memory effects: No strategies needed?,,,,,only contact author listed as contributor,Kleinberg,44927.0,,,,0.715143728,0.131411981,100,15,"Beaman, C.P., Neath, I., & Suprenant, A.M. (2008). Modeling Distributions
of Immediate Memory Effects: No Strategies Needed? Journal of Experimental
Psychology: LMC, 34 (1), 219 - 239.",10.1037/0278-7393.34.1.219,"Beaman, C.P., Neath, I., & Suprenant, A.M. (2008). Modeling Distributions of Immediate Memory Effects: No Strategies Needed? Journal of Experimental Psychology: LMC, 34 (1), 219 - 239. https://doi.org/10.1037/0278-7393.34.1.219",,"Kleinberg, B., & Kunkels, Y. K. (2023, September 28). Replication of Beaman, Neath, & Suprenant (2008, JEP:LMC, Experiment 2). Retrieved from osf.io/6n3bm",10.1126/science.aac4716,"Open Science Collaboration. (2015). Estimating the reproducibility of psychological science. Science, 349(6251), aac4716. https://doi.org/10.1126/science.aac4716","Kleinberg, B., & Kunkels, Y. K. (2023, September 28). Replication of Beaman, Neath, & Suprenant (2008, JEP:LMC, Experiment 2). Retrieved from osf.io/6n3bm",,,,,,,,,,,,,,,,,https://osf.io/6n3bm/,,1,,,,,,,,,,,,,,,,Failure,,,,,,,,,,,,,,,0.603497157,0.799288097,-0.408339229,0.603077191,1,0,0.94,Journal of Experimental Psychology,,,,,,,,,,,,,,,,,,,2008,0.002411112,6.37028E-17,0.068982857,0.640617351,0.940432581,no signal,inconsistent,no signal - inconsistent,8.840666759,0.101534617
Boyce_etal20237,,2.0,,1,Veronica Boyce,Boyce_etal2023,Psychology,,,Using high-level construal and perceptions of changeability to promote self-change over self-protection motives in response to negative feedback,,,,,subfield: social,LR,45429.0,,,,0.35200515,0.15083604,327,292,"Belding, J. N., Naufel, K. Z., & Fujita, K. (2015). Using high-level construal
and perceptions of changeability to promote self-change over self-protection
motives in response to negative feedback. Personality and Social Psychology
Bulletin, 41(6), 822-838.",10.1177/0146167215580776,"Belding, J. N., Naufel, K. Z., & Fujita, K. (2015). Using high-level construal and perceptions of changeability to promote self-change over self-protection motives in response to negative feedback. Personality and Social Psychology Bulletin, 41(6), 822-838.",3A,"Boyce, V., Mathur, M., & Frank, M. C. (2023). Eleven years of student replication projects provide evidence on the correlates of replicability in psychology. Royal Society Open Science, 10(11), 231240. https://doi.org/10.1098/rsos.231240",10.1098/rsos.231246,"Boyce, V., Mathur, M., & Frank, M. C. (2023). Eleven years of student replication projects provide evidence on the correlates of replicability in psychology. Royal Society Open Science, 10(11), 231240. https://doi.org/10.1098/rsos.231240",,,,,,,,,,,,,,,,,,https://osf.io/xwn9m/,,2,,,0.0,,0,,,"MSD2: m1=3.95 (1.55), m2=3.51 (1.74)","MSE2: m1=4.28 (.207), m2=4.14 (.215)",,,,,,,Success,,,,,,,,,,,,close,,,0.253213754,0.443530631,0.036687357,0.261099355,,,,,,,,,,,,,,,,,,,,,,,2015,0.002354411,5.68252E-11,0.003281837,0.009845286,0.999998053,signal,"inconsistent, smaller","signal - inconsistent, smaller",6.619151853,0.055555556
ms634,ms634,2.0,,1,LR,OSF Registries,,,,Recognition performance for faces categorised as belonging to in-group members will be better relative to out-group member faces.,,,,,,"Elizabeth Fuller, Kay Ritchie",44927.0,,,,0.1961161,0.01699754,60,96,"Bernstein, M. J., Young, S. G., & Hugenberg, K. (2007). The cross-category
effect: Mere social categorization is sufficient to elicit an own-group
bias in face recognition. Psychological Science, 18(8), 706-712. Study
1",10.1111/j.1467-9280.2007.01964.x,"Bernstein, M. J., Young, S. G., & Hugenberg, K. (2007). The cross-category effect: Mere social categorization is sufficient to elicit an own-group bias in face recognition. Psychological Science, 18(8), 706-712. Study 1 https://doi.org/10.1111/j.1467-9280.2007.01964.x",1.0,"Fuller, E., & Ritchie, K. L. (2019, December 16). Face recognition bias for in-group members. https://doi.org/10.17605/OSF.IO/MS634",10.17605/OSF.IO/MS634,"Fuller, E., & Ritchie, K. L. (2019, December 16). Face recognition bias for in-group members. https://doi.org/10.17605/OSF.IO/MS634",,,,,,,,,,,,,,,,,,https://www.osf.io/ms634,,,,,,,,,,,,,,,,,,OS not significant,https://www.osf.io/ms634,,,,,,,,,,,,,,-0.060838271,0.428692465,-0.184115829,0.216744868,0,0,0.611,Psychological Science,,,,,,,,,,,,,,,,,,,2007,0.015670445,0.13315425,0.010520234,0.869438739,0.610900163,no signal,OS not significant,no signal - OS not significant,1.500077161,0.132453236
cy89g,cy89g,2.0,,1,LR,OSF Registries,,,,Recognition performance for faces categorised as belonging to in-group members will be better relative to out-group member faces.,,,,,,"Elizabeth Fuller, Kay Ritchie",44927.0,,,,0.1961161,0.1434993,60,40,"Bernstein, M. J., Young, S. G., & Hugenberg, K. (2007). The cross-category
effect: Mere social categorization is sufficient to elicit an own-group
bias in face recognition. Psychological Science, 18(8), 706-712. Study
1",10.1111/j.1467-9280.2007.01964.x,"Bernstein, M. J., Young, S. G., & Hugenberg, K. (2007). The cross-category effect: Mere social categorization is sufficient to elicit an own-group bias in face recognition. Psychological Science, 18(8), 706-712. Study 1 https://doi.org/10.1111/j.1467-9280.2007.01964.x",1.0,"Fuller, E., & Ritchie, K. L. (2019, February 22). Face recognition bias for in-group members. https://doi.org/10.17605/OSF.IO/CY89G",10.17605/OSF.IO/CY89G,"Fuller, E., & Ritchie, K. L. (2019, February 22). Face recognition bias for in-group members. https://doi.org/10.17605/OSF.IO/CY89G",,,,,,,,,,,,,,,,,,https://www.osf.io/cy89g,,,,,,,,,,,,,,,,,,OS not significant,https://www.osf.io/cy89g,,,,,,,,,,,,,,-0.060838271,0.428692465,-0.175871758,0.435539438,0,0,0.337,Psychological Science,,,,,,,,,,,,,,,,,,,2007,0.015670445,0.13315425,0.024595896,0.377033913,0.337362224,no signal,OS not significant,no signal - OS not significant,1.500077161,0.132453236
osc20156,osc20156,2.0,,1,LK,OSC 2015,,,"Adult, Attention, Cues, Decision Making, Female, Humans, Judgment, Male, Memory, Short-Term, Models, Statistical, Psychomotor Performance, Reaction Time, Reading, Retention (Psychology), Serial Learning, Signal Detection, Psychological, Speech, Verbal Learning","A single-system account of the relationship between priming, recognition, and fluency.",,,,,only contact author listed as contributor,Meixner,44927.0,,,,0.594960462,0.395843475,24,32,"Berry, C.J., Shanks, D.R., & Henson, R.N. A single-system account of the
relationship between priming, recognition, and fluency. Journal of Experimental
Psychology: Learning, Memory, and Cognition, 34(1), 97-111.",10.1037/0278-7393.34.1.97,"Berry, C.J., Shanks, D.R., & Henson, R.N. A single-system account of the relationship between priming, recognition, and fluency. Journal of Experimental Psychology: Learning, Memory, and Cognition, 34(1), 97-111. https://doi.org/10.1037/0278-7393.34.1.97",,"Meixner, J. M., & Brüning, J. (2023, September 28). Replication of CJ Berry, DR Shanks, RN Henson (2008, JEPLMC 34(1), Exp 1). Retrieved from osf.io/atgp5",10.1126/science.aac4716,"Open Science Collaboration. (2015). Estimating the reproducibility of psychological science. Science, 349(6251), aac4716. https://doi.org/10.1126/science.aac4716","Meixner, J. M., & Brüning, J. (2023, September 28). Replication of CJ Berry, DR Shanks, RN Henson (2008, JEPLMC 34(1), Exp 1). Retrieved from osf.io/atgp5",,,,,,,,,,,,,,,,,https://osf.io/atgp5/,,1,,,,,,,,,,,,,,,,Success,,,,,,,,,,,,,,,0.252059258,0.805123445,0.054699593,0.654234599,1,1,0.982,Journal of Experimental Psychology,,,,,,,,,,,,,,,,,,,,0.018145412,0.002164798,0.022940912,0.024920361,0.982094348,signal,consistent,signal - consistent,3.140483894,0.21821789
soscisubmission8,soscisubmission8,2.0,,1,LK,Individual submissions,Social psychology,growth mindset,"Intelligence-mindset, Educational attainment, Growth mindset, Challenging transitions",Growth mindset is associated with the change of grades in a challenging educational transition.,,,,,,"Lou, Nigel Mantou",45016.0,,provided effect size is standardized beta and treated as a correlation. Preregistration Link was false. There is no preregistration,,0.17,-0.05,373,586,"Blackwell, L. S., Trzesniewski, K. H., & Dweck, C. S. (2007). Implicit
theories of intelligence predict achievement across an adolescent transition:
A longitudinal study and an intervention. Child development, 78(1), 246-263.
https://doi.org/10.1111/j.1467-8624.2007.00995.x Study 1",10.1111/j.1467-8624.2007.00995.x,"Blackwell, L. S., Trzesniewski, K. H., & Dweck, C. S. (2007). Implicit theories of intelligence predict achievement across an adolescent transition: A longitudinal study and an intervention. Child development, 78(1), 246-263. https://doi.org/10.1111/j.1467-8624.2007.00995.x",1.0,"Li, Y., & Bates, T. C. (2020). Testing the association of growth mindset and grades across a challenging transition: Is growth mindset associated with grades? Intelligence, 81, 101471. (Study 2)",10.1016/j.intell.2020.101471,"Li, Y., & Bates, T. C. (2020). Testing the association of growth mindset and grades across a challenging transition: Is growth mindset associated with grades? Intelligence, 81, 101471. https://doi.org/10.1016/j.intell.2020.101471",2.0,,,,,,,,,,,,,,,,,,,2,sosci_5,1,,1,0,,,,,See table 1 in https://www.sciencedirect.com/science/article/pii/S0160289620300490#bb0020,,,,,,Failure,,,,,,,,,,,,See table 1 here: https://www.sciencedirect.com/science/article/pii/S0160289620300490#bb0020,,,0.069659983,0.266934617,-0.130467232,0.031121632,,,,Intelligence,,,,,,,,,,,,,,,,,,,2007,0.002535041,0.000979847,0.001700865,0.226838292,0.993854609,no signal,inconsistent,no signal - inconsistent,3.302074203,0.051987524
Boyce_etal202310,,2.0,,1,Veronica Boyce,Boyce_etal2023,Psychology,,,Modulation of emotion by cognition and cognition by emotion,,,,,subfield: cognitive,LR,45429.0,,,,0.39091126,0.03544096,22,40,"Blair, K. S., Smith, B. W., Mitchell, D. G., Morton, J., Vythilingam, M.,
Pessoa, L., ... & Blair, R. J. R. (2007). Modulation of emotion by cognition
and cognition by emotion. Neuroimage, 35(1), 430-440.",10.1016/j.neuroimage.2006.11.048,"Blair, K. S., Smith, B. W., Mitchell, D. G., Morton, J., Vythilingam, M., Pessoa, L., ... & Blair, R. J. R. (2007). Modulation of emotion by cognition and cognition by emotion. Neuroimage, 35(1), 430-440.",1.0,"Boyce, V., Mathur, M., & Frank, M. C. (2023). Eleven years of student replication projects provide evidence on the correlates of replicability in psychology. Royal Society Open Science, 10(11), 231240. https://doi.org/10.1098/rsos.231240",10.1098/rsos.231249,"Boyce, V., Mathur, M., & Frank, M. C. (2023). Eleven years of student replication projects provide evidence on the correlates of replicability in psychology. Royal Society Open Science, 10(11), 231240. https://doi.org/10.1098/rsos.231240",,,,,,,,,,,,,,,,,,https://osf.io/xwn9m/,,2,,,1.0,,0,,,"F(1,21) = 25.75","F(1, 3446) = 3.49",,,,,,,OS not significant,,,,,,,,,,,,close,,,-0.0367548,0.697554681,-0.279150261,0.343161738,,,,,,,,,,,,,,,,,,,,,,,2007,0.034177532,0.072039262,0.025576653,0.828123662,0.815501945,no signal,OS not significant,no signal - OS not significant,1.799681323,0.229415734
osc201572,osc201572,2.0,,1,CD,OSC 2015,,,"Attitude, Cognition, Humans, Mental Processes, Persuasive Communication, Thinking",Opening the mind to close it: Considering a message in light of important values increases message processing and later resistance to change.,,,,,only contact author listed as contributor,Lemm,44927.0,,,,0.207643072,0.04449582,261,251,"Blankenship, K. L., & Wegener, D. T. (2008). Opening the mind to close
it: Considering a message in light of important values increases message
processing and later resistance to change. Journal of Personality and Social
Psychology, 94, 196-213.",10.1037/0022-3514.94.2.94.2.196,"Blankenship, K. L., & Wegener, D. T. (2008). Opening the mind to close it: Considering a message in light of important values increases message processing and later resistance to change. Journal of Personality and Social Psychology, 94, 196-213. https://doi.org/10.1037/0022-3514.94.2.94.2.196",,"Lemm, K. M. (2023, September 28). Replication of Blankenship & Wegener (2008, JPSP, Study 5A). Retrieved from osf.io/2gx4k",10.1126/science.aac4716,"Open Science Collaboration. (2015). Estimating the reproducibility of psychological science. Science, 349(6251), aac4716. https://doi.org/10.1126/science.aac4716","Lemm, K. M. (2023, September 28). Replication of Blankenship & Wegener (2008, JPSP, Study 5A). Retrieved from osf.io/2gx4k",,,,,,,,,,,,,,,,,https://osf.io/2gx4k/,,,,,,,,,,,,,,,,,,Failure,,,,,,,,,,,,,,,0.088453152,0.320970753,-0.079762815,0.167392767,1,0,0.954,Journal of Personality and Social Psychology,,,,,,,,,,,,,,,,,,,2008,0.003521645,0.000737252,0.003984177,0.48281932,0.953528176,no signal,inconsistent,no signal - inconsistent,3.384454825,0.062257281
Boyce_etal202311,,2.0,,1,Veronica Boyce,Boyce_etal2023,Psychology,,,considering a message in light of important values increases message processing and later resistance to change,,,,,subfield: social,LR,45429.0,,,,0.71860822,0.74838362,124,209,"Blankenship, K. L., & Wegener, D. T. (2008). Opening the mind to close
it: considering a message in light of important values increases message
processing and later resistance to change. Journal of Personality and Social
Psychology, 94(2), 196.",10.1037/0022-3514.94.2.94.2.196,"Blankenship, K. L., & Wegener, D. T. (2008). Opening the mind to close it: considering a message in light of important values increases message processing and later resistance to change. Journal of Personality and Social Psychology, 94(2), 196.",5B,"Boyce, V., Mathur, M., & Frank, M. C. (2023). Eleven years of student replication projects provide evidence on the correlates of replicability in psychology. Royal Society Open Science, 10(11), 231240. https://doi.org/10.1098/rsos.231240",10.1098/rsos.231250,"Boyce, V., Mathur, M., & Frank, M. C. (2023). Eleven years of student replication projects provide evidence on the correlates of replicability in psychology. Royal Society Open Science, 10(11), 231240. https://doi.org/10.1098/rsos.231240",,,,,,,,,,,,,,,,,,https://osf.io/xwn9m/,,2,,,0.0,,0,,,"MSD2: m1=7.22(1.48), m2=6.49 (2.06)","MSD2: m1=6.73 (2.054142), m2=6.63 (1.892406)",,,,,,,Success,,,,,,,,,,,,very close,,,0.62097012,0.794286669,0.68193035,0.802582648,,,,,,,,,,,,,,,,,,,,,,,2008,0.001901391,5.64862E-21,0.000930439,9.05873E-39,1,signal,consistent,signal - consistent,9.952371741,0.090909091
osc2015148,osc2015148,2.0,,1,CD,OSC 2015,,,"Adult, Choice Behavior, Female, Humans, Male, Marriage [psychology], Reproductive Behavior [psychology], Sexual Behavior [psychology], Social Behavior, Social Desirability",The Best Men Are (Not Always) Already Taken: Female Preference for Single Versus Attached Males Depends on Conception Risk,,,,,only contact author listed as contributor,Frazier,44927.0,,,,0.188662549,-0.030172295,208,263,"Bressan, P. & Stranieri, D. (2008). The best men are (not always) already
taken: Female preference for single versus attached males depends on conception
risk. Psychological Science, 19, 145-151.",10.1111/j.1467-9280.2008.02060.x,"Bressan, P. & Stranieri, D. (2008). The best men are (not always) already taken: Female preference for single versus attached males depends on conception risk. Psychological Science, 19, 145-151. https://doi.org/10.1111/j.1467-9280.2008.02060.x",,"Frazier, R. S., & Hasselman, F. (2023, September 28). Replication of Bressan & Stranieri (2008, PS, Study 2). Retrieved from osf.io/blcj6",10.1126/science.aac4716,"Open Science Collaboration. (2015). Estimating the reproducibility of psychological science. Science, 349(6251), aac4716. https://doi.org/10.1126/science.aac4716","Frazier, R. S., & Hasselman, F. (2023, September 28). Replication of Bressan & Stranieri (2008, PS, Study 2). Retrieved from osf.io/blcj6",,,,,,,,,,,,,,,,,https://osf.io/blcj6/,,,,,,,,,,,,,,,,,,Failure,,,,,,,,,,,,,,,0.054007568,0.316578421,-0.150579436,0.091116927,1,0,0.925,Psychological Science,,,,,,,,,,,,,,,,,,,2008,0.004493139,0.006351048,0.003809848,0.62619272,0.92507869,no signal,inconsistent,no signal - inconsistent,2.733987829,0.06984303
osc2015112,osc2015112,2.0,,1,CD,OSC 2015,,,"Adolescent, Adult, Attention, Choice Behavior, Conflict (Psychology), Decision Making, Female, Humans, Male, Psychomotor Performance, Reaction Time, Set (Psychology), Thinking",Action dynamics reveal parallel competition in decision making,,,,,only contact author listed as contributor,Saxe,44927.0,,,,0.701088742,0.750404422,141,51,"C McKinstry, R Dale, MJ Spivey (2008). Action dynamics reveal parallel
competition in decision making. Psychological Science, 19.1: 22-24.",10.1111/j.1467-9280.2008.02041.x,"C McKinstry, R Dale, MJ Spivey (2008). Action dynamics reveal parallel competition in decision making. Psychological Science, 19.1: 22-24. https://doi.org/10.1111/j.1467-9280.2008.02041.x",,"Saxe, R., Vélez, N., & Feather, J. (2016, August 19). Replication of McKinstry, Dale, & Spivey (2008, PS). Retrieved from osf.io/d0n81 ",10.1126/science.aac4716,"Open Science Collaboration. (2015). Estimating the reproducibility of psychological science. Science, 349(6251), aac4716. https://doi.org/10.1126/science.aac4716","Saxe, R., Vélez, N., & Feather, J. (2016, August 19). Replication of McKinstry, Dale, & Spivey (2008, PS). Retrieved from osf.io/d0n81 ",,,,,,,,,,,,,,,,,https://osf.io/d0n81/,,,,,,,,,,,,,,,,,,Success,,,,,,,,,,,,,,,0.606012533,0.776415505,0.598613559,0.850172994,1,1,1,Psychological Science,,,,,,,,,,,,,,,,,,,2008,0.00184676,3.68519E-22,0.003817513,2.3022E-10,0.999995252,signal,consistent,signal - consistent,10.21358994,0.085125653
osc20155,osc20155,2.0,,1,LK,OSC 2015,,,"Attention, Color Perception, Discrimination Learning, Field Dependence-Independence, Humans, Memory, Short-Term, Mental Recall, Pattern Recognition, Visual, Practice (Psychology), Psychophysics",The intermixed-blocked effect in human perceptual learning is not the consequence of trial spacing.,,,,,only contact author listed as contributor,Lakens,44927.0,,,,0.461300742,0.134811802,32,48,"C Mitchell, S Nash, G Hall (2008). The intermixed-blocked effect in human
perceptual learning is not the consequence of trial spacing. Journal of
Experimental Psychology: Learning, Memory, and Cognition, 34.1 (2008):
237-242.",10.1037/0278-7393.34.1.237,"C Mitchell, S Nash, G Hall (2008). The intermixed-blocked effect in human perceptual learning is not the consequence of trial spacing. Journal of Experimental Psychology: Learning, Memory, and Cognition, 34.1 (2008): 237-242. https://doi.org/10.1037/0278-7393.34.1.237",,"Lakens, D. (2023, September 28). Replication of Mitchell, Nash, & Hall (2008, JEP:LMC). Retrieved from osf.io/4xdkk",10.1126/science.aac4716,"Open Science Collaboration. (2015). Estimating the reproducibility of psychological science. Science, 349(6251), aac4716. https://doi.org/10.1126/science.aac4716","Lakens, D. (2023, September 28). Replication of Mitchell, Nash, & Hall (2008, JEP:LMC). Retrieved from osf.io/4xdkk",,,,,,,,,,,,,,,,,https://osf.io/4xdkk/,,1,,,,,,,,,,,,,,,,Failure,,,,,,,,,,,,,,,0.134191916,0.697758339,-0.155270487,0.403490898,1,0,0.959,Journal of Experimental Psychology,,,,,,,,,,,,,,,,,,,2008,0.019989884,0.007874107,0.020510252,0.360946281,0.958740035,no signal,inconsistent,no signal - inconsistent,2.686994716,0.185695338
osc201513,osc201513,2.0,,1,CD,OSC 2015,,,"Adolescent, Adult, Female, Humans, Male, Mathematics, Mental Recall, Practice (Psychology), Problem Solving, Retention (Psychology), Transfer (Psychology)",Bidirectional associations in multiplication memory: Conditions of negative and positive transfer.,,,,,only contact author listed as contributor,Ricker,44927.0,,,,0.52450217,0.524539034,36,36,"Campbell, J.I., & Robert, N.D. (2008). Bidirectional associations in multiplication
memory: Conditions of negative and positive transfer. Journal of Experimental
Psychology: Learning, Memory, and Cognition, 34(3), 546-555.",10.1037/0278-7393.34.3.546,"Campbell, J.I., & Robert, N.D. (2008). Bidirectional associations in multiplication memory: Conditions of negative and positive transfer. Journal of Experimental Psychology: Learning, Memory, and Cognition, 34(3), 546-555. https://doi.org/10.1037/0278-7393.34.3.546",,"Ricker, A. A., & Saide, A. (2023, September 28). Replication of JI Campbell, ND Robert (2008, JEPLMC 34(3), Exp 3). Retrieved from osf.io/gxvd3",10.1126/science.aac4716,"Open Science Collaboration. (2015). Estimating the reproducibility of psychological science. Science, 349(6251), aac4716. https://doi.org/10.1126/science.aac4716","Ricker, A. A., & Saide, A. (2023, September 28). Replication of JI Campbell, ND Robert (2008, JEPLMC 34(3), Exp 3). Retrieved from osf.io/gxvd3",,,,,,,,,,,,,,,,,https://osf.io/gxvd3/,,1,,,,,,,,,,,,,,,,Success,,,,,,,,,,,,,,,0.236765283,0.727650792,0.236813287,0.72767472,1,1,0.96,Journal of Experimental Psychology,,,,,,,,,,,,,,,,,,,2008,0.01501361,0.001024203,0.015012008,0.001023213,0.959599791,signal,consistent,signal - consistent,3.346382582,0.174077656
Boyce_etal202319,,2.0,,1,Veronica Boyce,Boyce_etal2023,Psychology,,,Inhibitory-control deficits compromise memory suppression in posttraumatic stress disorder,,,,,subfield: other-psych,LR,45429.0,,,,0.22478523,-0.06112275,18,11,"Catarino, A., Küpper, C. S., Werner-Seidler, A., Dalgleish, T., & Anderson,
M. C. (2015). Failing to forget: Inhibitory-control deficits compromise
memory suppression in posttraumatic stress disorder. Psychological science,
26(5), 604-616.",10.1177/0956797615569889,"Catarino, A., Küpper, C. S., Werner-Seidler, A., Dalgleish, T., & Anderson, M. C. (2015). Failing to forget: Inhibitory-control deficits compromise memory suppression in posttraumatic stress disorder. Psychological science, 26(5), 604-616.",replicating control condition only for 2 DVs: gist and details,"Boyce, V., Mathur, M., & Frank, M. C. (2023). Eleven years of student replication projects provide evidence on the correlates of replicability in psychology. Royal Society Open Science, 10(11), 231240. https://doi.org/10.1098/rsos.231240",10.1098/rsos.231258,"Boyce, V., Mathur, M., & Frank, M. C. (2023). Eleven years of student replication projects provide evidence on the correlates of replicability in psychology. Royal Society Open Science, 10(11), 231240. https://doi.org/10.1098/rsos.231240",,,,,,,,,,,,,,,,,,https://osf.io/xwn9m/,,2,,,1.0,,0,,,"F(1, 15) = 33.548","MSE2: m1=3.06(.215), m2=2.96(.217)",,,,,,,OS not significant,,,,,,,,,,,,far,,,-0.270469388,0.625963277,-0.637618825,0.559258024,,,,,,,,,,,,,,,,,,,,,,,2015,0.053029195,0.36984099,0.099254198,0.858311965,0.169293381,no signal,OS not significant,no signal - OS not significant,0.885713862,0.25819889
OpenMKT8,OpenMKT8,2.0,,1,LK,openmkt,Marketing,,"Sensory Marketing, Positioning",Modern conditions increase favorable responses to product image on the right than on the left,,,,,,"Kaiser, Leonard",45142.0,,,,0.208,-0.031,194,738,"Chae, B., and Hoegg, J. (2013). The future looks “right”: effects of the
horizontal location. of advertising images on product attitude. J. Consum.
Res. 40, 223–238. doi: 10.1086/669476 Study 2",10.1086/669476,"Chae, B., and Hoegg, J. (2013). The future looks “right”: effects of the horizontal location. of advertising images on product attitude. J. Consum. Res. 40, 223–238. https://doi.org/10.1086/669476",2.0,"Motoki, K., & Iseki, S. (2022). Evaluating replicability of ten influential research on sensory marketing. Frontiers in Communication, 7, 1048896.",10.3389/fcomm.2022.1048896,"Motoki, K., & Iseki, S. (2022). Evaluating replicability of ten influential research on sensory marketing. Frontiers in Communication, 7, 1048896. https://doi.org/10.3389/fcomm.2022.1048896",,,,0.208,r,-0.031,r,,,,,,,,,,,https://osf.io/tnmvq/,,2,openMKT8,,,,,,,,,,,,,,,Failure,,,,,,,,,,,,,,,0.069151434,0.338943139,-0.102938378,0.041260985,,,,Journal of Consumer Research,,,,,,,,,,,,,,,,,,,2013,0.004742714,0.003611047,0.001354245,0.400389723,0.999977636,no signal,inconsistent,no signal - inconsistent,2.917183547,0.072357461
OpenMKT8,OpenMKT8,2.0,,1,LK,openmkt,Marketing,,"Sensory Marketing, Positioning",Antique conditions increase favorable responses to product image on the left than on the right,,,,,,"Kaiser, Leonard",45142.0,,,,0.171,-0.007,194,738,"Chae, B., and Hoegg, J. (2013). The future looks “right”: effects of the
horizontal location. of advertising images on product attitude. J. Consum.
Res. 40, 223–238. doi: 10.1086/669476 Study 2",10.1086/669476,"Chae, B., and Hoegg, J. (2013). The future looks “right”: effects of the horizontal location. of advertising images on product attitude. J. Consum. Res. 40, 223–238. https://doi.org/10.1086/669476",2.0,"Motoki, K., & Iseki, S. (2022). Evaluating replicability of ten influential research on sensory marketing. Frontiers in Communication, 7, 1048896.",10.3389/fcomm.2022.1048896,"Motoki, K., & Iseki, S. (2022). Evaluating replicability of ten influential research on sensory marketing. Frontiers in Communication, 7, 1048896. https://doi.org/10.3389/fcomm.2022.1048896",,,,0.171,r,-0.007,r,,,,,,,,,,,https://osf.io/tnmvq/,,2,openMKT8,,,,,,,,,,,,,,,Failure,,,,,,,,,,,,,,,0.030868777,0.304538626,-0.079128701,0.065201614,,,,Journal of Consumer Research,,,,,,,,,,,,,,,,,,,2013,0.004882762,0.017128013,0.001356719,0.849432104,0.998818305,no signal,inconsistent,no signal - inconsistent,2.386714555,0.072357461
OpenMKT8,OpenMKT8,2.0,,1,LK,openmkt,Marketing,,"Sensory Marketing, Positioning",Interaction between position and desirable attribute on product attitude,,,,,,"Kaiser, Leonard",45142.0,,,,0.189,0.061,194,738,"Chae, B., and Hoegg, J. (2013). The future looks “right”: effects of the
horizontal location. of advertising images on product attitude. J. Consum.
Res. 40, 223–238. doi: 10.1086/669476 Study 2",10.1086/669476,"Chae, B., and Hoegg, J. (2013). The future looks “right”: effects of the horizontal location. of advertising images on product attitude. J. Consum. Res. 40, 223–238. https://doi.org/10.1086/669476",2.0,"Motoki, K., & Iseki, S. (2022). Evaluating replicability of ten influential research on sensory marketing. Frontiers in Communication, 7, 1048896.",10.3389/fcomm.2022.1048896,"Motoki, K., & Iseki, S. (2022). Evaluating replicability of ten influential research on sensory marketing. Frontiers in Communication, 7, 1048896. https://doi.org/10.3389/fcomm.2022.1048896",,,,0.189,r,0.061,r,,,,,,,,,,,https://osf.io/tnmvq/,,2,openMKT8,,,,,,,,,,,,,,,Failure,,,,,,,,,,,,,,,0.049441559,0.321319594,-0.01121806,0.132584998,,,,Journal of Consumer Research,,,,,,,,,,,,,,,,,,,2013,0.004817793,0.008308153,0.001346773,0.097748409,0.999803684,no signal,inconsistent,no signal - inconsistent,2.643817512,0.072357461
Boyce_etal202320,,2.0,,1,Veronica Boyce,Boyce_etal2023,Psychology,,,affective decision making: how do feelings predict choice?,,,,,subfield: other-psych,LR,45429.0,,,,0.31141217,-0.03954395,56,30,"Charpentier, C. J., De Neve, J. E., Li, X., Roiser, J. P., & Sharot, T.
(2016). Models of affective decision making: how do feelings predict choice?.
Psychological science, 27(6), 763-775.",10.1177/0956797616634654,"Charpentier, C. J., De Neve, J. E., Li, X., Roiser, J. P., & Sharot, T. (2016). Models of affective decision making: how do feelings predict choice?. Psychological science, 27(6), 763-775.",1.0,"Boyce, V., Mathur, M., & Frank, M. C. (2023). Eleven years of student replication projects provide evidence on the correlates of replicability in psychology. Royal Society Open Science, 10(11), 231240. https://doi.org/10.1098/rsos.231240",10.1098/rsos.231259,"Boyce, V., Mathur, M., & Frank, M. C. (2023). Eleven years of student replication projects provide evidence on the correlates of replicability in psychology. Royal Society Open Science, 10(11), 231240. https://doi.org/10.1098/rsos.231240",,,,,,,,,,,,,,,,,,https://osf.io/xwn9m/,,2,,,1.0,,0,,,,,,,,,,,Failure,,,,,,,,,,,,far,,,0.052837464,0.530851651,-0.394197254,0.325360511,,,,,,,,,,,,,,,,,,,,,,,2016,0.014826356,0.019477906,0.034375,0.835643806,0.523388343,no signal,consistent,no signal - consistent,2.344985097,0.137360564
soscisubmission4,soscisubmission4,2.0,,1,LR,Individual submissions,Social Psychology,Chameleon effect,"chameleon effect, nonconious mimicry, replication",the chameleon effect/ nonconcious mimicry,,,,,,"Förster, Nico",44992.63253472222,,The preregistration link was incorrect; it was the OSF link for the OSF folder.,,0.611557833,0.673061068,35,14,"Chartrand, T. L., & Bargh, J. A. (1999). The chameleon effect: The perception–behavior
link and social interaction. Journal of Personality and Social Psychology,
76(6), 893–910. https://doi.org/10.1037/0022-3514.76.6.893",10.1037/0022-3514.76.6.893,"Chartrand, T. L., & Bargh, J. A. (1999). The chameleon effect: The perception–behavior link and social interaction. Journal of Personality and Social Psychology, 76(6), 893–910. https://doi.org/10.1037/0022-3514.76.6.893",,"Förster, N., & Röseler, L. (2022, November 25). The Chameleon Effect: A Replication Study. ",10.17605/OSF.IO/GMHAX,"Förster, N., & Röseler, L. (2022, November 25). The Chameleon Effect: A Replication Study. https://doi.org/10.17605/OSF.IO/GMHAX",,,,1.5459,d,1.8201,d,,,,,,,,,,,https://osf.io/7weum,,3,sosci_4_samplebusiness.psychology.students,1,,1,1,,,,,,,,,,,Success,https://osf.io/gmhax,,,,,,,,,,,,0.01152565,0.02301513,0.349549267,0.784851921,0.221627493,0.886912952,1,1,0.788,Journal of Personality and Social Psychology,,,,,,,,,,,,,,,,,,,1999,0.011525655,9.49665E-05,0.023015134,0.008336052,0.787734485,signal,consistent,signal - consistent,4.024320882,0.176776695
e9d3k,e9d3k,2.0,,1,LR,OSF Registries,,,,Causal Attributions From Genetic Ascriptions Affect Legal Decision Making,,,,,"F-value from Study 3 was used, effect size from original study was used",Jarret Crawford,44927.0,,,,0.1228,0.1028,298,743,"Cheung, B. Y., & Heine, S. J. (2015). The double-edged sword of genetic
accounts of criminality: Causal attributions from genetic ascriptions affect
legal decision making. Personality and Social Psychology Bulletin, 41(12),
1723-1738. Study 3",10.1177/0146167215610520,"Cheung, B. Y., & Heine, S. J. (2015). The double-edged sword of genetic accounts of criminality: Causal attributions from genetic ascriptions affect legal decision making. Personality and Social Psychology Bulletin, 41(12), 1723-1738. https://doi.org/10.1177/0146167215610520",3.0,"Crawford, J. (2016, May 2). Syntax and output files for Cheung & Heine 2015 study 3 replication. https://doi.org/10.17605/OSF.IO/E9D3K ",10.17605/OSF.IO/E9D3K,"Crawford, J. (2016, May 2). Syntax and output files for Cheung & Heine 2015 study 3 replication. https://doi.org/10.17605/OSF.IO/E9D3K ",,,,,,,,,,,,,,,,,,https://www.osf.io/e9d3k,,,,,,,,,,,,,,,,,,Success,https://www.osf.io/e9d3k,,,,,,,,,,,,,,0.00930913,0.233167458,0.031104692,0.173442871,1,1,0.957,Personality and Social Psychology Bulletin,,,,,,,,,,,,,,,,,,,2015,0.003266221,0.034092701,0.001319375,0.005034135,0.956819936,signal,consistent,signal - consistent,2.119858163,0.058222251
Boyce_etal202321,,2.0,,1,Veronica Boyce,Boyce_etal2023,Psychology,,,role of perspective for emotion processing in reading comprehension,,,,,subfield: other-psych,LR,45429.0,,,,0.34169106,-0.0344683,35,40,"Child, S., Oakhill, J., & Garnham, A. (2018). You’re the emotional one:
the role of perspective for emotion processing in reading comprehension.
Language, cognition and neuroscience, 33(7), 878-889.",10.1080/23273798.2018.1431397,"Child, S., Oakhill, J., & Garnham, A. (2018). You’re the emotional one: the role of perspective for emotion processing in reading comprehension. Language, cognition and neuroscience, 33(7), 878-889.",1.0,"Boyce, V., Mathur, M., & Frank, M. C. (2023). Eleven years of student replication projects provide evidence on the correlates of replicability in psychology. Royal Society Open Science, 10(11), 231240. https://doi.org/10.1098/rsos.231240",10.1098/rsos.231260,"Boyce, V., Mathur, M., & Frank, M. C. (2023). Eleven years of student replication projects provide evidence on the correlates of replicability in psychology. Royal Society Open Science, 10(11), 231240. https://doi.org/10.1098/rsos.231240",,,,,,,,,,,,,,,,,,https://osf.io/xwn9m/,,2,,,1.0,,0,,,"MSD2: m1= 2201 (1284), m2= 2350( 1351)","MSD2: m1=1860(1510), m2=1.96(1.49)",,,,,,,Failure,,,,,,,,,,,,close,,,0.009529629,0.60594073,-0.342302282,0.280047979,,,,,,,,,,,,,,,,,,,,,,,2018,0.022944872,0.04453931,0.025580135,0.832772862,0.708358058,no signal,inconsistent,no signal - inconsistent,2.01387334,0.176776695
Boyce_etal202322,,2.0,,1,Veronica Boyce,Boyce_etal2023,Psychology,,,Learning and transmitting concepts through language,,,,,subfield: cognitive,LR,45429.0,,,,0.08638604,,202,20,"Chopra, S., Tessler, M. H., & Goodman, N. D. (2019, July). The first crank
of the cultural ratchet: Learning and transmitting concepts through language.
In CogSci (pp. 226-232).",,"Chopra, S., Tessler, M. H., & Goodman, N. D. (2019, July). The first crank of the cultural ratchet: Learning and transmitting concepts through language. In CogSci (pp. 226-232).",1.0,"Boyce, V., Mathur, M., & Frank, M. C. (2023). Eleven years of student replication projects provide evidence on the correlates of replicability in psychology. Royal Society Open Science, 10(11), 231240. https://doi.org/10.1098/rsos.231240",10.1098/rsos.231261,"Boyce, V., Mathur, M., & Frank, M. C. (2023). Eleven years of student replication projects provide evidence on the correlates of replicability in psychology. Royal Society Open Science, 10(11), 231240. https://doi.org/10.1098/rsos.231240",,,,,,,,,,,,,,,,,,https://osf.io/xwn9m/,,2,,,1.0,,1,,,"pear: r=-.75, n=505","pear: r=-0.5293166,n=50",,,,,,,OS not significant,,,,,,,,,,,,far,,,-0.052288537,0.22179202,,,,,,,,,,,,,,,,,,,,,,,,,2019,0.004901147,0.221539948,,,0.101144559,,OS not significant,NA - OS not significant,1.221670054,0.070888121
OpenMKT20,OpenMKT20,2.0,,1,LK,openmkt,Marketing,,economic insecurity; pain; sense of control.,Recalling an instance in which one felt economically scarce causes an increase in reported physical pain,,,,,,"Kaiser, Leonard",45166.0,,,,0.1553651,0.2090226,231,603,"Chou, E. Y., Parmar, B. L., & Galinsky, A. D. (2016). Economic Insecurity
Increases Physical Pain. Psychological science, 27(4), 443–454. https://doi.org/10.1177/0956797615625640
Study 3",10.1177/0956797615625640,"Chou, E. Y., Parmar, B. L., & Galinsky, A. D. (2016). Economic Insecurity Increases Physical Pain. Psychological science, 27(4), 443–454. https://doi.org/10.1177/0956797615625640",3.0,"O’Donnell, M., Dev, A. S., Antonoplis, S., Baum, S. M., Benedetti, A. H., Brown, N. D., Carrillo, B., Choi, A. L., Connor, P., Donnelly, K., Ellwood-Lowe, M. E., Foushee, R., Jansen, R., Jarvis, S. N., Lundell-Creagh, R., Ocampo, J. M., Okafor, G. N., Azad, Z. R., Rosenblum, M., … Nelson, L. D. (2021). Empirical audit and review and an assessment of evidentiary value in research on the psychological consequences of scarcity. Proceedings of the National Academy of Sciences, 118(44), e2103313118. 
",10.1073/pnas.2103313118,"O’Donnell, M., Dev, A. S., Antonoplis, S., Baum, S. M., Benedetti, A. H., Brown, N. D., Carrillo, B., Choi, A. L., Connor, P., Donnelly, K., Ellwood-Lowe, M. E., Foushee, R., Jansen, R., Jarvis, S. N., Lundell-Creagh, R., Ocampo, J. M., Okafor, G. N., Azad, Z. R., Rosenblum, M., … Nelson, L. D. (2021). Empirical audit and review and an assessment of evidentiary value in research on the psychological consequences of scarcity. Proceedings of the National Academy of Sciences, 118(44), e2103313118. https://doi.org/10.1073/pnas.2103313118",,,,0.1553651,r,0.2090226,r,,,,,,,,,,,https://osf.io/a2e96/,,2,openMKT20,,,,,,,,,,,,,,,Success,,,,,,,,,,,,,,,0.026825384,0.278850659,0.131370221,0.284125587,,,,Psychological Science,,,,,,,,,,,,,,,,,,,2016,0.004140461,0.018132496,0.001519149,2.22553E-07,0.985921767,signal,consistent,signal - consistent,2.365115599,0.066226618
OpenMKT9,OpenMKT9,2.0,,1,LK,openmkt,Marketing,,"dynamic imagery, logo design, brand attitudes, engagement, perceived movement",The effect of logo dynamism (high and low) on perceived movement as a manipulation check,,,,,,"Kaiser, Leonard",45142.0,,,,0.386,0.294,74,823,"Cian, L., Krishna, A., and Elder, R. S. (2014). This logo moves me: dynamic
imagery from static images. J. Market. Res. 51, 184–197. doi: 10.1509/jmr.
13.0023 Study 1",10.1509/jmr.13.0023,"Cian, L., Krishna, A., and Elder, R. S. (2014). This logo moves me: dynamic imagery from static images. J. Market. Res. 51, 184–197. https://doi.org/10.1509/jmr. 13.0023",1.0,"Motoki, K., & Iseki, S. (2022). Evaluating replicability of ten influential research on sensory marketing. Frontiers in Communication, 7, 1048896.",10.3389/fcomm.2022.1048896,"Motoki, K., & Iseki, S. (2022). Evaluating replicability of ten influential research on sensory marketing. Frontiers in Communication, 7, 1048896. https://doi.org/10.3389/fcomm.2022.1048896",,,,0.386,r,0.294,r,,,,,,,,,,,https://osf.io/tnmvq/,,2,openMKT9,,,,,,,,,,,,,,,Success,,,,,,,,,,,,,,,0.172736728,0.564692566,0.2302886,0.355201716,,,,Journal of Marketing Research,,,,,,,,,,,,,,,,,,,2014,0.009920655,0.000682222,0.001015327,7.14875E-18,1,signal,"inconsistent, smaller","signal - inconsistent, smaller",3.430210797,0.118678166
OpenMKT9,OpenMKT9,2.0,,1,LK,openmkt,Marketing,,"dynamic imagery, logo design, brand attitudes, engagement, perceived movement",The effect of logo dynamism (high and low) on brand attitudes.,,,,,,"Kaiser, Leonard",45142.0,,,,0.261,0.022,74,823,"Cian, L., Krishna, A., and Elder, R. S. (2014). This logo moves me: dynamic
imagery from static images. J. Market. Res. 51, 184–197. doi: 10.1509/jmr.
13.0023 Study 1",10.1509/jmr.13.0023,"Cian, L., Krishna, A., and Elder, R. S. (2014). This logo moves me: dynamic imagery from static images. J. Market. Res. 51, 184–197. https://doi.org/10.1509/jmr. 13.0023",1.0,"Motoki, K., & Iseki, S. (2022). Evaluating replicability of ten influential research on sensory marketing. Frontiers in Communication, 7, 1048896.",10.3389/fcomm.2022.1048896,"Motoki, K., & Iseki, S. (2022). Evaluating replicability of ten influential research on sensory marketing. Frontiers in Communication, 7, 1048896. https://doi.org/10.3389/fcomm.2022.1048896",,,,0.261,r,0.022,r,,,,,,,,,,,https://osf.io/tnmvq/,,2,openMKT9,,,,,,,,,,,,,,,Failure,,,,,,,,,,,,,,,0.034562504,0.46194895,-0.046408001,0.090202615,,,,Journal of Marketing Research,,,,,,,,,,,,,,,,,,,2014,0.011895869,0.02469967,0.001215368,0.528529393,0.999999999,no signal,inconsistent,no signal - inconsistent,2.251308871,0.118678166
datareplicada9b,,2.0,,1,LK,datareplicada,Marketing,,,The authors of this paper hypothesize that consumers judge Progression ads to be more credible than simple Before/After ads.,,,,,,"Kaiser, Leonard",45217.0,,,,0.247092907,0.23796223,213,769,"Cian, L., Longoni, C., & Krishna, A. (2020). Advertising a Desired Change:
When Process Simulation Fosters (vs. Hinders) Credibility and Persuasion.
Journal of Marketing Research, 57(3), 489-508. https://doi.org/10.1177/0022243720904758
Study 2",10.1177/0022243720904758,"Cian, L., Longoni, C., & Krishna, A. (2020). Advertising a Desired Change: When Process Simulation Fosters (vs. Hinders) Credibility and Persuasion. Journal of Marketing Research, 57(3), 489-508. https://doi.org/10.1177/0022243720904758",2.0,"Simmons, J. &. Nelson, L.D. (2020). [94] Data Replicada #9: Are Progression Ads More Credible?
Data Colada. https://datacolada.org/94  Replication 2",,"Simmons, J. &. Nelson, L.D. (2020). [94] Data Replicada #9: Are Progression Ads More Credible? Data Colada. https://datacolada.org/94  Replication 2",,,,0.51,d,0.49,d,,,,,,,,,,,https://researchbox.org/58,,3,,1,,1,0,,,,,,,,,,,Success,,,,,,,,,,,,,,,0.116532109,0.369258854,0.170126115,0.303553627,,,,Journal of Marketing Research,,,,,,,,,,,,,,,,,,,2090,0.004158575,0.000270936,0.001158795,2.31856E-11,0.999999954,signal,consistent,signal - consistent,3.656381653,0.069006556
datareplicada9a,,2.0,,1,LK,datareplicada,Marketing,,,The authors of this paper hypothesize that consumers judge Progression ads to be more credible than simple Before/After ads.,,,,,,"Kaiser, Leonard",45217.0,,,,0.247092907,0.157990501,213,761,"Cian, L., Longoni, C., & Krishna, A. (2020). Advertising a Desired Change:
When Process Simulation Fosters (vs. Hinders) Credibility and Persuasion.
Journal of Marketing Research, 57(3), 489-508. https://doi.org/10.1177/0022243720904758
Study 2",10.1177/0022243720904758,"Cian, L., Longoni, C., & Krishna, A. (2020). Advertising a Desired Change: When Process Simulation Fosters (vs. Hinders) Credibility and Persuasion. Journal of Marketing Research, 57(3), 489-508. https://doi.org/10.1177/0022243720904758",2.0,"Simmons, J. &. Nelson, L.D. (2020). [94] Data Replicada #9: Are Progression Ads More Credible? Replication 1
Data Colada. https://datacolada.org/94 ",,"Simmons, J. &. Nelson, L.D. (2020). [94] Data Replicada #9: Are Progression Ads More Credible? Replication 1 Data Colada. https://datacolada.org/94 ",,,,0.51,d,0.32,d,,,,,,,,,,,https://researchbox.org/58,,3,,1,,1,0,,,,,,,,,,,Success,,,,,,,,,,,,,,,0.116532109,0.369258854,0.087908477,0.226516204,,,,Journal of Marketing Research,,,,,,,,,,,,,,,,,,,2090,0.004158575,0.000270936,0.001250922,1.19375E-05,0.999999944,signal,"inconsistent, smaller","signal - inconsistent, smaller",3.656381653,0.069006556
Boyce_etal202324,,2.0,,1,Veronica Boyce,Boyce_etal2023,Psychology,,,Natural-scene perception requires attention,,,,,subfield: cognitive,LR,45429.0,,,,0.26948504,-0.30401101,30,28,"Cohen, M. A., Alvarez, G. A., & Nakayama, K. (2011). Natural-scene perception
requires attention. Psychological science, 22(9), 1165-1172.",10.1177/0956797611419168,"Cohen, M. A., Alvarez, G. A., & Nakayama, K. (2011). Natural-scene perception requires attention. Psychological science, 22(9), 1165-1172.",1b,"Boyce, V., Mathur, M., & Frank, M. C. (2023). Eleven years of student replication projects provide evidence on the correlates of replicability in psychology. Royal Society Open Science, 10(11), 231240. https://doi.org/10.1098/rsos.231240",10.1098/rsos.231263,"Boyce, V., Mathur, M., & Frank, M. C. (2023). Eleven years of student replication projects provide evidence on the correlates of replicability in psychology. Royal Society Open Science, 10(11), 231240. https://doi.org/10.1098/rsos.231240",,,,,,,,,,,,,,,,,,https://osf.io/xwn9m/,,2,,,1.0,,0,,,,,,,,,,,OS not significant,,,,,,,,,,,,very close,,,-0.100545899,0.574023908,-0.608115757,0.077901463,,,,,,,,,,,,,,,,,,,,,,,2011,0.029656193,0.149835922,0.03050728,0.115760118,0.406605622,no signal,OS not significant,no signal - OS not significant,1.43574084,0.19245009
osc201522,osc201522,2.0,,1,CD,OSC 2015,,,"Adult, Attention, Color Perception, Cues, Female, Functional Laterality, Humans, Inhibition (Psychology), Male, Multilingualism, Orientation, Pattern Recognition, Visual, Psychomotor Performance, Reaction Time",How does bilingualism improve executive control? A comparison of active and reactive inhibition mechanisms.,,,,,only contact author listed as contributor,Kappes,44927.0,,,,0.219359299,0.064661345,18,32,"Colzato, L.S., Bajo, M.T., van den Wildenberg, W., Paolieri, D., Nieuwenhuis,
S., La Heij, W., & Hommel, B. (2008). Journal of Experimental Psychology:
Learning, Memory, and Cognition, 34(2), 302-312.",10.1037/0278-7393.34.2.302,"Colzato, L.S., Bajo, M.T., van den Wildenberg, W., Paolieri, D., Nieuwenhuis, S., La Heij, W., & Hommel, B. (2008). Journal of Experimental Psychology: Learning, Memory, and Cognition, 34(2), 302-312. https://doi.org/10.1037/0278-7393.34.2.302",,"Kappes, H. B. (2023, September 28). Replication of LS Colzato, MT Bajo, W van den Wildenberg, D Paolieri, S Nieuwenhuis, W La Heij, B Hommel (2008, JEPLMC 34(2), Exp. 3). Retrieved from osf.io/p9thw",10.1126/science.aac4716,"Open Science Collaboration. (2015). Estimating the reproducibility of psychological science. Science, 349(6251), aac4716. https://doi.org/10.1126/science.aac4716","Kappes, H. B. (2023, September 28). Replication of LS Colzato, MT Bajo, W van den Wildenberg, D Paolieri, S Nieuwenhuis, W La Heij, B Hommel (2008, JEPLMC 34(2), Exp. 3). Retrieved from osf.io/p9thw",,,,,,,,,,,,,,,,,https://osf.io/p9thw/,,,,,,,,,,,,,,,,,,OS not significant,,,,,,,,,,,,,,,-0.275751074,0.622479791,-0.290584439,0.404240887,0,0,0.336,Journal of Experimental Psychology,,,,,,,,,,,,,,,,,,,2008,0.053298729,0.381806823,0.031988881,0.725141862,0.336050393,no signal,OS not significant,no signal - OS not significant,0.863609138,0.25819889
OpenMKT19,OpenMKT19,2.0,,1,LK,openmkt,Marketing,,"resource scarcity, triple scarcity effect, payday loans, lending, financial well-being, Kredit, Credit, Entscheidung, Decision","Unfavorable consumer perceptions and behavioral outcomes will be highest when the triple scarcity effect occurs (i.e., no liquidity, limited lending options, and perceived consequences of loss).",,,,,,"Kaiser, Leonard",45158.0,,,,0.125,0.1387093,199,507,"Cook, L. A., & Sadeghein, R. (2018). Effects of perceived scarcity on financial
decision making. Journal of Public Policy & Marketing, 37(1), 68-87. Study
3",10.1509/jppm.16.157,"Cook, L. A., & Sadeghein, R. (2018). Effects of perceived scarcity on financial decision making. Journal of Public Policy & Marketing, 37(1), 68-87.",3.0,"O’Donnell, M., Dev, A. S., Antonoplis, S., Baum, S. M., Benedetti, A. H., Brown, N. D., Carrillo, B., Choi, A. L., Connor, P., Donnelly, K., Ellwood-Lowe, M. E., Foushee, R., Jansen, R., Jarvis, S. N., Lundell-Creagh, R., Ocampo, J. M., Okafor, G. N., Azad, Z. R., Rosenblum, M., … Nelson, L. D. (2021). Empirical audit and review and an assessment of evidentiary value in research on the psychological consequences of scarcity. Proceedings of the National Academy of Sciences, 118(44), e2103313118. 
",10.1073/pnas.2103313118,"O’Donnell, M., Dev, A. S., Antonoplis, S., Baum, S. M., Benedetti, A. H., Brown, N. D., Carrillo, B., Choi, A. L., Connor, P., Donnelly, K., Ellwood-Lowe, M. E., Foushee, R., Jansen, R., Jarvis, S. N., Lundell-Creagh, R., Ocampo, J. M., Okafor, G. N., Azad, Z. R., Rosenblum, M., … Nelson, L. D. (2021). Empirical audit and review and an assessment of evidentiary value in research on the psychological consequences of scarcity. Proceedings of the National Academy of Sciences, 118(44), e2103313118. https://doi.org/10.1073/pnas.2103313118",,,,0.125,r,0.1387093,r,,,,,,,,,,,https://osf.io/a2e96/,,2,openMKT19,,,,,,,,,,,,,,,OS not significant,,,,,,,,,,,,,,,-0.01433923,0.259576859,0.052257931,0.223097074,,,,Journal of Public Policy and Marketing,,,,,,,,,,,,,,,,,,,2018,0.00489391,0.078553783,0.001900968,0.001743855,0.880800522,signal,OS not significant,signal - OS not significant,1.759200998,0.071428571
osc201525,osc201525,2.0,,1,CD,OSC 2015,,,"Adult, Attention, Discrimination Learning, Humans, Memory, Short-Term, Pattern Recognition, Visual, Practice (Psychology), Probability Learning, Retention (Psychology), Serial Learning",Learning correct responses and errors in the Hebb repetition effect: two faces of the same coin.,,,,,only contact author listed as contributor,Roebke,44927.0,,,,0.348120689,0.2733272,24,63,"Couture, M., Lafond, D., & Tremblay, S. (2008). Learning correct responses
and errors in the hebb repetition effect: Two faces of the same coin. Journal
of Experimental Psychology: Learning, Memory, and Cognition, 34(3), 524-532.",10.1037/0278-7393.34.3.524,"Couture, M., Lafond, D., & Tremblay, S. (2008). Learning correct responses and errors in the hebb repetition effect: Two faces of the same coin. Journal of Experimental Psychology: Learning, Memory, and Cognition, 34(3), 524-532. https://doi.org/10.1037/0278-7393.34.3.524",,"Roebke, M. A., & Della Penna, N. (2023, September 28). Replication of Couture, Lafond, and Tremblay (2008, JEPLMC 34(3)). Retrieved from osf.io/k9gp6",10.1126/science.aac4716,"Open Science Collaboration. (2015). Estimating the reproducibility of psychological science. Science, 349(6251), aac4716. https://doi.org/10.1126/science.aac4716","Roebke, M. A., & Della Penna, N. (2023, September 28). Replication of Couture, Lafond, and Tremblay (2008, JEPLMC 34(3)). Retrieved from osf.io/k9gp6",,,,,,,,,,,,,,,,,https://osf.io/k9gp6/,,,,,,,,,,,,,,,,,,OS not significant,,,,,,,,,,,,,,,-0.064306651,0.658976799,0.027419008,0.488041605,0,1,0.883,Journal of Experimental Psychology,,,,,,,,,,,,,,,,,,,2008,0.033578718,0.095513333,0.013809125,0.030198201,0.883327122,signal,OS not significant,signal - OS not significant,1.664866661,0.21821789
osc201548,osc201548,2.0,,1,CD,OSC 2015,,,"Adaptation, Psychological, Adolescent, Adult, Adult Children [psychology], Attitude to Death, Defense Mechanisms, Fear, Female, Humans, Male, Mental Recall, Middle Aged, Object Attachment, Parent-Child Relations, Self Efficacy, Social Support",Terror management and adults' attachment to their parents: The safe haven remains.,,,,,only contact author listed as contributor,Wissink,44927.0,,,,0.225490086,-0.052290282,100,200,"Cox, C.R., Arndt, J., Pyszczynski, T., Greenberg, J., Abdollahi, A., &
Solomon, S. (2008). Terror management and adults' attachment to their parents:
The safe haven remains. Journal of Personality and Social Psychology, 94(4),
696-717.",10.1037/0022-3514.94.4.696,"Cox, C.R., Arndt, J., Pyszczynski, T., Greenberg, J., Abdollahi, A., & Solomon, S. (2008). Terror management and adults' attachment to their parents: The safe haven remains. Journal of Personality and Social Psychology, 94(4), 696-717. https://doi.org/10.1037/0022-3514.94.4.696",,"Wissink, J., Hoogendoorn, G. E. A. M., Brohmer, H., Verschoor, M., Zeelenberg, M., & Krijnen, J. M. T. (2016, August 19). Replication of CR Cox, J Arndt, T Pyszczynski, J Greenberg, A Abdollahi, S Solomon (2008, JPSP 94(4), Exp. 6). Retrieved from osf.io/5tbxf",10.1126/science.aac4716,"Open Science Collaboration. (2015). Estimating the reproducibility of psychological science. Science, 349(6251), aac4716. https://doi.org/10.1126/science.aac4716","Wissink, J., Hoogendoorn, G. E. A. M., Brohmer, H., Verschoor, M., Zeelenberg, M., & Krijnen, J. M. T. (2016, August 19). Replication of CR Cox, J Arndt, T Pyszczynski, J Greenberg, A Abdollahi, S Solomon (2008, JPSP 94(4), Exp. 6). Retrieved from osf.io/5tbxf",,,,,,,,,,,,,,,,,https://osf.io/5tbxf/,,,,,,,,,,,,,,,,,,Failure,,,,,,,,,,,,,,,0.030419247,0.404014275,-0.189655384,0.0870825,1,0,0.943,Journal of Personality and Social Psychology,,,,,,,,,,,,,,,,,,,2008,0.009099937,0.02409031,0.004997683,0.462117635,0.943352377,no signal,inconsistent,no signal - inconsistent,2.259651283,0.101534617
Boyce_etal202326,,2.0,,1,Veronica Boyce,Boyce_etal2023,Psychology,,,Perceived status threat from the racial demographic shift affects White Americans’ political ideology,,,,,subfield: social,LR,45429.0,,,,0.4961117,0.12729303,170,114,"Craig, M. A., & Richeson, J. A. (2014). On the precipice of a “majority-minority”
America: Perceived status threat from the racial demographic shift affects
White Americans’ political ideology. Psychological science, 25(6), 1189-1197.",10.1177/0956797614527113,"Craig, M. A., & Richeson, J. A. (2014). On the precipice of a “majority-minority” America: Perceived status threat from the racial demographic shift affects White Americans’ political ideology. Psychological science, 25(6), 1189-1197.",3a,"Boyce, V., Mathur, M., & Frank, M. C. (2023). Eleven years of student replication projects provide evidence on the correlates of replicability in psychology. Royal Society Open Science, 10(11), 231240. https://doi.org/10.1098/rsos.231240",10.1098/rsos.231265,"Boyce, V., Mathur, M., & Frank, M. C. (2023). Eleven years of student replication projects provide evidence on the correlates of replicability in psychology. Royal Society Open Science, 10(11), 231240. https://doi.org/10.1098/rsos.231240",,,,,,,,,,,,,,,,,,https://osf.io/xwn9m/,,2,,,0.0,,1,,,"MSE2: m1=.15 (.06), m2=-.08(.06)","MSD2: m1=.271 (3.51), m2=-.721 (3.82)",,,,,,,Failure,,,,,,,,,,,,close,,,0.373486378,0.601696167,-0.057979126,0.304088788,,,,,,,,,,,,,,,,,,,,,,,2014,0.003362868,6.00637E-12,0.008565093,0.17713259,0.999980343,no signal,inconsistent,no signal - inconsistent,7.031775212,0.077382323
Manylabs2_20,,2.0,,1,LKasseckert,ML2,Psychology,Anchoring,Many Labs 2,Influence of incidental anchors on judgment,,,,,,Lukas Röseler,45384.0,,,,0.148340453,0.019996001,207,6826,"Critcher, C. R., & Gilovich, T. (2008). Incidental environmental anchors.
Journal of Behavioral Decision Making, 21, 241–251. doi:10.1002/bdm.586
Study 2",10.1002/bdm.586,"Critcher, C. R., & Gilovich, T. (2008). Incidental environmental anchors. Journal of Behavioral Decision Making, 21, 241–251. doi:10.1002/bdm.586",2.0,"Klein, R. A., Vianello, M., Hasselman, F., Adams, B. G., Adams Jr, R. B., Alper, S., ... & Sowden, W. (2018). Many Labs 2: Investigating variation in replicability across samples and settings. Advances in Methods and Practices in Psychological Science, 1(4), 443-490.",10.1177/2515245918810225,"Klein, R. A., Vianello, M., Hasselman, F., Adams, B. G., Adams Jr, R. B., Alper, S., ... & Sowden, W. (2018). Many Labs 2: Investigating variation in replicability across samples and settings. Advances in Methods and Practices in Psychological Science, 1(4), 443-490. https://doi.org/10.1177/2515245918810225",,,,0.3,d,0.04,d,,,,,,,,,,,https://osf.io/8cd4r/,,2,manylabs2,,,1,,,,,,,,,,,,Failure,,,,,,,,,,,,,,,0.012217586,0.279065209,-0.003729276,0.04369878,,,,Journal of Behavioral Decision Making,,,,,,,,,,,,,,,,,,,2008,0.00464308,0.032913291,0.000146403,0.09854996,1,no signal,inconsistent,no signal - inconsistent,2.134474694,0.070014004
Boyce_etal202327,,2.0,,1,Veronica Boyce,Boyce_etal2023,Psychology,,,How quick decisions illuminate moral character,,,,,subfield: social,LR,45429.0,,,,0.10036457,-0.06369886,119,115,"Critcher, C. R., Inbar, Y., & Pizarro, D. A. (2013). How quick decisions
illuminate moral character. Social Psychological and Personality Science,
4(3), 308-315.",10.1177/1948550612457688,"Critcher, C. R., Inbar, Y., & Pizarro, D. A. (2013). How quick decisions illuminate moral character. Social Psychological and Personality Science, 4(3), 308-315.",1.0,"Boyce, V., Mathur, M., & Frank, M. C. (2023). Eleven years of student replication projects provide evidence on the correlates of replicability in psychology. Royal Society Open Science, 10(11), 231240. https://doi.org/10.1098/rsos.231240",10.1098/rsos.231266,"Boyce, V., Mathur, M., & Frank, M. C. (2023). Eleven years of student replication projects provide evidence on the correlates of replicability in psychology. Royal Society Open Science, 10(11), 231240. https://doi.org/10.1098/rsos.231240",,,,,,,,,,,,,,,,,,https://osf.io/xwn9m/,,2,,,0.0,,0,,,"F(1, 117) = 127.07",t(113) = 12.1,,,,,,,OS not significant,,,,,,,,,,,,far,,,-0.081095991,0.275385235,-0.243963758,0.12082086,,,,,,,,,,,,,,,,,,,,,,,2013,0.008304707,0.277462799,0.008700889,0.49883804,0.282962093,no signal,OS not significant,no signal - OS not significant,1.084611114,0.092847669
osc2015132,osc2015132,2.0,,1,CD,OSC 2015,,,"African Continental Ancestry Group [psychology], Association, Attention, European Continental Ancestry Group [psychology], Eye Movements, Fixation, Ocular, Humans, Interpersonal Relations, Orientation, Prejudice, Social Identification",Where do we look during potentially offensive behavior?,,,,,only contact author listed as contributor,Jonas,44927.0,,,,0.246947019,0.179397898,25,30,"Crosby, J.R., Monin, B., & Richardson, D. (2008). Where do we look during
potentially offensive behavior? Psychological Science, 19(3), 226-228.",10.1111/j.1467-9280.2008.02072.x,"Crosby, J.R., Monin, B., & Richardson, D. (2008). Where do we look during potentially offensive behavior? Psychological Science, 19(3), 226-228. https://doi.org/10.1111/j.1467-9280.2008.02072.x",,"Jonas, K., & Skorinko, J. (2023, September 28). Replication of JR Crosby, B Monin, D Richardson (2008, PS 19(3)). Retrieved from osf.io/b98zw",10.1126/science.aac4716,"Open Science Collaboration. (2015). Estimating the reproducibility of psychological science. Science, 349(6251), aac4716. https://doi.org/10.1126/science.aac4716","Jonas, K., & Skorinko, J. (2023, September 28). Replication of JR Crosby, B Monin, D Richardson (2008, PS 19(3)). Retrieved from osf.io/b98zw",,,,,,,,,,,,,,,,,https://osf.io/b98zw/,,,,,,,,,,,,,,,,,,OS not significant,,,,,,,,,,,,,,,-0.164206565,0.584996105,-0.193369065,0.506905065,0,0,0.378,Psychological Science,,,,,,,,,,,,,,,,,,,2008,0.036739719,0.234021944,0.032298916,0.342836019,0.378058324,no signal,OS not significant,no signal - OS not significant,1.182730249,0.213200716
7vgkq,7vgkq,2.0,,1,LR,OSF Registries,,,,evaluative processing goals shape amygdala activity,,,,,,"Kateri McRae, Mallory C. Kidwell, Johanna Cohoon, Daniel Lumian, Lilian Hummer, TESS-Experiments",44927.0,,,,0.154618,0.154618,,39,"Cunningham, W. A., Van Bavel, J. J., & Johnsen, I. R. (2008). Affective
flexibility: evaluative processing goals shape amygdala activity. Psychological
Science, 19(2), 152-160.",10.1111/j.1467-9280.2008.02061.x,"Cunningham, W. A., Van Bavel, J. J., & Johnsen, I. R. (2008). Affective flexibility: evaluative processing goals shape amygdala activity. Psychological Science, 19(2), 152-160. https://doi.org/10.1111/j.1467-9280.2008.02061.x",,"McRae, K., Lumian, D. S., &  T. (2023, September 28). Materials. https://doi.org/10.17605/OSF.IO/7VGKQ",10.17605/OSF.IO/7VGKQ,"McRae, K., Lumian, D. S., &  T. (2023, September 28). Materials. https://doi.org/10.17605/OSF.IO/7VGKQ",,,,,,,,,,,,,,,,,,https://www.osf.io/7vgkq,,,,,,,,,,,,,,,,,,Failure,https://www.osf.io/7vgkq,,,,,,,,,,,,,,,,-0.169151019,0.44826654,,0,0.243,Psychological Science,,,,,,,,,,,,,,,,,,,2008,,,0.025072581,0.34729876,0.243185028,no signal,consistent,no signal - consistent,,
osc201549,osc201549,2.0,,1,CD,OSC 2015,,,"Attention, Awareness, Cues, Culture, Decision Making, Feeding Behavior, Female, Goals, Humans, Internal-External Control, Judgment, Male, Mental Recall, Persuasive Communication, Problem Solving, Psychomotor Performance, Semantics, Set (Psychology)",Increasing and decreasing motor and cognitive output: A model of general action and inaction goals.,,,,,only contact author listed as contributor,Kim,44927.0,,,,0.378345294,-0.030485538,36,88,"D Albarracín, IM Handley, K Noguchi, KC McCulloch, H Li, J Leeper, RD Brown,
A Earl, WP Hart (2008). Increasing and decreasing motor and cognitive output:
a model of general action and inaction goals. Journal of Personality and
Social Psychology, 95.3: 510-523.",10.1037/a0012833,"D Albarracín, IM Handley, K Noguchi, KC McCulloch, H Li, J Leeper, RD Brown, A Earl, WP Hart (2008). Increasing and decreasing motor and cognitive output: a model of general action and inaction goals. Journal of Personality and Social Psychology, 95.3: 510-523. https://doi.org/10.1037/a0012833",,"Frank, M. C., Kim, S. K., & Lee, K. J. (2023, September 28). Replication of Albarracín et al. (2008, JPSP). Retrieved from osf.io/vy1bc",10.1126/science.aac4716,"Open Science Collaboration. (2015). Estimating the reproducibility of psychological science. Science, 349(6251), aac4716. https://doi.org/10.1126/science.aac4716","Frank, M. C., Kim, S. K., & Lee, K. J. (2023, September 28). Replication of Albarracín et al. (2008, JPSP). Retrieved from osf.io/vy1bc",,,,,,,,,,,,,,,,,https://osf.io/vy1bc/,,,,,,,,,,,,,,,,,,Failure,,,,,,,,,,,,,,,0.0568797,0.628729933,-0.238405583,0.180106692,1,0,0.98,Journal of Personality and Social Psychology,,,,,,,,,,,,,,,,,,,2008,0.020977149,0.022889441,0.011472898,0.777977082,0.979634557,no signal,inconsistent,no signal - inconsistent,2.287066047,0.174077656
Boyce_etal202329,,2.0,,1,Veronica Boyce,Boyce_etal2023,Psychology,,,The value heuristic in judgments of relative frequency.,,,,,subfield: social,LR,45429.0,,,,0.21325958,0.01404865,63,26,"Dai, X., Wertenbroch, K., & Brendl, C. M. (2008). The value heuristic in
judgments of relative frequency. Psychological Science, 19(1), 18.",10.1111/j.1467-9280.2008.02039.x,"Dai, X., Wertenbroch, K., & Brendl, C. M. (2008). The value heuristic in judgments of relative frequency. Psychological Science, 19(1), 18.",1.0,"Boyce, V., Mathur, M., & Frank, M. C. (2023). Eleven years of student replication projects provide evidence on the correlates of replicability in psychology. Royal Society Open Science, 10(11), 231240. https://doi.org/10.1098/rsos.231240",10.1098/rsos.231268,"Boyce, V., Mathur, M., & Frank, M. C. (2023). Eleven years of student replication projects provide evidence on the correlates of replicability in psychology. Royal Society Open Science, 10(11), 231240. https://doi.org/10.1098/rsos.231240",,,,,,,,,,,,,,,,,,https://osf.io/xwn9m/,,2,,,0.0,,0,,,"prop: 12/31, 21/32","prop: 5/15, 2/11",,,,,,,OS not significant,,,,,,,,,,,,close,,,-0.03643037,0.437887401,-0.375345835,0.399228081,,,,,,,,,,,,,,,,,,,,,,,2008,0.014695308,0.093314854,0.039984212,0.945694544,0.279810988,no signal,OS not significant,no signal - OS not significant,1.677650611,0.129099445
Boyce_etal202330,,2.0,,1,Veronica Boyce,Boyce_etal2023,Psychology,,,cognitive dynamics of negated sentence verification,,,,,subfield: cognitive,LR,45429.0,,,,0.5249089,0.52805065,60,55,"Dale, R., & Duran, N. D. (2011). The cognitive dynamics of negated sentence
verification. Cognitive science, 35(5), 983-996.",10.01164.x,"Dale, R., & Duran, N. D. (2011). The cognitive dynamics of negated sentence verification. Cognitive science, 35(5), 983-996.","1,3","Boyce, V., Mathur, M., & Frank, M. C. (2023). Eleven years of student replication projects provide evidence on the correlates of replicability in psychology. Royal Society Open Science, 10(11), 231240. https://doi.org/10.1098/rsos.231240",10.1098/rsos.231269,"Boyce, V., Mathur, M., & Frank, M. C. (2023). Eleven years of student replication projects provide evidence on the correlates of replicability in psychology. Royal Society Open Science, 10(11), 231240. https://doi.org/10.1098/rsos.231240",,,,,,,,,,,,,,,,,,https://osf.io/xwn9m/,,2,,,1.0,,0,,,"F(1,655) = 6.9",bse b=.26(.25),,,,,,,Success,,,,,,,,,,,,close,,,0.31265748,0.687234012,0.305559393,0.695863999,,,,,,,,,,,,,,,,,,,,,,,2011,0.008895894,1.66543E-05,0.009631025,3.42334E-05,0.995281615,signal,consistent,signal - consistent,4.402245699,0.132453236
Boyce_etal202331,,2.0,,1,Veronica Boyce,Boyce_etal2023,Psychology,,,Model-based influences on humans' choices and striatal prediction errors,,,,,subfield: cognitive,LR,45429.0,,,,0.23978455,0.2847689,17,40,"Daw, N. D., Gershman, S. J., Seymour, B., Dayan, P., & Dolan, R. J. (2011).
Model-based influences on humans' choices and striatal prediction errors.
Neuron, 69(6), 1204-1215.",,"Daw, N. D., Gershman, S. J., Seymour, B., Dayan, P., & Dolan, R. J. (2011). Model-based influences on humans' choices and striatal prediction errors. Neuron, 69(6), 1204-1215.",1.0,"Boyce, V., Mathur, M., & Frank, M. C. (2023). Eleven years of student replication projects provide evidence on the correlates of replicability in psychology. Royal Society Open Science, 10(11), 231240. https://doi.org/10.1098/rsos.231240",10.1098/rsos.231270,"Boyce, V., Mathur, M., & Frank, M. C. (2023). Eleven years of student replication projects provide evidence on the correlates of replicability in psychology. Royal Society Open Science, 10(11), 231240. https://doi.org/10.1098/rsos.231240",,,,,,,,,,,,,,,,,,https://osf.io/xwn9m/,,2,,,1.0,,0,,,,bse b=0.0533074 (0.1674285),,,,,,,OS not significant,,,,,,,,,,,,close,,,-0.272235705,0.64597942,-0.029343453,0.54769337,,,,,,,,,,,,,,,,,,,,,,,2011,0.055519538,0.353939201,0.021651012,0.074911514,0.445381141,no signal,OS not significant,no signal - OS not significant,0.915005502,0.267261242
w4dip,w4dip,2.0,,1,LR,OSF Registries,Social Psychology,Heat Priming,,Heat-Priming is associated with increased hostile perceptions,,,,,there were two replications but the preregistration only referred to one (data here is from Study 2 with Mturkers and not students); other effect sizes available,Randy J. McCarthy,44927.0,,,,0.3134,-0.01,48,326,"DeWall, C. N., & Bushman, B. J. (2009). Hot under the collar in a lukewarm
environment: Words associated with hot temperature increase aggressive
thoughts and hostile perceptions. Journal of Experimental Social Psychology,
45(4), 1045-1047.",10.1016/j.jesp.2009.05.003,"DeWall, C. N., & Bushman, B. J. (2009). Hot under the collar in a lukewarm environment: Words associated with hot temperature increase aggressive thoughts and hostile perceptions. Journal of Experimental Social Psychology, 45(4), 1045-1047. https://doi.org/10.1016/j.jesp.2009.05.003",,"McCarthy, R. J. (2014, March 15). A Priori Hypotheses and Pre-Specified Analyses. https://doi.org/10.17605/OSF.IO/W4DIP ",10.17605/OSF.IO/W4DIP,"McCarthy, R. J. (2014, March 15). A Priori Hypotheses and Pre-Specified Analyses. https://doi.org/10.17605/OSF.IO/W4DIP ",,,,,,,,,,,,,,,,,,https://www.osf.io/w4dip,,,,,,,,,,,,,,,,,,Failure,https://www.osf.io/w4dip,,,,,,,,,,,,,,0.032126057,0.548676275,-0.11849631,0.098732274,1,0,1,Journal of Experimental Social Psychology,,,,,,,,,,,,,,,,,,,2009,0.017302297,0.03008007,0.003076308,0.857258033,0.999986207,no signal,inconsistent,no signal - inconsistent,2.175546314,0.149071198
xszk6,xszk6,2.0,,1,LR,OSF Registries,Social Psychology,Heat Priming,,Heat-Priming is associated with increased hostile perceptions,,,,,there were two replications but the preregistration only referred to one (data here is from Study 1 in the lab); other effect sizes available,Randy J. McCarthy,44927.0,,,,0.3134,-0.0599,48,120,"DeWall, C. N., & Bushman, B. J. (2009). Hot under the collar in a lukewarm
environment: Words associated with hot temperature increase aggressive
thoughts and hostile perceptions. Journal of Experimental Social Psychology,
45(4), 1045-1047.",10.1016/j.jesp.2009.05.003,"DeWall, C. N., & Bushman, B. J. (2009). Hot under the collar in a lukewarm environment: Words associated with hot temperature increase aggressive thoughts and hostile perceptions. Journal of Experimental Social Psychology, 45(4), 1045-1047. https://doi.org/10.1016/j.jesp.2009.05.003",,"McCarthy, R. J. (2014, March 8). The Effect of ""Heat-Priming"" on Hostile Perceptions. https://doi.org/10.17605/OSF.IO/XSZK6 ",10.17605/OSF.IO/XSZK6,"McCarthy, R. J. (2014, March 8). The Effect of ""Heat-Priming"" on Hostile Perceptions. https://doi.org/10.17605/OSF.IO/XSZK6 ",,,,,,,,,,,,,,,,,,https://www.osf.io/xszk6,,,,,,,,,,,,,,,,,,Failure,https://www.osf.io/xszk6,,,,,,,,,,,,,,0.032126057,0.548676275,-0.236601059,0.12063656,1,0,0.97,Journal of Experimental Social Psychology,,,,,,,,,,,,,,,,,,,2009,0.017302297,0.03008007,0.008343167,0.51576493,0.969790206,no signal,inconsistent,no signal - inconsistent,2.175546314,0.149071198
osc201539,osc201539,2.0,,1,CD,OSC 2015,,,"Adolescent, Adult, Association Learning, Bayes Theorem, Choice Behavior, Culture, Decision Making, Decision Theory, Female, Gambling [psychology], Health Behavior, Humans, Individuality, Male, Pattern Recognition, Visual, Psychomotor Performance, Risk-Taking, Stochastic Processes, Substance-Related Disorders [psychology]",Decision making and learning while taking sequential risks.,,,,,only contact author listed as contributor,Forsell,44927.0,,,,0.366615713,0.101709161,68,153,"Decision making and learning while taking sequential risks. Journal of
Experimental Psychology: Learning, Memory, and Cognition, 34(1), 167-185.",10.1037/0278-7393.34.1.167,"Decision making and learning while taking sequential risks. Journal of Experimental Psychology: Learning, Memory, and Cognition, 34(1), 167-185. https://doi.org/10.1037/0278-7393.34.1.167",,"Forsell, E., Heikensten, E. K., Dreber, A., & Johannesson, M. (2023, September 28). Replication of TJ Pleskac (2008, JEPLMC 34(1)). Retrieved from osf.io/38ges",10.1126/science.aac4716,"Open Science Collaboration. (2015). Estimating the reproducibility of psychological science. Science, 349(6251), aac4716. https://doi.org/10.1126/science.aac4716","Forsell, E., Heikensten, E. K., Dreber, A., & Johannesson, M. (2023, September 28). Replication of TJ Pleskac (2008, JEPLMC 34(1)). Retrieved from osf.io/38ges",,,,,,,,,,,,,,,,,https://osf.io/38ges/,,,,,,,,,,,,,,,,,,Failure,,,,,,,,,,,,,,,0.140469078,0.55640521,-0.057903473,0.256251639,1,0,0.999,Journal of Experimental Psychology,,,,,,,,,,,,,,,,,,,,0.011182852,0.002105227,0.006443536,0.210933559,0.998963038,no signal,inconsistent,no signal - inconsistent,3.099999997,0.124034735
Boyce_etal202332,,2.0,,1,Veronica Boyce,Boyce_etal2023,Psychology,,,Neural correlates of mirror invariance in the visual word form area,,,,,subfield: cognitive,LR,45429.0,,,,0.37497513,,26,23,"Dehaene, S., Nakamura, K., Jobert, A., Kuroki, C., Ogawa, S., & Cohen,
L. (2010). Why do children make mirror errors in reading? Neural correlates
of mirror invariance in the visual word form area. Neuroimage, 49(2), 1837-1848.",,"Dehaene, S., Nakamura, K., Jobert, A., Kuroki, C., Ogawa, S., & Cohen, L. (2010). Why do children make mirror errors in reading? Neural correlates of mirror invariance in the visual word form area. Neuroimage, 49(2), 1837-1848.",1.0,"Boyce, V., Mathur, M., & Frank, M. C. (2023). Eleven years of student replication projects provide evidence on the correlates of replicability in psychology. Royal Society Open Science, 10(11), 231240. https://doi.org/10.1098/rsos.231240",10.1098/rsos.231271,"Boyce, V., Mathur, M., & Frank, M. C. (2023). Eleven years of student replication projects provide evidence on the correlates of replicability in psychology. Royal Society Open Science, 10(11), 231240. https://doi.org/10.1098/rsos.231240",,,,,,,,,,,,,,,,,,https://osf.io/xwn9m/,,2,,,1.0,,0,,,,,,,,,,,OS not significant,,,,,,,,,,,,close,,,-0.014479989,0.66564404,,,,,,,,,,,,,,,,,,,,,,,,,1848,0.029542298,0.059092505,,,0.563127875,,OS not significant,NA - OS not significant,1.890515544,0.208514414
osc2015139,osc2015139,2.0,,1,CD,OSC 2015,,,"Attention, Humans, Judgment, Mental Recall, Music, Pitch Perception, Psychoacoustics, Reaction Time, Sound Spectrography",Auditory change detection: simple sounds are not memorized better than complex sounds,,,,,only contact author listed as contributor,Snyder,44927.0,,,,0.496363588,0.505151268,4,5,"Demany, L., Trost, W., Serman, M., & Semal, C. (2008). Auditory change
detection: simple sounds are not memorized better than complex sounds.
Psychological Science, 19(1), 85-91.",10.1111/j.1467-9280.2008.02050.x,"Demany, L., Trost, W., Serman, M., & Semal, C. (2008). Auditory change detection: simple sounds are not memorized better than complex sounds. Psychological Science, 19(1), 85-91. https://doi.org/10.1111/j.1467-9280.2008.02050.x",,"Snyder, J. S., & Irsik, V. C. (2023, September 28). Replication of L Demany, W Trost, M Serman, C Semal (2008, PS 19(1), Exp. 5). Retrieved from osf.io/ta3j8",10.1126/science.aac4716,"Open Science Collaboration. (2015). Estimating the reproducibility of psychological science. Science, 349(6251), aac4716. https://doi.org/10.1126/science.aac4716","Snyder, J. S., & Irsik, V. C. (2023, September 28). Replication of L Demany, W Trost, M Serman, C Semal (2008, PS 19(1), Exp. 5). Retrieved from osf.io/ta3j8",,,,,,,,,,,,,,,,,https://osf.io/ta3j8/,,,,,,,,,,,,,,,,,,OS not significant,,,,,,,,,,,,,,,-0.888655282,0.986731674,-0.680317866,0.959700355,0,0,0.237,Psychological Science,,,,,,,,,,,,,,,,,,,2008,0.18931597,0.503636412,0.138690026,0.385331931,0.236582882,no signal,OS not significant,no signal - OS not significant,0.544469283,1
Camereretal2018_4,,2.0,,1,LKasseckert,SSRP,Psychology,,"Social Science Replication Project, Science, Nature, Human Behavior",infuence of group size on cultural complexity,,,,,Effect sizes available here: https://osf.io/7286p,Lukas Röseler,45384.0,,,,0.524652481,0.360503018,51,65,"Derex, M., Beugin, M. P., Godelle, B., & Raymond, M. (2013). Experimental
evidence for the influence of group size on cultural complexity. Nature,
503(7476), 389-391.",10.1038/nature12774,"Derex, M., Beugin, M. P., Godelle, B., & Raymond, M. (2013). Experimental evidence for the influence of group size on cultural complexity. Nature, 503(7476), 389-391. https://doi.org/10.1038/nature12774",,"Camerer, C. F., Dreber, A., Holzmeister, F., Ho, T. H., Huber, J., Johannesson, M., ... & Wu, H. (2018). Evaluating the replicability of social science experiments in Nature and Science between 2010 and 2015. Nature human behaviour, 2(9), 637-644.",10.1038/s41562-018-0399-z,"Camerer, C. F., Dreber, A., Holzmeister, F., Ho, T. H., Huber, J., Johannesson, M., ... & Wu, H. (2018). Evaluating the replicability of social science experiments in Nature and Science between 2010 and 2015. Nature human behaviour, 2(9), 637-644.",,,,,,,,,,,,,,,,,,https://osf.io/pfdyw/,,2,Camereretal2018_4,,,,,,,,,,,,,,,Success,https://osf.io/c23qu,,,,,,,,,,,,,,0.291167446,0.699149205,0.12784484,0.555554261,,,,Nature,,,,,,,,,,,,,,,,,,,2013,0.010504955,7.74575E-05,0.011827584,0.003178148,0.998542821,signal,consistent,signal - consistent,4.037325999,0.144337567
osc2015106,osc2015106,2.0,,1,CD,OSC 2015,,,"Child, Preschool, Cognition, Cues, Female, Humans, Language, Male",More than meets the eye: the role of language in binding and maintaining feature conjunctions.,,,,,only contact author listed as contributor,Fitneva,44927.0,,,,0.381744212,-0.222920955,36,47,"Dessalegn, B. & Landau, B. (2008). More than meets the eye: The role of
language in binding visual properties. Psychological Science, 19(2), 189-195.",10.1111/j.1467-9280.2008.02066.x,"Dessalegn, B. & Landau, B. (2008). More than meets the eye: The role of language in binding visual properties. Psychological Science, 19(2), 189-195. https://doi.org/10.1111/j.1467-9280.2008.02066.x",,"Fitneva, S. A. (2023, September 28). Replication of Dessalegn & Landau (2008, PS, Study 4). Retrieved from osf.io/iajp5",10.1126/science.aac4716,"Open Science Collaboration. (2015). Estimating the reproducibility of psychological science. Science, 349(6251), aac4716. https://doi.org/10.1126/science.aac4716","Fitneva, S. A. (2023, September 28). Replication of Dessalegn & Landau (2008, PS, Study 4). Retrieved from osf.io/iajp5",,,,,,,,,,,,,,,,,https://osf.io/iajp5/,,,,,,,,,,,,,,,,,,Failure,,,,,,,,,,,,,,,0.060838652,0.631126233,-0.479398812,0.068639872,1,0,0.853,Psychological Science,,,,,,,,,,,,,,,,,,,2008,0.020850844,0.021595498,0.019632217,0.132031044,0.853362897,no signal,inconsistent,no signal - inconsistent,2.309887588,0.174077656
Boyce_etal202333,,2.0,,1,Veronica Boyce,Boyce_etal2023,Psychology,,,Cognitive vs. emotive factives,,,,,subfield: non-psych,LR,45429.0,,,,0.81930177,0.55975736,62,60,"Djärv, K., Zehr, J., & Schwarz, F. (2018). Cognitive vs. emotive factives:
An experimental differentiation. In Proceedings of Sinn und Bedeutung (Vol.
21, No. 1, pp. 367-386).",,"Djärv, K., Zehr, J., & Schwarz, F. (2018). Cognitive vs. emotive factives: An experimental differentiation. In Proceedings of Sinn und Bedeutung (Vol. 21, No. 1, pp. 367-386).",2.0,"Boyce, V., Mathur, M., & Frank, M. C. (2023). Eleven years of student replication projects provide evidence on the correlates of replicability in psychology. Royal Society Open Science, 10(11), 231240. https://doi.org/10.1098/rsos.231240",10.1098/rsos.231272,"Boyce, V., Mathur, M., & Frank, M. C. (2023). Eleven years of student replication projects provide evidence on the correlates of replicability in psychology. Royal Society Open Science, 10(11), 231240. https://doi.org/10.1098/rsos.231240",,,,,,,,,,,,,,,,,,https://osf.io/xwn9m/,,2,,,1.0,,0,,,bse: b=0.8605(0.2108),bse: b=0.8082 (0.2215),,,,,,,Success,,,,,,,,,,,,close,,,0.716066142,0.887463424,0.35650492,0.712421205,,,,,,,,,,,,,,,,,,,,,,,2018,0.001771689,3.9811E-16,0.007991831,3.32214E-06,1,signal,"inconsistent, smaller","signal - inconsistent, smaller",8.869340883,0.130188911
osc20158,osc20158,2.0,,1,LK,OSC 2015,,,"Association Learning, Attention, Awareness, Humans, Illusions [psychology], Lawyers [psychology], Mental Recall, Physicians [psychology], Reading, Set (Psychology), Social Perception, Stereotyping",Stereotypes and retrieval-provoked illusory source recollections.,,,,,only contact author listed as contributor,Calhoun Sauls,44927.0,,,,0.561422534,-0.110614348,39,33,"Dodson, C.S., Darragh, J., & Williams, A. (2008). Stereotypes and retrieval-provoked
illusory source recollections. Journal of Experimental Psychology: Learning,
Memory, and Cognition, 34(3), 460-477.",10.1037/0278-7393.34.3.460,"Dodson, C.S., Darragh, J., & Williams, A. (2008). Stereotypes and retrieval-provoked illusory source recollections. Journal of Experimental Psychology: Learning, Memory, and Cognition, 34(3), 460-477. https://doi.org/10.1037/0278-7393.34.3.460",,"Calhoun-Sauls, A. (2023, September 28). Replication of CS Dodson, J Darragh, A Williams (2008, JEPLMC 34(3), Exp. 3). Retrieved from osf.io/c5pbg",10.1126/science.aac4716,"Open Science Collaboration. (2015). Estimating the reproducibility of psychological science. Science, 349(6251), aac4716. https://doi.org/10.1126/science.aac4716","Calhoun-Sauls, A. (2023, September 28). Replication of CS Dodson, J Darragh, A Williams (2008, JEPLMC 34(3), Exp. 3). Retrieved from osf.io/c5pbg",,,,,,,,,,,,,,,,,https://osf.io/c5pbg/,,1,,,,,,,,,,,,,,,,Failure,,,,,,,,,,,,,,,0.298841844,0.744975781,-0.437316302,0.241880019,1,0,0.97,Journal of Experimental Psychology,,,,,,,,,,,,,,,,,,,2008,0.012340988,0.000200441,0.030489958,0.539998593,0.97010874,no signal,inconsistent,no signal - inconsistent,3.809448324,0.166666667
Boyce_etal202334,,2.0,,1,Veronica Boyce,Boyce_etal2023,Psychology,,,Reconciling novelty and complexity through a rational analysis of curiosity,,,,,subfield: cognitive,LR,45429.0,,,,0.5239728,0.10945789,253,221,"Dubey, R., & Griffiths, T. L. (2020). Reconciling novelty and complexity
through a rational analysis of curiosity. Psychological Review, 127(3),
455.",,"Dubey, R., & Griffiths, T. L. (2020). Reconciling novelty and complexity through a rational analysis of curiosity. Psychological Review, 127(3), 455.",1.0,"Boyce, V., Mathur, M., & Frank, M. C. (2023). Eleven years of student replication projects provide evidence on the correlates of replicability in psychology. Royal Society Open Science, 10(11), 231240. https://doi.org/10.1098/rsos.231240",10.1098/rsos.231273,"Boyce, V., Mathur, M., & Frank, M. C. (2023). Eleven years of student replication projects provide evidence on the correlates of replicability in psychology. Royal Society Open Science, 10(11), 231240. https://doi.org/10.1098/rsos.231240",,,,,,,,,,,,,,,,,,https://osf.io/xwn9m/,,2,,,0.0,,0,,,,,,,,,,,Failure,,,,,,,,,,,,close,,,0.428323293,0.608010809,-0.022843338,0.237991285,,,,,,,,,,,,,,,,,,,,,,,2020,0.002088418,3.05046E-19,0.004437189,0.104619201,1,no signal,inconsistent,no signal - inconsistent,9.199072772,0.063245553
soscisubmission14c,soscisubmission14c,2.0,,1,LK,Individual submissions,Experimental philosophy,drunk utilitarian,"utilitarianism, alcohol, CNI Model, trolley dilemma, moral judgmenet",drunk utilitarian,,,,,"We revisited the ""drunk utilitarian"" phenomena which was indicated by Duke and Begue in 2015. Our study replicated the results of Francis et al., 2019, and Arutyunova et al., 2017 but we proposed more strict methodolody and more measures to study utilitarianism. We show that there is no such phenomena as ""drunk utilitarian"", people are not more utilitarian when they are under the influence of the alcohol.",Pypno Katarzyna; Paruzel-Czachura Mariola,45022.0,,,,0.29,0.130384048,60,329,"Duke, A. A., & Bègue, L. (2015). The drunk utilitarian: Blood alcohol concentration
predicts utilitarian responses in moral dilemmas. Cognition, 134, 121–127.
https://doi.org/10.1016/j. cognition.2014.09.006 Study 1",10.1016/j.cognition.2014.09.006,"Duke, A. A., & Bègue, L. (2015). The drunk utilitarian: Blood alcohol concentration predicts utilitarian responses in moral dilemmas. Cognition, 134, 121–127. https://doi.org/10.1016/j.cognition.2014.09.006",1.0,"Paruzel-Czachura, M., Pypno, K., Everett, J.A., Białek, M.J., & Gawronski, B. (2023). The Drunk Utilitarian Revisited: Does Alcohol Really Increase Utilitarianism in Moral Judgment? Personality and Social Psychology Bulletin, 49, 20–31. ",10.1177/01461672211052120,"Paruzel-Czachura, M., Pypno, K., Everett, J.A., Białek, M.J., & Gawronski, B. (2023). The Drunk Utilitarian Revisited: Does Alcohol Really Increase Utilitarianism in Moral Judgment? Personality and Social Psychology Bulletin, 49, 20–31. https://doi.org/10.1177/01461672211052120",,,,0.29,r,0.017,etasq,,,,,,,,,,,https://osf.io/9vn5z/,,2,sosci_11c,1,,0,0,,,,,,,,,,,Success,https://osf.io/avf49,2.0,2.0,2.0,3.0,3.0,4.0,3.0,2.0,3.0,3.0,,,,0.038942988,0.506618264,0.022574319,0.235196199,,,,Cognition,,,,,,,,,,,,,,,,,,,2014,0.014218183,0.024600687,0.002946003,0.017978533,0.999912986,signal,"inconsistent, smaller","signal - inconsistent, smaller",2.254125859,0.132453236
soscisubmission14a,soscisubmission14a,2.0,,1,LK,Individual submissions,Experimental philosophy,drunk utilitarian,"utilitarianism, alcohol, CNI Model, trolley dilemma, moral judgmenet",drunk utilitarian,,,,,,Pypno Katarzyna; Paruzel-Czachura Mariola,45022.0,,,,0.29,0.32,60,42,"Duke, A. A., & Bègue, L. (2015). The drunk utilitarian: Blood alcohol concentration
predicts utilitarian responses in moral dilemmas. Cognition, 134, 121–127.
https://doi.org/10.1016/j. cognition.2014.09.006 Study 1",10.1016/j.cognition.2014.09.006,"Duke, A. A., & Bègue, L. (2015). The drunk utilitarian: Blood alcohol concentration predicts utilitarian responses in moral dilemmas. Cognition, 134, 121–127. https://doi.org/10.1016/j.cognition.2014.09.006",1.0,"Duke, A. A., & Bègue, L. (2015). The drunk utilitarian: Blood alcohol concentration predicts utilitarian responses in moral dilemmas. Cognition, 134, 121–127. ",10.1016/j.cognition.2014.09.006,"Duke, A. A., & Bègue, L. (2015). The drunk utilitarian: Blood alcohol concentration predicts utilitarian responses in moral dilemmas. Cognition, 134, 121–127. https://doi.org/10.1016/j.cognition.2014.09.006",,,,0.29,r,0.32,r,,,,,,,,,,,,,2,sosci_11a,,,,1,,,,,,,,,,,Success,,,,,,,,,,,,,,,0.038942988,0.506618264,0.017799814,0.568627744,,,,Cognition,,,,,,,,,,,,,,,,,,,2014,0.014218183,0.024600687,0.019650872,0.038835652,0.595998633,signal,consistent,signal - consistent,2.254125859,0.132453236
Camereretal2018_5,,2.0,,1,LKasseckert,SSRP,Psychology,,"Social Science Replication Project, Science, Nature, Human Behavior",episodic memory decisions induce lingering mnemonic biases,,,,,Effect sizes available here: https://osf.io/7286p,Lukas Röseler,45384.0,,,,0.673590839,0.436459839,15,92,"Duncan, K., Sadanand, A., & Davachi, L. (2012). Memory’s penumbra: episodic
memory decisions induce lingering mnemonic biases. Science, 337(6093),
485-487.",10.1126/science.1221936,"Duncan, K., Sadanand, A., & Davachi, L. (2012). Memory’s penumbra: episodic memory decisions induce lingering mnemonic biases. Science, 337(6093), 485-487. https://doi.org/10.1126/science.1221936",,"Camerer, C. F., Dreber, A., Holzmeister, F., Ho, T. H., Huber, J., Johannesson, M., ... & Wu, H. (2018). Evaluating the replicability of social science experiments in Nature and Science between 2010 and 2015. Nature human behaviour, 2(9), 637-644.",10.1038/s41562-018-0399-z,"Camerer, C. F., Dreber, A., Holzmeister, F., Ho, T. H., Huber, J., Johannesson, M., ... & Wu, H. (2018). Evaluating the replicability of social science experiments in Nature and Science between 2010 and 2015. Nature human behaviour, 2(9), 637-644.",,,,,,,,,,,,,,,,,,https://osf.io/pfdyw/,,2,Camereretal2018_5,,,,,,,,,,,,,,,Success,https://osf.io/eef8g,,,,,,,,,,,,,,0.246323176,0.881639182,0.254382884,0.588654708,,,,Science,,,,,,,,,,,,,,,,,,,2012,0.021315485,0.005905125,0.007201042,1.36556E-05,0.999999999,signal,"inconsistent, smaller","signal - inconsistent, smaller",2.83116714,0.288675135
FORRT_44c,,2.0,,1,LK,FORRT,Social Psychology,Prosocial spending,,Spending money on other people leads to greater happiness than spending money on oneself (retrospective positive emotion),,,,,,"Kaiser, Leonard",45271.0,,,,0.11,0.09,632,5199,"Dunn, E.W., Aknin, L.B., & Norton, M.I. (2008). Spending Money on Others
Promotes Happiness. Science, 319, 1687 - 1688.",10.1126/science.1150952,"Dunn, E.W., Aknin, L.B., & Norton, M.I. (2008). Spending Money on Others Promotes Happiness. Science, 319, 1687 - 1688.",,"Aknin, L. B., Dunn, E. W., Proulx, J., Lok, I., & Norton, M. I. (2020). Does spending money on others promote happiness?: A registered replication report. Journal of Personality and Social Psychology, 119(2), e15–e26. https://doi.org/10.1037/pspa0000191 Experiment 3",10.1037/pspa0000191,"Aknin, L. B., Dunn, E. W., Proulx, J., Lok, I., & Norton, M. I. (2020). Does spending money on others promote happiness?: A registered replication report. Journal of Personality and Social Psychology, 119(2), e15–e26. https://doi.org/10.1037/pspa0000191",3.0,,,0.11,b,,,,,,,,,,,,,https://osf.io/d6ymu/,,2,Aknin3,0,independent,,1,,,,,,,,,,,Success,,,,,,,,,,,,,,,0.032286808,0.186391143,0.062970487,0.116897579,,,,Science,,,,,,,,,,,,,,,,,,,2008,0.001546666,0.00563517,0.000189278,7.97858E-11,1,signal,consistent,signal - consistent,2.769994556,0.039872611
FORRT_44c,,2.0,,1,LK,FORRT,Social Psychology,Prosocial spending,,Spending money on other people leads to greater happiness than spending money on oneself (positive emotion),,,,,,"Kaiser, Leonard",45271.0,,,,0.11,0.03,632,5199,"Dunn, E.W., Aknin, L.B., & Norton, M.I. (2008). Spending Money on Others
Promotes Happiness. Science, 319, 1687 - 1688.",10.1126/science.1150952,"Dunn, E.W., Aknin, L.B., & Norton, M.I. (2008). Spending Money on Others Promotes Happiness. Science, 319, 1687 - 1688.",,"Aknin, L. B., Dunn, E. W., Proulx, J., Lok, I., & Norton, M. I. (2020). Does spending money on others promote happiness?: A registered replication report. Journal of Personality and Social Psychology, 119(2), e15–e26. https://doi.org/10.1037/pspa0000191 Experiment 3",10.1037/pspa0000191,"Aknin, L. B., Dunn, E. W., Proulx, J., Lok, I., & Norton, M. I. (2020). Does spending money on others promote happiness?: A registered replication report. Journal of Personality and Social Psychology, 119(2), e15–e26. https://doi.org/10.1037/pspa0000191",3.0,,,0.11,b,,,,,,,,,,,,,https://osf.io/d6ymu/,,2,Aknin3,0,independent,,1,,,,,,,,,,,Success,,,,,,,,,,,,,,,0.032286808,0.186391143,0.002818727,0.057136976,,,,Science,,,,,,,,,,,,,,,,,,,2008,0.001546666,0.00563517,0.000192036,0.030534302,1,signal,"inconsistent, smaller","signal - inconsistent, smaller",2.769994556,0.039872611
FORRT_44c,,2.0,,1,LK,FORRT,Social Psychology,Prosocial spending,,Spending money on other people leads to greater happiness than spending money on oneself (positive affect),,,,,,"Kaiser, Leonard",45271.0,,,,0.11,0.03,632,5199,"Dunn, E.W., Aknin, L.B., & Norton, M.I. (2008). Spending Money on Others
Promotes Happiness. Science, 319, 1687 - 1688.",10.1126/science.1150952,"Dunn, E.W., Aknin, L.B., & Norton, M.I. (2008). Spending Money on Others Promotes Happiness. Science, 319, 1687 - 1688.",,"Aknin, L. B., Dunn, E. W., Proulx, J., Lok, I., & Norton, M. I. (2020). Does spending money on others promote happiness?: A registered replication report. Journal of Personality and Social Psychology, 119(2), e15–e26. https://doi.org/10.1037/pspa0000191 Experiment 3",10.1037/pspa0000191,"Aknin, L. B., Dunn, E. W., Proulx, J., Lok, I., & Norton, M. I. (2020). Does spending money on others promote happiness?: A registered replication report. Journal of Personality and Social Psychology, 119(2), e15–e26. https://doi.org/10.1037/pspa0000191",3.0,,,0.11,b,,,,,,,,,,,,,https://osf.io/d6ymu/,,2,Aknin3,0,independent,,1,,,,,,,,,,,Success,,,,,,,,,,,,,,,0.032286808,0.186391143,0.002818727,0.057136976,,,,Science,,,,,,,,,,,,,,,,,,,2008,0.001546666,0.00563517,0.000192036,0.030534302,1,signal,"inconsistent, smaller","signal - inconsistent, smaller",2.769994556,0.039872611
FORRT_44b,,2.0,,1,LK,FORRT,Social Psychology,Prosocial spending,,Spending money on other people leads to greater happiness than spending money on oneself (positive emotion),,,,,,"Kaiser, Leonard",45271.0,,,,0.11,0.01,632,1950,"Dunn, E.W., Aknin, L.B., & Norton, M.I. (2008). Spending Money on Others
Promotes Happiness. Science, 319, 1687 - 1688.",10.1126/science.1150952,"Dunn, E.W., Aknin, L.B., & Norton, M.I. (2008). Spending Money on Others Promotes Happiness. Science, 319, 1687 - 1688.",,"Aknin, L. B., Dunn, E. W., Proulx, J., Lok, I., & Norton, M. I. (2020). Does spending money on others promote happiness?: A registered replication report. Journal of Personality and Social Psychology, 119(2), e15–e26. https://doi.org/10.1037/pspa0000191 Experiment 2",10.1037/pspa0000191,"Aknin, L. B., Dunn, E. W., Proulx, J., Lok, I., & Norton, M. I. (2020). Does spending money on others promote happiness?: A registered replication report. Journal of Personality and Social Psychology, 119(2), e15–e26. https://doi.org/10.1037/pspa0000191",2.0,,,0.11,b,,,,,,,,,,,,,https://osf.io/d6ymu/,,2,Aknin2,0,independent,,1,,,,,,,,,,,Failure,,,,,,,,,,,,,,,0.032286808,0.186391143,-0.034404708,0.054365303,,,,Science,,,,,,,,,,,,,,,,,,,2008,0.001546666,0.00563517,0.000512981,0.658984299,0.999380752,no signal,inconsistent,no signal - inconsistent,2.769994556,0.039872611
FORRT_44b,,2.0,,1,LK,FORRT,Social Psychology,Prosocial spending,,Spending money on other people leads to greater happiness than spending money on oneself (positive affect),,,,,,"Kaiser, Leonard",45271.0,,,,0.11,0.02,632,1950,"Dunn, E.W., Aknin, L.B., & Norton, M.I. (2008). Spending Money on Others
Promotes Happiness. Science, 319, 1687 - 1688.",10.1126/science.1150952,"Dunn, E.W., Aknin, L.B., & Norton, M.I. (2008). Spending Money on Others Promotes Happiness. Science, 319, 1687 - 1688.",,"Aknin, L. B., Dunn, E. W., Proulx, J., Lok, I., & Norton, M. I. (2020). Does spending money on others promote happiness?: A registered replication report. Journal of Personality and Social Psychology, 119(2), e15–e26. https://doi.org/10.1037/pspa0000191 Experiment 2",10.1037/pspa0000191,"Aknin, L. B., Dunn, E. W., Proulx, J., Lok, I., & Norton, M. I. (2020). Does spending money on others promote happiness?: A registered replication report. Journal of Personality and Social Psychology, 119(2), e15–e26. https://doi.org/10.1037/pspa0000191",2.0,,,0.11,b,,,,,,,,,,,,,https://osf.io/d6ymu/,,2,Aknin2,0,independent,,1,,,,,,,,,,,Failure,,,,,,,,,,,,,,,0.032286808,0.186391143,-0.024411108,0.064332322,,,,Science,,,,,,,,,,,,,,,,,,,2008,0.001546666,0.00563517,0.000512673,0.377399428,0.999380752,no signal,inconsistent,no signal - inconsistent,2.769994556,0.039872611
FORRT_44a,,2.0,,1,LK,FORRT,Social Psychology,Prosocial spending,,Spending money on other people leads to greater happiness than spending money on oneself (positive emotion),,,,,,"Kaiser, Leonard",45271.0,,,,0.11,0.16,632,712,"Dunn, E.W., Aknin, L.B., & Norton, M.I. (2008). Spending Money on Others
Promotes Happiness. Science, 319, 1687 - 1688.",10.1126/science.1150952,"Dunn, E.W., Aknin, L.B., & Norton, M.I. (2008). Spending Money on Others Promotes Happiness. Science, 319, 1687 - 1688.",,"Aknin, L. B., Dunn, E. W., Proulx, J., Lok, I., & Norton, M. I. (2020). Does spending money on others promote happiness?: A registered replication report. Journal of Personality and Social Psychology, 119(2), e15–e26. https://doi.org/10.1037/pspa0000191 Experiment 1",10.1037/pspa0000191,"Aknin, L. B., Dunn, E. W., Proulx, J., Lok, I., & Norton, M. I. (2020). Does spending money on others promote happiness?: A registered replication report. Journal of Personality and Social Psychology, 119(2), e15–e26. https://doi.org/10.1037/pspa0000191",1.0,,,0.11,b,,,,,,,,,,,,,https://osf.io/d6ymu/,,2,Aknin1,0,independent,,1,,,,,,,,,,,Success,,,,,,,,,,,,,,,0.032286808,0.186391143,0.087553948,0.230762484,,,,Science,,,,,,,,,,,,,,,,,,,2008,0.001546666,0.00563517,0.00133538,1.7908E-05,0.90288032,signal,consistent,signal - consistent,2.769994556,0.039872611
FORRT_44a,,2.0,,1,LK,FORRT,Social Psychology,Prosocial spending,,Spending money on other people leads to greater happiness than spending money on oneself (positive affect),,,,,,"Kaiser, Leonard",45271.0,,,,0.11,0.18,632,712,"Dunn, E.W., Aknin, L.B., & Norton, M.I. (2008). Spending Money on Others
Promotes Happiness. Science, 319, 1687 - 1688.",10.1126/science.1150952,"Dunn, E.W., Aknin, L.B., & Norton, M.I. (2008). Spending Money on Others Promotes Happiness. Science, 319, 1687 - 1688.",,"Aknin, L. B., Dunn, E. W., Proulx, J., Lok, I., & Norton, M. I. (2020). Does spending money on others promote happiness?: A registered replication report. Journal of Personality and Social Psychology, 119(2), e15–e26. https://doi.org/10.1037/pspa0000191 Experiment 1",10.1037/pspa0000191,"Aknin, L. B., Dunn, E. W., Proulx, J., Lok, I., & Norton, M. I. (2020). Does spending money on others promote happiness?: A registered replication report. Journal of Personality and Social Psychology, 119(2), e15–e26. https://doi.org/10.1037/pspa0000191",1.0,,,0.11,b,,,,,,,,,,,,,https://osf.io/d6ymu/,,2,Aknin1,0,independent,,1,,,,,,,,,,,Success,,,,,,,,,,,,,,,0.032286808,0.186391143,0.10795239,0.250166745,,,,Science,,,,,,,,,,,,,,,,,,,2008,0.001546666,0.00563517,0.001316807,1.33751E-06,0.90288032,signal,consistent,signal - consistent,2.769994556,0.039872611
OpenMKT17,OpenMKT17,2.0,,1,LK,openmkt,Marketing,,"parental decision making, family spending, economic recessions, evolutionary psychology","In times of greater economic scarcity, the preference for giving resources to girls (vs. boys) will be moderated by individual differences in risk aversion with greater differences between economic conditions in resource allocation to girls (vs boys) for participants with higher levels of trait risk aversion.",,,,,,"Kaiser, Leonard",45158.0,,,,0.1786519,0.08199041,198,573,"Durante, K. M., Griskevicius, V., Redden, J. P., & Edward White, A. (2015).
Spending on daughters versus sons in economic recessions. Journal of Consumer
Research, 42(3), 435-457. Study 4",10.1093/jcr/ucv023,"Durante, K. M., Griskevicius, V., Redden, J. P., & Edward White, A. (2015). Spending on daughters versus sons in economic recessions. Journal of Consumer Research, 42(3), 435-457.",4.0,"O’Donnell, M., Dev, A. S., Antonoplis, S., Baum, S. M., Benedetti, A. H., Brown, N. D., Carrillo, B., Choi, A. L., Connor, P., Donnelly, K., Ellwood-Lowe, M. E., Foushee, R., Jansen, R., Jarvis, S. N., Lundell-Creagh, R., Ocampo, J. M., Okafor, G. N., Azad, Z. R., Rosenblum, M., … Nelson, L. D. (2021). Empirical audit and review and an assessment of evidentiary value in research on the psychological consequences of scarcity. Proceedings of the National Academy of Sciences, 118(44), e2103313118. 
",10.1073/pnas.2103313118,"O’Donnell, M., Dev, A. S., Antonoplis, S., Baum, S. M., Benedetti, A. H., Brown, N. D., Carrillo, B., Choi, A. L., Connor, P., Donnelly, K., Ellwood-Lowe, M. E., Foushee, R., Jansen, R., Jarvis, S. N., Lundell-Creagh, R., Ocampo, J. M., Okafor, G. N., Azad, Z. R., Rosenblum, M., … Nelson, L. D. (2021). Empirical audit and review and an assessment of evidentiary value in research on the psychological consequences of scarcity. Proceedings of the National Academy of Sciences, 118(44), e2103313118. https://doi.org/10.1073/pnas.2103313118",,,,0.1786519,r,0.08199041,r,,,,,,,,,,,https://osf.io/a2e96/,,2,openMKT17,,,,,,,,,,,,,,,Success,,,,,,,,,,,,,,,0.040212164,0.310361807,8.1022E-05,0.162806958,,,,Journal of Consumer Research,,,,,,,,,,,,,,,,,,,2015,0.004757288,0.011794605,0.001724826,0.049802467,0.996212729,signal,"inconsistent, smaller","signal - inconsistent, smaller",2.521799261,0.071611487
Boyce_etal202335,,2.0,,1,Veronica Boyce,Boyce_etal2023,Psychology,,,Ambivalence gives pause to the powerful,,,,,subfield: social,LR,45429.0,,,,0.35886439,0.0559926,126,103,"Durso, G. R., Briñol, P., & Petty, R. E. (2016). From power to inaction:
Ambivalence gives pause to the powerful. Psychological Science, 27(12),
1660-1666.",10.1177/0956797616669947,"Durso, G. R., Briñol, P., & Petty, R. E. (2016). From power to inaction: Ambivalence gives pause to the powerful. Psychological Science, 27(12), 1660-1666.",1.0,"Boyce, V., Mathur, M., & Frank, M. C. (2023). Eleven years of student replication projects provide evidence on the correlates of replicability in psychology. Royal Society Open Science, 10(11), 231240. https://doi.org/10.1098/rsos.231240",10.1098/rsos.231274,"Boyce, V., Mathur, M., & Frank, M. C. (2023). Eleven years of student replication projects provide evidence on the correlates of replicability in psychology. Royal Society Open Science, 10(11), 231240. https://doi.org/10.1098/rsos.231240",,,,,,,,,,,,,,,,,,https://osf.io/xwn9m/,,2,,,0.0,,0,,,,,,,,,,,Failure,,,,,,,,,,,,far,,,0.196277382,0.502246377,-0.139038681,0.246842492,,,,,,,,,,,,,,,,,,,,,,,2016,0.006072143,3.68472E-05,0.009742544,0.574273674,0.983372405,no signal,inconsistent,no signal - inconsistent,4.165403819,0.090166963
osc201589,osc201589,2.0,,1,CD,OSC 2015,,,"Adult, Choice Behavior, Empathy, Female, Humans, Love, Male, Marriage [psychology], Questionnaires, Sexual Behavior [psychology]",Sex differences in mate preferences revisited: Do people know what they initially desire in a romantic partner?,,,,,only contact author listed as contributor,Selterman,44927.0,,,,0.139816632,0.0294047,163,304,"Eastwick, P. W., & Finkel, E. J. (2008). Sex differences in mate preferences
revisited: Do people know what they initially desire in a romantic partner?.
Journal Of Personality And Social Psychology, 94(2), 245-264. doi:10.1037/0022-3514.94.2.245",10.1037/0022-3514.94.2.245,"Eastwick, P. W., & Finkel, E. J. (2008). Sex differences in mate preferences revisited: Do people know what they initially desire in a romantic partner?. Journal Of Personality And Social Psychology, 94(2), 245-264. https://doi.org/10.1037/0022-3514.94.2.245",,"Selterman, D. F., Chagnon, E., & Mackinnon, S. P. (2023, September 28). Replication of Eastwick & Finkel (2008, JPSP). Retrieved from osf.io/ng6cc",10.1126/science.aac4716,"Open Science Collaboration. (2015). Estimating the reproducibility of psychological science. Science, 349(6251), aac4716. https://doi.org/10.1126/science.aac4716","Selterman, D. F., Chagnon, E., & Mackinnon, S. P. (2023, September 28). Replication of Eastwick & Finkel (2008, JPSP). Retrieved from osf.io/ng6cc",,,,,,,,,,,,,,,,,https://osf.io/ng6cc/,,,,,,,,,,,,,,,,,,OS not significant,,,,,,,,,,,,,,,-0.014209255,0.287360966,-0.083363348,0.141429179,0,0,0.788,Journal of Personality and Social Psychology,,,,,,,,,,,,,,,,,,,2008,0.005933857,0.075063562,0.003294625,0.609570374,0.788436809,no signal,OS not significant,no signal - OS not significant,1.780217454,0.079056942
osc2015107,osc2015107,2.0,,1,CD,OSC 2015,,,"Achievement, Awareness, Cues, Goals, Humans, Mental Recall, Motivation, Orientation, Pattern Recognition, Visual, Problem Solving, Reaction Time, Serial Learning, Social Environment, Unconscious (Psychology), Verbal Learning",Nonconscious goal pursuit in novel environments: The case of implicit learning.,,,,,only contact author listed as contributor,Prenoveau,44927.0,,,,0.222330235,0.104941786,86,158,"Eitam, B., Hassin, R. R., & Schul, Y. (2008). Nonconscious goal pursuit
in novel environments: The case of implicit learning. Psychological Science,
19, 261-267.",10.1111/j.1467-9280.2008.02078.x,"Eitam, B., Hassin, R. R., & Schul, Y. (2008). Nonconscious goal pursuit in novel environments: The case of implicit learning. Psychological Science, 19, 261-267. https://doi.org/10.1111/j.1467-9280.2008.02078.x",,"Prenoveau, J. M., & Kirkhart, M. W. (2023, September 28). Replication of Eitam, Hassin, & Schul (2008, PS, Study 2). Retrieved from osf.io/edcr7",10.1126/science.aac4716,"Open Science Collaboration. (2015). Estimating the reproducibility of psychological science. Science, 349(6251), aac4716. https://doi.org/10.1126/science.aac4716","Prenoveau, J. M., & Kirkhart, M. W. (2023, September 28). Replication of Eitam, Hassin, & Schul (2008, PS, Study 2). Retrieved from osf.io/edcr7",,,,,,,,,,,,,,,,,https://osf.io/edcr7/,,,,,,,,,,,,,,,,,,Failure,,,,,,,,,,,,,,,0.010971752,0.414671902,-0.052051425,0.256873071,1,0,0.881,Psychological Science,,,,,,,,,,,,,,,,,,,2008,0.010630376,0.039641746,0.006229909,0.189435742,0.880847409,no signal,consistent,no signal - consistent,2.059925413,0.10976426
OpenMKT6,OpenMKT6,2.0,,1,LK,openmkt,Marketing,,Sensory Marketing,"Visual product depictions within advertisements, such as the manipulation of orienting a product toward a participant’s dominant hand, facilitate purchase intention; Mental simulation",,,,,,"Kaiser, Leonard",45142.0,,,,0.245,0.003,78,823,"Elder, R. S., and Krishna, A. (2011). The “visual depiction effect” in
advertising: facilitating. embodied mental simulation through product orientation.
J. Consum. Res. 38, 988–1003. doi: 10.1086/661531 Study 4",10.1086/661531,"Elder, R. S., and Krishna, A. (2011). The “visual depiction effect” in advertising: facilitating. embodied mental simulation through product orientation. J. Consum. Res. 38, 988–1003. https://doi.org/10.1086/661531",4.0,"Motoki, K., & Iseki, S. (2022). Evaluating replicability of ten influential research on sensory marketing. Frontiers in Communication, 7, 1048896.",10.3389/fcomm.2022.1048896,"Motoki, K., & Iseki, S. (2022). Evaluating replicability of ten influential research on sensory marketing. Frontiers in Communication, 7, 1048896. https://doi.org/10.3389/fcomm.2022.1048896",,,,0.245,r,0.003,r,,,,,,,,,,,https://osf.io/tnmvq/,,2,openMKT6,,,,,,,,,,,,,,,Failure,,,,,,,,,,,,,,,0.023764908,0.443358818,-0.065351628,0.071323607,,,,Journal of Consumer Research,,,,,,,,,,,,,,,,,,,2011,0.011474714,0.030624967,0.001216523,0.931519428,0.999999983,no signal,inconsistent,no signal - inconsistent,2.16581288,0.115470054
OpenMKT6,OpenMKT6,2.0,,1,LK,openmkt,Marketing,,Sensory Marketing,"Visual product depictions within advertisements, such as the manipulation of orienting a product toward a participant’s dominant hand, facilitate purchase intention; Purchase intention",,,,,,"Kaiser, Leonard",45142.0,,,,0.4,0.009,78,823,"Elder, R. S., and Krishna, A. (2011). The “visual depiction effect” in
advertising: facilitating. embodied mental simulation through product orientation.
J. Consum. Res. 38, 988–1003. doi: 10.1086/661531 Study 4",10.1086/661531,"Elder, R. S., and Krishna, A. (2011). The “visual depiction effect” in advertising: facilitating. embodied mental simulation through product orientation. J. Consum. Res. 38, 988–1003. https://doi.org/10.1086/661531",4.0,"Motoki, K., & Iseki, S. (2022). Evaluating replicability of ten influential research on sensory marketing. Frontiers in Communication, 7, 1048896.",10.3389/fcomm.2022.1048896,"Motoki, K., & Iseki, S. (2022). Evaluating replicability of ten influential research on sensory marketing. Frontiers in Communication, 7, 1048896. https://doi.org/10.3389/fcomm.2022.1048896",,,,0.4,r,0.009,r,,,,,,,,,,,https://osf.io/tnmvq/,,2,openMKT6,,,,,,,,,,,,,,,Failure,,,,,,,,,,,,,,,0.194809704,0.571647129,-0.059374748,0.077290693,,,,Journal of Consumer Research,,,,,,,,,,,,,,,,,,,2011,0.009163636,0.000285191,0.001216348,0.796557725,1,no signal,inconsistent,no signal - inconsistent,3.668907358,0.115470054
dqv9y,dqv9y,2.0,,1,LR,OSF Registries,Social Psychology,Color red on attractiveness,CREP,Color red increases attractiveness ratings,,,,,other effect sizes available; computed based on https://www.researchgate.net/publication/326144486_Elliott_et_al%27s_2010_Red_Rank_and_Romance_Effect_A_Meta-Analysis_of_Collaborative_Replications_and_Education_Project_CREP_Replications p.11 Elliot et al (2010),Kasia Banas,44927.0,,,,0.3892,0.03,33,39,"Elliot, A. J., Niesta Kayser, D., Greitemeyer, T., Lichtenfeld, S., Gramzow,
R. H., Maier, M. A., & Lu, H. (2010). Red, rank, and romance in women viewing
men. Journal of Experimental Psychology: General, 139(3), 399–417. DOI:
https://doi.org/10.1037/ a0019689",10.1037/a0019689,"Elliot, A. J., Niesta Kayser, D., Greitemeyer, T., Lichtenfeld, S., Gramzow, R. H., Maier, M. A., & Lu, H. (2010). Red, rank, and romance in women viewing men. Journal of Experimental Psychology: General, 139(3), 399–417. https://doi.org/10.1037/a0019689",,"Banas, K. (2014, June 17). Replication of Elliot et al.  (2010) for CREP at the University of Edinburgh. https://doi.org/10.17605/OSF.IO/DQV9Y ",10.17605/OSF.IO/DQV9Y,"Banas, K. (2014, June 17). Replication of Elliot et al.  (2010) for CREP at the University of Edinburgh. https://doi.org/10.17605/OSF.IO/DQV9Y ",,,,,,,,,,,,,,,,,,https://www.osf.io/dqv9y,,,,,,,,,,,,,,,,,,Failure,https://www.osf.io/dqv9y,,,,,,,,,,,,,,0.052968424,0.646170384,-0.288245442,0.342277222,1,0,0.803,Journal of Experimental Psychology,,,,,,,,,,,,,,,,,,,1968,0.022499747,0.025177233,0.026268442,0.856135965,0.802992375,no signal,inconsistent,no signal - inconsistent,2.250355777,0.182574186
Boyce_etal202336,,2.0,,1,Veronica Boyce,Boyce_etal2023,Psychology,,,Syntax-induced pattern deafness,,,,,subfield: cognitive,LR,45429.0,,,,0.37165247,0.24188046,20,80,"Endress, A. D., & Hauser, M. D. (2009). Syntax-induced pattern deafness.
Proceedings of the National Academy of Sciences, 106(49), 21001-21006.",10.1073/pnas.0908963106,"Endress, A. D., & Hauser, M. D. (2009). Syntax-induced pattern deafness. Proceedings of the National Academy of Sciences, 106(49), 21001-21006.",1.0,"Boyce, V., Mathur, M., & Frank, M. C. (2023). Eleven years of student replication projects provide evidence on the correlates of replicability in psychology. Royal Society Open Science, 10(11), 231240. https://doi.org/10.1098/rsos.231240",10.1098/rsos.231275,"Boyce, V., Mathur, M., & Frank, M. C. (2023). Eleven years of student replication projects provide evidence on the correlates of replicability in psychology. Royal Society Open Science, 10(11), 231240. https://doi.org/10.1098/rsos.231240",,,,,,,,,,,,,,,,,,https://osf.io/xwn9m/,,2,,,1.0,,0,,,"MSD1: m1=53(10.7), comp=50","MSD1: m1=49.9(11), comp=50",,,,,,,OS not significant,,,,,,,,,,,,close,,,-0.084817778,0.69918288,0.023407564,0.438303613,,,,,,,,,,,,,,,,,,,,,,,2009,0.039096187,0.106642942,0.011220388,0.030648789,0.964193589,signal,OS not significant,signal - OS not significant,1.60940907,0.242535625
fmd75,fmd75,2.0,,1,LR,OSF Registries,Judgment and Decision Making,Anchoring Effect,"adjustment, anchor, anchoring, anchoring effect, Epley, experimenter-provided, Gilovich, replication, self-generated",People who score low in need for cognition (NFC) are more likely to be influenced by the self-generated anchor → negative correlation between these variables,,,,,,"Lukas Röseler, Sabrina Bickenbach, Ricarda Bühler, Greta Kick, Clara Koeth, Katharina Kroworsch, Susanne Ponader",44927.0,,,,0.2379622,-0.008499693,81,298,"Epley, N., & Gilovich, T. (2006). The anchoring-and-adjustment heuristic:
Why the adjustments are insufficient. Psychological science, 17(4), 311-318.
Study 2a",10.1111/j.1467-9280.2006.01704.x,"Epley, N., & Gilovich, T. (2006). The anchoring-and-adjustment heuristic: Why the adjustments are insufficient. Psychological science, 17(4), 311-318. https://doi.org/10.1111/j.1467-9280.2006.01704.x",2a,"Röseler, L., Bögler, H. L., Koßmann, L., Krueger, S., Bickenbach, S., Bühler, R., … Ponader, S. (2023, July 11). Results Report: Replication of Epley and Gilovich  (2006, Study 2a). https://doi.org/10.17605/OSF.IO/FMD75",10.17605/OSF.IO/FMD75,"Röseler, L., Bögler, H. L., Koßmann, L., Krueger, S., Bickenbach, S., Bühler, R., … Ponader, S. (2023, July 11). Results Report: Replication of Epley and Gilovich  (2006, Study 2a). https://doi.org/10.17605/OSF.IO/FMD75",,,,,,,,,,,,,,,,,,https://www.osf.io/fmd75,,1,,,,,,,,,,,,,,,,Failure,https://www.osf.io/fmd75,,,,,,,,,,,,,,0.020687707,0.433773222,-0.122002627,0.105222682,1,0,0.994,Psychological Science,,,,,,,,,,,,,,,,,,,2006,0.011124431,0.032419148,0.003366517,0.883831844,0.994283536,no signal,inconsistent,no signal - inconsistent,2.142698934,0.113227703
q6tv8,q6tv8,2.0,,1,LR,OSF Registries,Judgment and Decision Making,Anchoring Effect,"adjustment, anchor, anchoring, anchoring effect, Epley, experimenter-provided, Gilovich, replication, self-generated",Cognitive busyness makes for fewer distance from anchor for self-generated anchors but not experimenter-provided anchors,,,,,,"Lukas Röseler, Sabrina Bickenbach, Ricarda Bühler, Greta Kick, Clara Koeth, Katharina Kroworsch, Susanne Ponader, Hannah Luisa Bögler, Lisa Koßmann, Rebekka Keller",44927.0,,,,0.3133775,-0.1068842,94,182,"Epley, N., & Gilovich, T. (2006). The anchoring-and-adjustment heuristic:
Why the adjustments are insufficient. Psychological science, 17(4), 311-318.
Study 2c",10.1111/j.1467-9280.2006.01704.x,"Epley, N., & Gilovich, T. (2006). The anchoring-and-adjustment heuristic: Why the adjustments are insufficient. Psychological science, 17(4), 311-318. https://doi.org/10.1111/j.1467-9280.2006.01704.x",2c,"Röseler, L., Bögler, H. L., Koßmann, L., Krueger, S., Bickenbach, S., Bühler, R., … Ponader, S. (2023, July 11). Results Report: Replication of Epley and Gilovich  (2006, Study 2c). https://doi.org/10.17605/OSF.IO/Q6TV8",10.17605/OSF.IO/Q6TV8,"Röseler, L., Bögler, H. L., Koßmann, L., Krueger, S., Bickenbach, S., Bühler, R., … Ponader, S. (2023, July 11). Results Report: Replication of Epley and Gilovich  (2006, Study 2c). https://doi.org/10.17605/OSF.IO/Q6TV8",,,,,,,,,,,,,,,,,,https://www.osf.io/q6tv8,,1,,,,,,,,,,,,,,,,Failure,https://www.osf.io/q6tv8,,,,,,,,,,,,,,0.118270171,0.485187212,-0.248476705,0.039180483,1,0,0.997,Psychological Science,,,,,,,,,,,,,,,,,,,2006,0.008744445,0.002101374,0.005399348,0.150965616,0.996591136,no signal,inconsistent,no signal - inconsistent,3.093494579,0.104828484
osc2015143,osc2015143,2.0,,1,CD,OSC 2015,,,"Adult, Female, Humans, Interpersonal Relations, Loneliness, Male, Motivation, Object Attachment, Questionnaires, Religion and Psychology, Social Behavior","Creating social connection through inferential reproduction: Loneliness and perceived agency in gadgets, gods, and greyhounds.",,,,,only contact author listed as contributor,Sandstrom,44927.0,,,,0.172960188,0.061707156,57,78,"Epley, N., Akalis, S., Waytz, A., & Cacioppo, J.T. (2008). Creating social
connection through inferential reproduction: Loneliness and perceived agency
in gadgets, Gods and greyhounds. Psychological Science, 19(2), 114–120.",10.1111/j.1467-9280.2008.02056.x,"Epley, N., Akalis, S., Waytz, A., & Cacioppo, J.T. (2008). Creating social connection through inferential reproduction: Loneliness and perceived agency in gadgets, Gods and greyhounds. Psychological Science, 19(2), 114–120. https://doi.org/10.1111/j.1467-9280.2008.02056.x",,"Dunn, E. W., & Sandstrom, G. M. (2023, September 28). Replication of Epley, Akalis, Waytz & Cacioppo (2008, PS, Study 3). Retrieved from osf.io/yuybh",10.1126/science.aac4716,"Open Science Collaboration. (2015). Estimating the reproducibility of psychological science. Science, 349(6251), aac4716. https://doi.org/10.1126/science.aac4716","Dunn, E. W., & Sandstrom, G. M. (2023, September 28). Replication of Epley, Akalis, Waytz & Cacioppo (2008, PS, Study 3). Retrieved from osf.io/yuybh",,,,,,,,,,,,,,,,,https://osf.io/yuybh/,,,,,,,,,,,,,,,,,,OS not significant,,,,,,,,,,,,,,,-0.091742085,0.414832254,-0.163062735,0.280387701,0,0,0.452,Psychological Science,,,,,,,,,,,,,,,,,,,2008,0.016804723,0.19822934,0.012888298,0.591477664,0.451668303,no signal,OS not significant,no signal - OS not significant,1.283899094,0.136082763
osc201561,osc201561,2.0,,1,CD,OSC 2015,,,"Adult, Age Factors, Aged, Aging [psychology], Analysis of Variance, Emotions, Female, Human Development, Humans, Imagination, Male, United States",Poignancy: Mixed emotional experience in the face of meaningful endings.,,,,,only contact author listed as contributor,Talhelm,44927.0,,,,0.219666896,-0.004719346,110,222,"Ersner-Hershfield, H. H., Mikels, J. A., Sullivan, S. J., & Carstensen,
L. L. (2008). Poignancy: mixed emotional experience in the face of meaningful
endings. Journal of Personality and Social Psychology, 94(1), 158-167.",10.1037/0022-3514.94.1.158,"Ersner-Hershfield, H. H., Mikels, J. A., Sullivan, S. J., & Carstensen, L. L. (2008). Poignancy: mixed emotional experience in the face of meaningful endings. Journal of Personality and Social Psychology, 94(1), 158-167. https://doi.org/10.1037/0022-3514.94.1.158",,"Talhelm, T., Eggleston, C., & Lee, M. (2023, September 28). Replication of Ersner-Hershfield et al. (2008, JPSP, Study 2). Retrieved from osf.io/sq8k9",10.1126/science.aac4716,"Open Science Collaboration. (2015). Estimating the reproducibility of psychological science. Science, 349(6251), aac4716. https://doi.org/10.1126/science.aac4716","Talhelm, T., Eggleston, C., & Lee, M. (2023, September 28). Replication of Ersner-Hershfield et al. (2008, JPSP, Study 2). Retrieved from osf.io/sq8k9",,,,,,,,,,,,,,,,,https://osf.io/sq8k9/,,,,,,,,,,,,,,,,,,Failure,,,,,,,,,,,,,,,0.033816321,0.390833103,-0.136307746,0.127032696,1,0,0.952,Journal of Personality and Social Psychology,,,,,,,,,,,,,,,,,,,2008,0.008310287,0.021121432,0.004524685,0.944257252,0.952274587,no signal,inconsistent,no signal - inconsistent,2.309896153,0.096673649
FORRT_45,,2.0,,1,LR,FORRT,Social Psychology,Gustatory disgust on moral judgement,"moral, disgust",Gustatory disgust triggers a heightened sense of moral wrongness: Bitter vs. Sweet,,,,,no interaction test for conservative vs. liberal available in original - omitted subgroup analyses here; ES of replication based on internal meta-analysis ,Niclas Kuper,45346.0,,corrected page number for replication results (referred to the pdf-page number instead of the one printed on the pages),,0.520759202,0.024992191,33,766,"Eskine KJ, Kacinik NA, Prinz JJ (2011). “A Bad Taste in the Mouth: Gustatory
Disgust Influences Moral Judgment.”
 _Psychological Science_, *22*(3),
295–299. ISSN 1467-9280, doi:10.1177/0956797611398497
 <https://doi.org/10.1177/0956797611398497>,
<http://dx.doi.org/10.1177/0956797611398497>.",10.1177/0956797611398497,"Eskine, K. J., Kacinik, N. A., & Prinz, J. J. (2011). A bad taste in the mouth: Gustatory disgust influences moral judgment. Psychological science, 22(3), 295-299. https://doi.org/10.1177/0956797611398497",,"Ghelfi E, Christopherson CD, Urry HL, Lenne RL, Legate N, Ann Fischer M, Wagemans FMA, Wiggins B, Barrett T,
 Bornstein M, de Haan B, Guberman J, Issa N, Kim J, Na E, O’Brien J, Paulk A, Peck T, Sashihara M, Sheelar K, Song
 J, Steinberg H, Sullivan D (2020). “Reexamining the Effect of Gustatory Disgust on Moral Judgment: A Multilab
 Direct Replication of Eskine, Kacinik, and Prinz (2011).” _Advances in Methods and Practices in Psychological
 Science_, *3*(1), 3–23. ISSN 2515-2467, doi:10.1177/2515245919881152 <https://doi.org/10.1177/2515245919881152>,
 <http://dx.doi.org/10.1177/2515245919881152>.",10.1177/2515245919881152,"Ghelfi, E., Christopherson, C. D., Urry, H. L., Lenne, R. L., Legate, N., Ann Fischer, M., ... & Sullivan, D. (2020). Reexamining the effect of gustatory disgust on moral judgment: A multilab direct replication of Eskine, Kacinik, and Prinz (2011). Advances in Methods and Practices in Psychological Science, 3(1), 3-23. https://doi.org/10.1177/2515245919881152",,,,1.22,d,-0.05,hedges g,,,,,,,,,,,https://osf.io/5ygsp/,,2,2.0,1,the bitter condiiton is in both samples; replication: nesting in study (multi-lab replication),0,0,,,,,297.0,"13, Figure 2",296.0,"10, Table 1",,,Failure,https://osf.io/d4yjb,,,,,,,,,,,,,,0.216081549,0.733018232,-0.045925734,0.09565946,,,,Psychological Science,,,,,,,,,,,,,,,,,,,2011,0.016598869,0.001889499,0.001305557,0.489766798,1,no signal,inconsistent,no signal - inconsistent,3.162445386,0.182574186
FORRT_45,,2.0,,1,LR,FORRT,Social Psychology,Gustatory disgust on moral judgement,"moral, disgust",Gustatory disgust triggers a heightened sense of moral wrongness: Bitter vs. Control,,,,,no interaction test for conservative vs. liberal available in original - omitted subgroup analyses here; ES of replication based on internal meta-analysis ,Niclas Kuper,45346.0,,corrected page number for replication results (referred to the pdf-page number instead of the one printed on the pages),,0.478544499,0.049937617,36,752,"Eskine KJ, Kacinik NA, Prinz JJ (2011). “A Bad Taste in the Mouth: Gustatory
Disgust Influences Moral Judgment.”
 _Psychological Science_, *22*(3),
295–299. ISSN 1467-9280, doi:10.1177/0956797611398497
 <https://doi.org/10.1177/0956797611398497>,
<http://dx.doi.org/10.1177/0956797611398497>.",10.1177/0956797611398497,"Eskine, K. J., Kacinik, N. A., & Prinz, J. J. (2011). A bad taste in the mouth: Gustatory disgust influences moral judgment. Psychological science, 22(3), 295-299. https://doi.org/10.1177/0956797611398497",,"Ghelfi E, Christopherson CD, Urry HL, Lenne RL, Legate N, Ann Fischer M, Wagemans FMA, Wiggins B, Barrett T,
 Bornstein M, de Haan B, Guberman J, Issa N, Kim J, Na E, O’Brien J, Paulk A, Peck T, Sashihara M, Sheelar K, Song
 J, Steinberg H, Sullivan D (2020). “Reexamining the Effect of Gustatory Disgust on Moral Judgment: A Multilab
 Direct Replication of Eskine, Kacinik, and Prinz (2011).” _Advances in Methods and Practices in Psychological
 Science_, *3*(1), 3–23. ISSN 2515-2467, doi:10.1177/2515245919881152 <https://doi.org/10.1177/2515245919881152>,
 <http://dx.doi.org/10.1177/2515245919881152>.",10.1177/2515245919881152,"Ghelfi, E., Christopherson, C. D., Urry, H. L., Lenne, R. L., Legate, N., Ann Fischer, M., ... & Sullivan, D. (2020). Reexamining the effect of gustatory disgust on moral judgment: A multilab direct replication of Eskine, Kacinik, and Prinz (2011). Advances in Methods and Practices in Psychological Science, 3(1), 3-23. https://doi.org/10.1177/2515245919881152",,,,1.09,d,0.1,hedges g,,,,,,,,,,,https://osf.io/5ygsp/,,2,1.0,1,the bitter condiiton is in both samples; replication: nesting in study (multi-lab replication),0,0,,,,,297.0,"12, Figure 1",296.0,"10, Table 1",,,Failure,https://osf.io/d4yjb,,,,,,,,,,,,,,0.17799257,0.697430874,-0.02163296,0.120998968,,,,Psychological Science,,,,,,,,,,,,,,,,,,,2011,0.016983815,0.003153886,0.001324925,0.171313405,1,no signal,inconsistent,no signal - inconsistent,2.993461423,0.174077656
datareplicada10d,datareplicada10,2.0,,1,LK,datareplicada,,goal conflict,"goal conflict, time allocation, work/leisure, justification, scarcity, productivity",People who are faced with a goal conflict are (1) more likely to spend time on work and (2) less likely to spend time on leisure.,,,,,,"Kaiser, Leonard",45023.0,,,,0.167595494,0.074789948,210,1127,"Etkin, J. & Memmi, S. (2021). Goal Conflict Encourages Work and Discourages
Leisure. Journal of Consumer Research, 47(5), 716–736. https://doi.org/10.1093/jcr/ucaa019
Study 1a",10.1093/jcr/ucaa019,"Etkin, J. & Memmi, S. (2021). Goal Conflict Encourages Work and Discourages Leisure. Journal of Consumer Research, 47(5), 716–736. https://doi.org/10.1093/jcr/ucaa019",1a,"Simmons, J. &. Nelson, L.D. (2021, May 4). [97] Data Replicada #10: Does Goal Conflict Affect Time Spent on Work and Leisure? Data Colada. (Replication 2 Effect 2)",,"Simmons, J. &. Nelson, L.D. (2021, May 4). [97] Data Replicada #10: Does Goal Conflict Affect Time Spent on Work and Leisure? Data Colada.",Replication 2 Effect 2,,,-0.34,d,-0.15,d,,,,,,,,,,,https://researchbox.org/213,,3,2.0,1,,1,0,,,,,,,,,,,Success,,1.0,,1.0,1.0,,,,1.0,,,,,,0.032952787,0.296263464,0.016467552,0.132605136,,,,Journal of Consumer Research,,,,,,,,,,,,,,,,,,,2021,0.004519677,0.01503995,0.000878192,0.012022209,0.999972113,signal,"inconsistent, smaller","signal - inconsistent, smaller",2.434243743,0.069504805
datareplicada10c,datareplicada10,2.0,,1,LK,datareplicada,,goal conflict,"goal conflict, time allocation, work/leisure, justification, scarcity, productivity",People who are faced with a goal conflict are (1) more likely to spend time on work and (2) less likely to spend time on leisure.,,,,,,"Kaiser, Leonard",45023.0,,,,0.27852445,0.047944799,210,1127,"Etkin, J. & Memmi, S. (2021). Goal Conflict Encourages Work and Discourages
Leisure. Journal of Consumer Research, 47(5), 716–736. https://doi.org/10.1093/jcr/ucaa019
Study 1a",10.1093/jcr/ucaa019,"Etkin, J. & Memmi, S. (2021). Goal Conflict Encourages Work and Discourages Leisure. Journal of Consumer Research, 47(5), 716–736. https://doi.org/10.1093/jcr/ucaa019",1a,"Simmons, J. &. Nelson, L.D. (2021, May 4). [97] Data Replicada #10: Does Goal Conflict Affect Time Spent on Work and Leisure? Data Colada. (Replication 2 Effect 1)",,"Simmons, J. &. Nelson, L.D. (2021, May 4). [97] Data Replicada #10: Does Goal Conflict Affect Time Spent on Work and Leisure? Data Colada.",Replication 2 Effect 1,,,0.58,d,0.096,d,,,,,,,,,,,https://researchbox.org/213,,3,2.0,1,,1,0,,,,,,,,,,,Failure,,1.0,,1.0,1.0,,,,1.0,,,,,,0.14874305,0.398873543,-0.010478854,0.106042228,,,,Journal of Consumer Research,,,,,,,,,,,,,,,,,,,2021,0.004071131,4.25082E-05,0.000884021,0.107685172,1,no signal,inconsistent,no signal - inconsistent,4.115999115,0.069504805
datareplicada10b,datareplicada10,2.0,,1,LK,datareplicada,,goal conflict,"goal conflict, time allocation, work/leisure, justification, scarcity, productivity",People who are faced with a goal conflict are (1) more likely to spend time on work and (2) less likely to spend time on leisure.,,,,,,"Kaiser, Leonard",45023.0,,,,0.167595494,0.064863121,210,1008,"Etkin, J. & Memmi, S. (2021). Goal Conflict Encourages Work and Discourages
Leisure. Journal of Consumer Research, 47(5), 716–736. https://doi.org/10.1093/jcr/ucaa019
Study 1a",10.1093/jcr/ucaa019,"Etkin, J. & Memmi, S. (2021). Goal Conflict Encourages Work and Discourages Leisure. Journal of Consumer Research, 47(5), 716–736. https://doi.org/10.1093/jcr/ucaa019",1a,"Simmons, J. &. Nelson, L.D. (2021, May 4). [97] Data Replicada #10: Does Goal Conflict Affect Time Spent on Work and Leisure? Data Colada. (Replication 1 Effect 2)",,"Simmons, J. &. Nelson, L.D. (2021, May 4). [97] Data Replicada #10: Does Goal Conflict Affect Time Spent on Work and Leisure? Data Colada.",Replication 1 Effect 2,,,-0.34,d,-0.13,d,,,,,,,,,,,https://researchbox.org/213,,3,1.0,1,,1,0,,,,,,,,,,,Success,,1.0,,1.0,1.0,,,,1.0,,,,,,0.032952787,0.296263464,0.003129173,0.126104545,,,,Journal of Consumer Research,,,,,,,,,,,,,,,,,,,2021,0.004519677,0.01503995,0.00098471,0.039498692,0.999900976,signal,"inconsistent, smaller","signal - inconsistent, smaller",2.434243743,0.069504805
datareplicada10a,datareplicada10,2.0,,1,LK,datareplicada,,goal conflict,"goal conflict, time allocation, work/leisure, justification, scarcity, productivity",People who are faced with a goal conflict are (1) more likely to spend time on work and (2) less likely to spend time on leisure.,,,,,,"Kaiser, Leonard",45023.0,,,,0.27852445,0.048941281,210,1008,"Etkin, J. & Memmi, S. (2021). Goal Conflict Encourages Work and Discourages
Leisure. Journal of Consumer Research, 47(5), 716–736. https://doi.org/10.1093/jcr/ucaa019
Study 1a",10.1093/jcr/ucaa019,"Etkin, J. & Memmi, S. (2021). Goal Conflict Encourages Work and Discourages Leisure. Journal of Consumer Research, 47(5), 716–736. https://doi.org/10.1093/jcr/ucaa019",1a,"Simmons, J. &. Nelson, L.D. (2021, May 4). [97] Data Replicada #10: Does Goal Conflict Affect Time Spent on Work and Leisure? Data Colada. (Replication 1 Effect 1)",,"Simmons, J. &. Nelson, L.D. (2021, May 4). [97] Data Replicada #10: Does Goal Conflict Affect Time Spent on Work and Leisure? Data Colada.",Replication 1 Effect 1,,,0.58,d,-0.098,d,,,,,,,,,,,https://researchbox.org/213,,3,1.0,1,,1,0,,,,,,,,,,,Failure,,1.0,,1.0,1.0,,,,1.0,,,,,,0.14874305,0.398873543,-0.012844014,0.110354277,,,,Journal of Consumer Research,,,,,,,,,,,,,,,,,,,2021,0.004071131,4.25082E-05,0.000988297,0.120461337,1,no signal,inconsistent,no signal - inconsistent,4.115999115,0.069504805
Boyce_etal202337,,2.0,,1,Veronica Boyce,Boyce_etal2023,Psychology,,,Seeing one's own capability for wrongdoing predicts forgiveness,,,,,subfield: social,LR,45429.0,,,,0.27120874,0.16924454,155,135,"Exline, J. J., Baumeister, R. F., Zell, A. L., Kraft, A. J., & Witvliet,
C. V. (2008). Not so innocent: Does seeing one's own capability for wrongdoing
predict forgiveness?. Journal of Personality and Social Psychology, 94(3),
495.",,"Exline, J. J., Baumeister, R. F., Zell, A. L., Kraft, A. J., & Witvliet, C. V. (2008). Not so innocent: Does seeing one's own capability for wrongdoing predict forgiveness?. Journal of Personality and Social Psychology, 94(3), 495.",7.0,"Boyce, V., Mathur, M., & Frank, M. C. (2023). Eleven years of student replication projects provide evidence on the correlates of replicability in psychology. Royal Society Open Science, 10(11), 231240. https://doi.org/10.1098/rsos.231240",10.1098/rsos.231276,"Boyce, V., Mathur, M., & Frank, M. C. (2023). Eleven years of student replication projects provide evidence on the correlates of replicability in psychology. Royal Society Open Science, 10(11), 231240. https://doi.org/10.1098/rsos.231240",,,,,,,,,,,,,,,,,,https://osf.io/xwn9m/,,2,,,0.0,,0,,,"F (1,151) = 9.40","F(1, 131) = 0.018",,,,,,,Success,,,,,,,,,,,,close,,,0.118632715,0.41127277,0.000295856,0.328799634,,,,,,,,,,,,,,,,,,,,,,,2008,0.005573389,0.00064159,0.007041291,0.049723124,0.940974106,signal,consistent,signal - consistent,3.429486273,0.081110711
osc2015110,osc2015110,2.0,,1,CD,OSC 2015,,,"Adult, Decision Making, Female, Humans, Intention, Male, Models, Psychological, Pilot Projects, Sex Factors, Sexual Behavior, Social Perception",Perceptual mechanisms that characterize gender differences in decoding women's sexual intent,,,,,only contact author listed as contributor,Munafo,44927.0,,,,0.554427187,0.091162691,280,144,"Farris, C., Treat, T.A., Viken, R.J., & McFall, R.M. (2008). Perceptual
mechanisms that characterize gender differences in decoding women's sexual
intent. Psychological Science, 19(4), 348-354.",10.1111/j.1467-9280.2008.02092.x,"Farris, C., Treat, T.A., Viken, R.J., & McFall, R.M. (2008). Perceptual mechanisms that characterize gender differences in decoding women's sexual intent. Psychological Science, 19(4), 348-354. https://doi.org/10.1111/j.1467-9280.2008.02092.x",,"Attwood, A. S., Andy, Easey, K., Penton-Voak, I., & Munafo, M. R. (2016, August 19). Replication of C Farris, TA Treat, RJ Viken, and RM McFall (2008, PS 19(4)). Retrieved from osf.io/7dyp5 ",10.1126/science.aac4716,"Open Science Collaboration. (2015). Estimating the reproducibility of psychological science. Science, 349(6251), aac4716. https://doi.org/10.1126/science.aac4716","Attwood, A. S., Andy, Easey, K., Penton-Voak, I., & Munafo, M. R. (2016, August 19). Replication of C Farris, TA Treat, RJ Viken, and RM McFall (2008, PS 19(4)). Retrieved from osf.io/7dyp5 ",,,,,,,,,,,,,,,,,https://osf.io/7dyp5/,,,,,,,,,,,,,,,,,,Failure,,,,,,,,,,,,,,,0.467595102,0.630661466,-0.073509409,0.250995763,1,0,1,Psychological Science,,,,,,,,,,,,,,,,,,,2008,0.001719388,5.75752E-24,0.006877257,0.277177119,0.999999997,no signal,inconsistent,no signal - inconsistent,10.39792654,0.060084177
Boyce_etal202338,,2.0,,1,Veronica Boyce,Boyce_etal2023,Psychology,,,moral roots of environmental attitudes,,,,,subfield: social,LR,45429.0,,,,0.2305601,0.32549526,308,68,"Feinberg, M., & Willer, R. (2013). The moral roots of environmental attitudes.
Psychological science, 24(1), 56-62.",10.1177/0956797612449177,"Feinberg, M., & Willer, R. (2013). The moral roots of environmental attitudes. Psychological science, 24(1), 56-62.",3.0,"Boyce, V., Mathur, M., & Frank, M. C. (2023). Eleven years of student replication projects provide evidence on the correlates of replicability in psychology. Royal Society Open Science, 10(11), 231240. https://doi.org/10.1098/rsos.231240",10.1098/rsos.231277,"Boyce, V., Mathur, M., & Frank, M. C. (2023). Eleven years of student replication projects provide evidence on the correlates of replicability in psychology. Royal Society Open Science, 10(11), 231240. https://doi.org/10.1098/rsos.231240",,,,,,,,,,,,,,,,,,https://osf.io/xwn9m/,,2,,,0.0,,0,,,,t(38) = -1.57,,,,,,,Success,,,,,,,,,,,,close,,,0.121943822,0.333719546,0.094395878,0.523308358,,,,,,,,,,,,,,,,,,,,,,,2013,0.002920228,4.40711E-05,0.011930306,0.006758302,0.603559997,signal,consistent,signal - consistent,4.100272694,0.057259833
osc201517,osc201517,2.0,,1,CD,OSC 2015,,,"Adult, Bias (Epidemiology), Choice Behavior, Cognition, Computer Simulation, Decision Making, Decision Theory, Feedback, Psychological, Female, Humans, Judgment, Male",The ultimate sampling dilemma in experience-based decision making.,,,,,only contact author listed as contributor,Gloeckner,44927.0,,,,0.304772411,0.434510306,39,47,"Fiedler, K. (2008). The ultimate sampling dilemma in experience-based decision
making. Journal of Experimental Psychology: Learning, Memory, and Cognition,
34(1), 186.",10.1037/0278-7393.34.1.186,"Fiedler, K. (2008). The ultimate sampling dilemma in experience-based decision making. Journal of Experimental Psychology: Learning, Memory, and Cognition, 34(1), 186. https://doi.org/10.1037/0278-7393.34.1.186",,"Glöckner, A., & Jekel, M. (2023, September 28). Replication of K Fiedler (2008, JEPLMC, Exp 2). Retrieved from osf.io/hp27x",10.1126/science.aac4716,"Open Science Collaboration. (2015). Estimating the reproducibility of psychological science. Science, 349(6251), aac4716. https://doi.org/10.1126/science.aac4716","Glöckner, A., & Jekel, M. (2023, September 28). Replication of K Fiedler (2008, JEPLMC, Exp 2). Retrieved from osf.io/hp27x",,,,,,,,,,,,,,,,,https://osf.io/hp27x/,,,,,,,,,,,,,,,,,,OS not significant,,,,,,,,,,,,,,,-0.01188778,0.565874468,0.168349648,0.641617989,0,1,0.679,Journal of Experimental Psychology,,,,,,,,,,,,,,,,,,,2008,0.02165409,0.059222717,0.014305364,0.002274622,0.679446376,signal,OS not significant,signal - OS not significant,1.888633946,0.166666667
osc201586,osc201586,2.0,,1,CD,OSC 2015,,,"Adolescent, Adult, Cognition [physiology], Decision Making [physiology], Ego, Female, Humans, Internal-External Control, Male, Middle Aged, Motivation, Self Concept, Students [psychology]",Self-regulation and selective exposure: The impact of depleted self-regulation resources on confirmatory information processing.,,,,,only contact author listed as contributor,Galliani,44927.0,,,,0.212014281,0.118808574,85,140,"Fischer, P., Greitemeyer, T., & Frey, D. (2008). Self-regulation and selective
exposure: The impact of depleted self-regulation resources on confirmatory
information processing. Journal of Personality and Social Psychology, 94(3),
382-395.",10.1037/0022-3514.94.3.382,"Fischer, P., Greitemeyer, T., & Frey, D. (2008). Self-regulation and selective exposure: The impact of depleted self-regulation resources on confirmatory information processing. Journal of Personality and Social Psychology, 94(3), 382-395. https://doi.org/10.1037/0022-3514.94.3.382",,"Galliani, E. M. (2023, September 28). Replication of Fischer, Greitemeyer, & Frey (2008, JPSP, Study 2). Retrieved from osf.io/j8bpa",10.1126/science.aac4716,"Open Science Collaboration. (2015). Estimating the reproducibility of psychological science. Science, 349(6251), aac4716. https://doi.org/10.1126/science.aac4716","Galliani, E. M. (2023, September 28). Replication of Fischer, Greitemeyer, & Frey (2008, JPSP, Study 2). Retrieved from osf.io/j8bpa",,,,,,,,,,,,,,,,,https://osf.io/j8bpa/,,,,,,,,,,,,,,,,,,OS not significant,,,,,,,,,,,,,,,-0.001162322,0.406758824,-0.048041643,0.279208452,0,0,0.812,Journal of Personality and Social Psychology,,,,,,,,,,,,,,,,,,,2008,0.010858576,0.051422204,0.006992578,0.162078278,0.811696406,no signal,OS not significant,no signal - OS not significant,1.949438708,0.110431526
Boyce_etal202339,,2.0,,1,Veronica Boyce,Boyce_etal2023,Psychology,,,information quantities moderate decision makers' preference for consistent and inconsistent information,,,,,subfield: social,LR,45429.0,,,,0.50115946,-0.0692096,155,215,"Fischer, P., Schulz-Hardt, S., & Frey, D. (2008). Selective exposure and
information quantity: how different information quantities moderate decision
makers' preference for consistent and inconsistent information. Journal
of personality and social psychology, 94(2), 231.",,"Fischer, P., Schulz-Hardt, S., & Frey, D. (2008). Selective exposure and information quantity: how different information quantities moderate decision makers' preference for consistent and inconsistent information. Journal of personality and social psychology, 94(2), 231.",4.0,"Boyce, V., Mathur, M., & Frank, M. C. (2023). Eleven years of student replication projects provide evidence on the correlates of replicability in psychology. Royal Society Open Science, 10(11), 231240. https://doi.org/10.1098/rsos.231240",10.1098/rsos.231278,"Boyce, V., Mathur, M., & Frank, M. C. (2023). Eleven years of student replication projects provide evidence on the correlates of replicability in psychology. Royal Society Open Science, 10(11), 231240. https://doi.org/10.1098/rsos.231240",,,,,,,,,,,,,,,,,,https://osf.io/xwn9m/,,2,,,0.0,,0,,,"prop: 8 / 26 , 21 / 26","prop: 29 / 38 , 33 / 38",,,,,,,Failure,,,,,,,,,,,,close,,,0.372979153,0.610568563,-0.201150521,0.06519784,,,,,,,,,,,,,,,,,,,,,,,2008,0.0036413,3.10201E-11,0.004628238,0.312443654,1,no signal,inconsistent,no signal - inconsistent,6.791375446,0.081110711
osc2015150,osc2015150,2.0,,1,CD,OSC 2015,,,"Adolescent, Adult, Attention, Discrimination Learning, Eye Movements, Female, Fixation, Ocular, Humans, Male, Orientation, Probability, Psychomotor Performance, Reaction Time, Semantics, Visual Fields",Sensitivity to object viewpoint and action instructions during search for targets in the lower visual field,,,,,only contact author listed as contributor,Dorrough,44927.0,,,,0.722536382,0.207514339,14,19,"Forti, S., & Humphreys, G.W. (2008). Sensitivity to object viewpoint and
action instructions during search for targets in the lower visual field.
Psychological Science, 19(1), 42-48.",10.1111/j.1467-9280.2008.02044.x,"Forti, S., & Humphreys, G.W. (2008). Sensitivity to object viewpoint and action instructions during search for targets in the lower visual field. Psychological Science, 19(1), 42-48. https://doi.org/10.1111/j.1467-9280.2008.02044.x",,"Dorrough, A. R., & Fiedler, S. (2023, September 28). Replication of S Forti, GW Humphreys (2008, PS 19(1)). Retrieved from osf.io/tf8ky",10.1126/science.aac4716,"Open Science Collaboration. (2015). Estimating the reproducibility of psychological science. Science, 349(6251), aac4716. https://doi.org/10.1126/science.aac4716","Dorrough, A. R., & Fiedler, S. (2023, September 28). Replication of S Forti, GW Humphreys (2008, PS 19(1)). Retrieved from osf.io/tf8ky",,,,,,,,,,,,,,,,,https://osf.io/tf8ky/,,,,,,,,,,,,,,,,,,Failure,,,,,,,,,,,,,,,0.311296399,0.905847482,-0.27236687,0.60472528,1,0,0.982,Psychological Science,,,,,,,,,,,,,,,,,,,2008,0.017571367,0.003511638,0.050873886,0.393957555,0.981726182,no signal,inconsistent,no signal - inconsistent,3.027851752,0.301511345
Boyce_etal202340,,2.0,,1,Veronica Boyce,Boyce_etal2023,Psychology,,,Underestimating calorie content when healthy foods are present: an averaging effect or a reference-dependent anchoring effect,,,,,subfield: social,LR,45429.0,,,,0.77775799,0.38164343,430,36,"Forwood, S. E., Ahern, A., Hollands, G. J., Fletcher, P. C., & Marteau,
T. M. (2013). Underestimating calorie content when healthy foods are present:
an averaging effect or a reference-dependent anchoring effect?. Plos one,
8(8), e71475.",,"Forwood, S. E., Ahern, A., Hollands, G. J., Fletcher, P. C., & Marteau, T. M. (2013). Underestimating calorie content when healthy foods are present: an averaging effect or a reference-dependent anchoring effect?. Plos one, 8(8), e71475.",3.0,"Boyce, V., Mathur, M., & Frank, M. C. (2023). Eleven years of student replication projects provide evidence on the correlates of replicability in psychology. Royal Society Open Science, 10(11), 231240. https://doi.org/10.1098/rsos.231240",10.1098/rsos.231279,"Boyce, V., Mathur, M., & Frank, M. C. (2023). Eleven years of student replication projects provide evidence on the correlates of replicability in psychology. Royal Society Open Science, 10(11), 231240. https://doi.org/10.1098/rsos.231240",,,,,,,,,,,,,,,,,,https://osf.io/xwn9m/,,2,,,0.0,,0,,,"F(1,431) = 4.63","F(1,35) = 4.240",,,,,,,Success,,,,,,,,,,,,very close,,,0.737429586,0.812560558,0.060721119,0.631055248,,,,,,,,,,,,,,,,,,,,,,,2013,0.000363865,2.44346E-88,0.0208546,0.02163297,0.999994408,signal,"inconsistent, smaller","signal - inconsistent, smaller",21.48373249,0.048393392
Boyce_etal202342,,2.0,,1,Veronica Boyce,Boyce_etal2023,Psychology,,,Metamers of the ventral stream,,,,,subfield: non-psych,LR,45429.0,,,,0.43963315,0.30388175,5,5,"Freeman, J., & Simoncelli, E. P. (2011). Metamers of the ventral stream.
Nature neuroscience, 14(9), 1195-1201.",,"Freeman, J., & Simoncelli, E. P. (2011). Metamers of the ventral stream. Nature neuroscience, 14(9), 1195-1201.",2.0,"Boyce, V., Mathur, M., & Frank, M. C. (2023). Eleven years of student replication projects provide evidence on the correlates of replicability in psychology. Royal Society Open Science, 10(11), 231240. https://doi.org/10.1098/rsos.231240",10.1098/rsos.231281,"Boyce, V., Mathur, M., & Frank, M. C. (2023). Eleven years of student replication projects provide evidence on the correlates of replicability in psychology. Royal Society Open Science, 10(11), 231240. https://doi.org/10.1098/rsos.231240",,,,,,,,,,,,,,,,,,https://osf.io/xwn9m/,,2,,,1.0,,0,,,,,,,,,,,OS not significant,,,,,,,,,,,,far,,,-0.723107601,0.952463975,-0.790255995,0.935370879,,,,,,,,,,,,,,,,,,,,,,,2011,0.162700376,0.458835782,0.2059598,0.619125949,0.203221291,no signal,OS not significant,no signal - OS not significant,0.667191978,0.707106781
osc201564,osc201564,2.0,,1,CD,OSC 2015,,,"Association Learning, Attention, Concept Formation, Dominance, Cerebral, Female, Field Dependence-Independence, Generalization (Psychology), Gestalt Theory, Humans, Judgment, Male, Pattern Recognition, Visual, Psychomotor Performance, Self Concept, Social Identification, Social Perception, Time Perception",The effect of global versus local processing styles on assimilation versus contrast in social judgment.,,,,,only contact author listed as contributor,Reinhard,44927.0,,,,0.425496777,0.11385379,82,71,"Förster, J., Liberman, N., & Kuschel, S. (2008). The effect of global versus
local processing styles on assimilation versus contrast in social judgment.
Journal of Personality and Social Psychology, 94, 579-599.",10.1037/0022-3514.94.4.579,"Förster, J., Liberman, N., & Kuschel, S. (2008). The effect of global versus local processing styles on assimilation versus contrast in social judgment. Journal of Personality and Social Psychology, 94, 579-599. https://doi.org/10.1037/0022-3514.94.4.579",,"Reinhard, D. A. (2023, September 28). Replication of J Förster, N Liberman, & S Kuschel (2008, JPSP, Study 1). Retrieved from osf.io/mxryb",10.1126/science.aac4716,"Open Science Collaboration. (2015). Estimating the reproducibility of psychological science. Science, 349(6251), aac4716. https://doi.org/10.1126/science.aac4716","Reinhard, D. A. (2023, September 28). Replication of J Förster, N Liberman, & S Kuschel (2008, JPSP, Study 1). Retrieved from osf.io/mxryb",,,,,,,,,,,,,,,,,https://osf.io/mxryb/,,,,,,,,,,,,,,,,,,Failure,,,,,,,,,,,,,,,0.22969911,0.588192645,-0.122709415,0.338174752,1,0,0.983,Journal of Personality and Social Psychology,,,,,,,,,,,,,,,,,,,2008,0.008280039,6.74722E-05,0.013917752,0.344454976,0.983323989,no signal,inconsistent,no signal - inconsistent,4.038661954,0.11250879
osc201510,osc201510,2.0,,1,CD,OSC 2015,,,"Association Learning, Attention, Automatism [psychology], Comprehension, Discrimination (Psychology), Humans, Multilingualism, Paired-Associate Learning, Pattern Recognition, Visual, Problem Solving, Psychophysics, Reaction Time, Size Perception",Across-notation automatic numerical processing.,,,,,only contact author listed as contributor,Shaki,44927.0,,,,0.698586719,0.780725807,32,32,"Ganor-Stern, D., & Tzelgov, J. (2008). Across-notation automatic numerical
processing. Journal of Experimental Psychology: Learning, Memory, and Cognition,
34(2), 430-437.",10.1037/0278-7393.34.2.430,"Ganor-Stern, D., & Tzelgov, J. (2008). Across-notation automatic numerical processing. Journal of Experimental Psychology: Learning, Memory, and Cognition, 34(2), 430-437. https://doi.org/10.1037/0278-7393.34.2.430",,"Shaki, S. (2023, September 28). Replication of D Ganor-Stern, J Tzelgov (2008, JEPLMC 34(2), Exp. 2). Retrieved from osf.io/vmipw",10.1126/science.aac4716,"Open Science Collaboration. (2015). Estimating the reproducibility of psychological science. Science, 349(6251), aac4716. https://doi.org/10.1126/science.aac4716","Shaki, S. (2023, September 28). Replication of D Ganor-Stern, J Tzelgov (2008, JEPLMC 34(2), Exp. 2). Retrieved from osf.io/vmipw",,,,,,,,,,,,,,,,,https://osf.io/vmipw/,,1,,,,,,,,,,,,,,,,Success,,,,,,,,,,,,,,,0.462572052,0.842141045,0.59364145,0.887745052,1,1,0.999,Journal of Experimental Psychology,,,,,,,,,,,,,,,,,,,2008,0.008455485,8.7299E-06,0.004918214,1.35741E-07,0.998941189,signal,consistent,signal - consistent,4.655662091,0.185695338
Boyce_etal202345,,2.0,,1,Veronica Boyce,Boyce_etal2023,Psychology,,,Perceiving economic inequality in everyday life decreases tolerance to inequality,,,,,subfield: social,LR,45429.0,,,,0.29296821,0.24021268,372,118,"García-Castro, J. D., Rodríguez-Bailón, R., & Willis, G. B. (2020). Perceiving
economic inequality in everyday life decreases tolerance to inequality.
Journal of Experimental Social Psychology, 90, 104019.",,"García-Castro, J. D., Rodríguez-Bailón, R., & Willis, G. B. (2020). Perceiving economic inequality in everyday life decreases tolerance to inequality. Journal of Experimental Social Psychology, 90, 104019.",3a,"Boyce, V., Mathur, M., & Frank, M. C. (2023). Eleven years of student replication projects provide evidence on the correlates of replicability in psychology. Royal Society Open Science, 10(11), 231240. https://doi.org/10.1098/rsos.231240",10.1098/rsos.231284,"Boyce, V., Mathur, M., & Frank, M. C. (2023). Eleven years of student replication projects provide evidence on the correlates of replicability in psychology. Royal Society Open Science, 10(11), 231240. https://doi.org/10.1098/rsos.231240",,,,,,,,,,,,,,,,,,https://osf.io/xwn9m/,,2,,,0.0,,0,,,"MCI2: m1=5.50 [5.31, 5.68], m2=5.18 [5.00, 5.37]","MCI2: m1 = 5.79 [5.39,6.19], m2= 5.63 [5.19, 6.06]",,,,,,,Success,,,,,,,,,,,,very close,,,0.197162374,0.383231289,0.062152006,0.403453795,,,,,,,,,,,,,,,,,,,,,,,2020,0.002252577,8.49234E-09,0.007589105,0.008790907,0.9458079,signal,consistent,signal - consistent,5.797582341,0.052057921
soscisubmission_reddenhoch2009,soscisubmission_reddenhoch2009,2.0,,1,LR,Individual submissions,Social Psychology,affective expectations,"affective expectations, assimilation and contrast, need for cognition",Need for Cognition moderates the effect of affective expectations on experience (no expectations and NFC),,,,,subgroup sizes were not reported and estimated (160/3),"Röseler, Lukas",45013.0,,,,0.2191905,-0.04661593,54,83,"Geers, A. L., & Lassiter, G. D. (2003). Need for cognition and expectations
as determinants of affective experience. Basic and Applied Social Psychology,
25(4), 313-325. Study 1",10.1207/s15324834basp2504_5,"Geers, A. L., & Lassiter, G. D. (2003). Need for cognition and expectations as determinants of affective experience. Basic and Applied Social Psychology, 25(4), 313-325. https://doi.org/10.1207/s15324834basp2504_5",1.0,"Röseler, L., Doetsch, C. A., Förster, N., Bruzsa, A., Deublein, M., Rieger, E., Schmidt, C., Seitz, A., & Wild, A. (2024). No Evidence for the Affective Expectation Model: Replication of Geers and Lassiter  (2003). https://doi.org/10.31234/osf.io/akfzh",10.31234/osf.io/akfzh,"Röseler, L., Doetsch, C. A., Förster, N., Bruzsa, A., Deublein, M., Rieger, E., Schmidt, C., Seitz, A., & Wild, A. (2024). No Evidence for the Affective Expectation Model: Replication of Geers and Lassiter  (2003). https://doi.org/10.31234/osf.io/akfzh",,"b = .03, SE = .02, t(154) = 1.62, p = .10","b = -0.131, se = 0.312, t(1, 81) = -0.420, p = .675",0.2191905,r,-0.04661593,r,,,,,,,,,,,https://osf.io/rge23/,no signal - consistent,0,1.0,1,,0,0,1.0,1.0,t(154) = 1.62,"t(1, 81) = -0.420",318.0,,318.0,,,,OS not significant,https://osf.io/kx5gw,,,,,,,,,,,,,,-0.051598393,0.459955976,-0.259694117,0.17079059,,,,Basic and Applied Social Psychology,,,,,,,,,,,,,,,,,,,2003,0.017098478,0.111281721,0.012142178,0.675597497,0.640757625,no signal,OS not significant,no signal - OS not significant,1.591150213,0.140028008
soscisubmission_reddenhoch2009,soscisubmission_reddenhoch2009,2.0,,1,LR,Individual submissions,Social Psychology,affective expectations,"affective expectations, assimilation and contrast, need for cognition",Need for Cognition moderates the effect of affective expectations on experience (negative expectations and NFC),,,,,subgroup sizes were not reported and estimated (160/3),"Röseler, Lukas",45013.0,,,,0.05871032,0.1575221,53,94,"Geers, A. L., & Lassiter, G. D. (2003). Need for cognition and expectations
as determinants of affective experience. Basic and Applied Social Psychology,
25(4), 313-325. Study 1",10.1207/s15324834basp2504_5,"Geers, A. L., & Lassiter, G. D. (2003). Need for cognition and expectations as determinants of affective experience. Basic and Applied Social Psychology, 25(4), 313-325. https://doi.org/10.1207/s15324834basp2504_5",1.0,"Röseler, L., Doetsch, C. A., Förster, N., Bruzsa, A., Deublein, M., Rieger, E., Schmidt, C., Seitz, A., & Wild, A. (2024). No Evidence for the Affective Expectation Model: Replication of Geers and Lassiter  (2003). https://doi.org/10.31234/osf.io/akfzh",10.31234/osf.io/akfzh,"Röseler, L., Doetsch, C. A., Förster, N., Bruzsa, A., Deublein, M., Rieger, E., Schmidt, C., Seitz, A., & Wild, A. (2024). No Evidence for the Affective Expectation Model: Replication of Geers and Lassiter  (2003). https://doi.org/10.31234/osf.io/akfzh",,"b = -.008, SE = .019, t(154) = 0.42, p = .67","b = 0.420, se = 0.275, t(1, 92) = 1.53, p = .130",0.05871032,r,0.1575221,r,,,,,,,,,,,https://osf.io/rge23/,no signal - consistent,0,1.0,1,,0,0,1.0,1.0,t(154) = 0.42,"t(1, 92) = 1.53",318.0,,318.0,,,,OS not significant,https://osf.io/kx5gw,,,,,,,,,,,,,,-0.21499526,0.323864711,-0.046581593,0.349000149,,,,Basic and Applied Social Psychology,,,,,,,,,,,,,,,,,,,2003,0.019098425,0.676249661,0.010225691,0.129447953,0.139924609,no signal,OS not significant,no signal - OS not significant,0.41562263,0.141421356
soscisubmission_reddenhoch2009,soscisubmission_reddenhoch2009,2.0,,1,LR,Individual submissions,Social Psychology,affective expectations,"affective expectations, assimilation and contrast, need for cognition",Need for Cognition moderates the effect of affective expectations on experience (positive expectations and NFC),,,,,subgroup sizes were not reported and estimated (160/3),"Röseler, Lukas",45013.0,,,,0.2583722,0.1093588,53,75,"Geers, A. L., & Lassiter, G. D. (2003). Need for cognition and expectations
as determinants of affective experience. Basic and Applied Social Psychology,
25(4), 313-325. Study 1",10.1207/s15324834basp2504_5,"Geers, A. L., & Lassiter, G. D. (2003). Need for cognition and expectations as determinants of affective experience. Basic and Applied Social Psychology, 25(4), 313-325. https://doi.org/10.1207/s15324834basp2504_5",1.0,"Röseler, L., Doetsch, C. A., Förster, N., Bruzsa, A., Deublein, M., Rieger, E., Schmidt, C., Seitz, A., & Wild, A. (2024). No Evidence for the Affective Expectation Model: Replication of Geers and Lassiter  (2003). https://doi.org/10.31234/osf.io/akfzh",10.31234/osf.io/akfzh,"Röseler, L., Doetsch, C. A., Förster, N., Bruzsa, A., Deublein, M., Rieger, E., Schmidt, C., Seitz, A., & Wild, A. (2024). No Evidence for the Affective Expectation Model: Replication of Geers and Lassiter  (2003). https://doi.org/10.31234/osf.io/akfzh",,"b = -0.03, SE = .02, t(154) = 1.91, p = .05","b = 0.288, se = 0.306, t(1, 73) = 0.94, p = .349",0.2583722,r,0.1093588,r,,,,,,,,,,,https://osf.io/rge23/,no signal - inconsistent,0,1.0,1,,0,0,1.0,1.0,t(154) = 1.91,"t(1, 73) = 0.94",318.0,,318.0,,,,OS not significant,https://osf.io/kx5gw,,,,,,,,,,,,,,-0.012816683,0.494155937,-0.120596278,0.328175245,,,,Basic and Applied Social Psychology,,,,,,,,,,,,,,,,,,,2003,0.016748923,0.061764679,0.013192221,0.350317744,0.730317713,no signal,OS not significant,no signal - OS not significant,1.869331387,0.141421356
soscisubmission_reddenhoch2009,soscisubmission_reddenhoch2009,2.0,,1,LR,Individual submissions,Social Psychology,affective expectations,"affective expectations, assimilation and contrast, need for cognition",Need for Cognition moderates the effect of affective expectations on experience (interaction effect),,,,,,"Röseler, Lukas",45013.0,,,,0.2,0.003162278,160,252,"Geers, A. L., & Lassiter, G. D. (2003). Need for cognition and expectations
as determinants of affective experience. Basic and Applied Social Psychology,
25(4), 313-325. Study 1",10.1207/s15324834basp2504_5,"Geers, A. L., & Lassiter, G. D. (2003). Need for cognition and expectations as determinants of affective experience. Basic and Applied Social Psychology, 25(4), 313-325. https://doi.org/10.1207/s15324834basp2504_5",1.0,"Röseler, L., Doetsch, C. A., Förster, N., Bruzsa, A., Deublein, M., Rieger, E., Schmidt, C., Seitz, A., & Wild, A. (2024). No Evidence for the Affective Expectation Model: Replication of Geers and Lassiter  (2003). https://doi.org/10.31234/osf.io/akfzh",10.31234/osf.io/akfzh,"Röseler, L., Doetsch, C. A., Förster, N., Bruzsa, A., Deublein, M., Rieger, E., Schmidt, C., Seitz, A., & Wild, A. (2024). No Evidence for the Affective Expectation Model: Replication of Geers and Lassiter  (2003). https://doi.org/10.31234/osf.io/akfzh",,"F(1, 154) = 6.40, MSE = 3.21, p = .01, r²= .04","F(2, 246) = 0.92, p = .398, η² < 0.01, 95% CI [0, 0.04]",0.04,r²,0.00001,etasq,,,,,,,,,,,https://osf.io/rge23/,no signal - inconsistent,0,1.0,1,,0,0,1.0,1.0,"F(1, 154) = 6.40","F(2, 246) = 0.92",317.0,,317.0,,,,Failure,https://osf.io/kx5gw,,,,,,,,,,,,,,0.046277321,0.344469262,-0.120457642,0.126685621,,,,Basic and Applied Social Psychology,,,,,,,,,,,,,,,,,,,2003,0.005796226,0.0112236,0.003983984,0.960162113,0.940698675,no signal,inconsistent,no signal - inconsistent,2.540231621,0.079808688
Camereretal2018_6,,2.0,,1,LKasseckert,SSRP,Psychology,,"Social Science Replication Project, Science, Nature, Human Behavior",Analytic thinking promotes religious disbelief,,,,,Effect sizes available here: https://osf.io/7286p,Lukas Röseler,45384.0,,,,0.289140344,-0.035470117,57,531,"Gervais, W. M., & Norenzayan, A. (2012). Analytic thinking promotes religious
disbelief. Science, 336(6080), 493-496.",10.1126/science.1215647,"Gervais, W. M., & Norenzayan, A. (2012). Analytic thinking promotes religious disbelief. Science, 336(6080), 493-496. https://doi.org/10.1126/science.1215647",,"Camerer, C. F., Dreber, A., Holzmeister, F., Ho, T. H., Huber, J., Johannesson, M., ... & Wu, H. (2018). Evaluating the replicability of social science experiments in Nature and Science between 2010 and 2015. Nature human behaviour, 2(9), 637-644.",10.1038/s41562-018-0399-z,"Camerer, C. F., Dreber, A., Holzmeister, F., Ho, T. H., Huber, J., Johannesson, M., ... & Wu, H. (2018). Evaluating the replicability of social science experiments in Nature and Science between 2010 and 2015. Nature human behaviour, 2(9), 637-644.",,,,,,,,,,,,,,,,,,https://osf.io/pfdyw/,,2,Camereretal2018_6,,,,,,,,,,,,,,,Failure,https://osf.io/4fs5w,,,,,,,,,,,,,,0.030900771,0.511194304,-0.120197568,0.049770324,,,,Science,,,,,,,,,,,,,,,,,,,2012,0.014996161,0.029151882,0.001882048,0.414680932,0.999999901,no signal,inconsistent,no signal - inconsistent,2.187109665,0.136082763
Boyce_etal202347,,2.0,,1,Veronica Boyce,Boyce_etal2023,Psychology,,,Schema induction and analogical transfer,,,,,subfield: cognitive,LR,45429.0,,,,0.58901509,0.19241196,143,175,"Gick, M. L., & Holyoak, K. J. (1983). Schema induction and analogical transfer.
Cognitive psychology, 15(1), 1-38.",,"Gick, M. L., & Holyoak, K. J. (1983). Schema induction and analogical transfer. Cognitive psychology, 15(1), 1-38.",5.0,"Boyce, V., Mathur, M., & Frank, M. C. (2023). Eleven years of student replication projects provide evidence on the correlates of replicability in psychology. Royal Society Open Science, 10(11), 231240. https://doi.org/10.1098/rsos.231240",10.1098/rsos.231286,"Boyce, V., Mathur, M., & Frank, M. C. (2023). Eleven years of student replication projects provide evidence on the correlates of replicability in psychology. Royal Society Open Science, 10(11), 231240. https://doi.org/10.1098/rsos.231240",,,,,,,,,,,,,,,,,,https://osf.io/xwn9m/,,2,,,0.0,,0,,,"prop 45 / 73, 28 / 70","prop: 32 / 82 , 13 / 93",,,,,,,Success,,,,,,,,,,,,very close,,,0.470341998,0.686763278,0.045363649,0.331298826,,,,,,,,,,,,,,,,,,,,,,,1983,0.003003443,1.01191E-14,0.005329459,0.010741049,1,signal,"inconsistent, smaller","signal - inconsistent, smaller",8.000392573,0.084515425
Manylabs2_21,,2.0,,1,LKasseckert,ML2,Psychology,,Many Labs 2,Vertical position and power,,,,,,Lukas Röseler,45384.0,,,,0.265156483,0.014998313,64,7890,"Giessner, S. R., & Schubert, T. W. (2007). High in the hierarchy: How vertical
location and judgments of leaders’ power are interrelated. Organizational
Behavior and Human Decision Processes, 104, 30–44. doi:10.1016/j .obhdp.2006.10.001
Study 1a",10.001,"Giessner, S. R., & Schubert, T. W. (2007). High in the hierarchy: How vertical location and judgments of leaders’ power are interrelated. Organizational Behavior and Human Decision Processes, 104, 30–44. doi:10.1016/j .obhdp.2006.10.001",1a,"Klein, R. A., Vianello, M., Hasselman, F., Adams, B. G., Adams Jr, R. B., Alper, S., ... & Sowden, W. (2018). Many Labs 2: Investigating variation in replicability across samples and settings. Advances in Methods and Practices in Psychological Science, 1(4), 443-490.",10.1177/2515245918810225,"Klein, R. A., Vianello, M., Hasselman, F., Adams, B. G., Adams Jr, R. B., Alper, S., ... & Sowden, W. (2018). Many Labs 2: Investigating variation in replicability across samples and settings. Advances in Methods and Practices in Psychological Science, 1(4), 443-490. https://doi.org/10.1177/2515245918810225",,,,0.55,d,0.03,d,,,,,,,,,,,https://osf.io/8cd4r/,,2,manylabs2,,,1,,,,,,,,,,,,Failure,,,,,,,,,,,,,,,0.020696131,0.47969992,-0.007069928,0.037051952,,,,Organizational Behavior and Human Decision Processes,,,,,,,,,,,,,,,,,,,2006,0.013719481,0.034216847,0.000126702,0.182827642,1,no signal,inconsistent,no signal - inconsistent,2.121629023,0.12803688
soscisubmission73,,2.0,,1,LK,Individual submissions,Organizational Psychology,Effects of Smiling Emoticons on Virtual First Impressions (Smileys*Formality → Appropriateness),"computer-mediated communication, impression formation, warmth, competence,","Due to perceptions of (in)appropriateness, the use of smileys may backfire and produce less favorable perceptions of competence in a formal work-related setting, yet more favorable perceptions of warmth in an informal work-related setting.",,,,,,"Pavlović, Zoran",45288.0,,,,0.219512195,0.069829128,85,847,"Glikson, E., Cheshin, A., & Kleef, G. A. V. (2018). The dark side of a
smiley: Effects of smiling emoticons on virtual first impressions. Social
Psychological and Personality Science, 9(5), 614-625. https://doi.org/10.1177/1948550617720269",10.1177/1948550617720269,"Glikson, E., Cheshin, A., & Kleef, G. A. V. (2018). The dark side of a smiley: Effects of smiling emoticons on virtual first impressions. Social Psychological and Personality Science, 9(5), 614-625. https://doi.org/10.1177/1948550617720269",,"Lai, L., & Mayiwar, L. (2023). The Dark Versus Bright Side of a Smiley: A Preregistered Replication of Experiment 3 in Glikson et al. (2018) “The Dark Side of a Smiley.” Collabra: Psychology, 9(1). https://doi.org/10.1525/collabra.90195",10.1525/collabra.90195,"Lai, L., & Mayiwar, L. (2023). The Dark Versus Bright Side of a Smiley: A Preregistered Replication of Experiment 3 in Glikson et al. (2018) “The Dark Side of a Smiley.” Collabra: Psychology, 9(1). https://doi.org/10.1525/collabra.90195",,,,0.45,d,0.14,d,,,,,,,,,,,https://osf.io/n7yc4/,,2,"sosci_Lai.&.Mayiwar,.2023",1,independent,1,0,,,,,"Sample size for the original study can be found in the original article, Glikson et al., 2018, p. 7 (it is also shown in the abstract of the replication study article, Lai & Mayiwar, 2023, p. 1). Sample size for replication study is shown in Lai & Mayiwar, 2023, p. 3 (it is also shown in the abstract, p. 1). Effect sizes for both original and relication studies are shown in Lai & Mayiwar, 2023, p. 7 (Table 4).",,,,,,Success,https://aspredicted.org/y63ph.pdf,1.0,1.0,1.0,1.0,1.0,1.0,1.0,1.0,1.0,4.0,,0.01078513,,0.006701637,0.413300693,0.002478211,0.136549391,1,1,1,Social Psychological and Personality Science,,,,,,,,,,,,,,,,,,,2026,0.010785127,0.043536244,0.001170534,0.042180506,0.999999356,signal,"inconsistent, smaller","signal - inconsistent, smaller",2.020650798,0.110431526
soscisubmission73,,2.0,,1,LK,Individual submissions,Organizational Psychology,Effects of Smiling Emoticons on Virtual First Impressions (Smileys*Formality → Competence),"computer-mediated communication, impression formation, warmth, competence,","Due to perceptions of (in)appropriateness, the use of smileys may backfire and produce less favorable perceptions of competence in a formal work-related setting, yet more favorable perceptions of warmth in an informal work-related setting.",,,,,"The first effect that I entered regarding this reproduction study was wrongly labeled 'Effects of Smiling Emoticons on Virtual First Impressions (Smileys*Formality → Competence)' (the same as this one here). It should be re-labeled 'Effects of Smiling Emoticons on Virtual First Impressions (Smileys*Formality → Warmth)'. In other words, this effect is related to percieved competence and the previous one is related to warmth. The entered data are correct in both cases.","Pavlović, Zoran",45288.0,,,,0.251633852,0.059892291,85,847,"Glikson, E., Cheshin, A., & Kleef, G. A. V. (2018). The dark side of a
smiley: Effects of smiling emoticons on virtual first impressions. Social
Psychological and Personality Science, 9(5), 614-625. https://doi.org/10.1177/1948550617720269",10.1177/1948550617720269,"Glikson, E., Cheshin, A., & Kleef, G. A. V. (2018). The dark side of a smiley: Effects of smiling emoticons on virtual first impressions. Social Psychological and Personality Science, 9(5), 614-625. https://doi.org/10.1177/1948550617720269",,"Lai, L., & Mayiwar, L. (2023). The Dark Versus Bright Side of a Smiley: A Preregistered Replication of Experiment 3 in Glikson et al. (2018) “The Dark Side of a Smiley.” Collabra: Psychology, 9(1). https://doi.org/10.1525/collabra.90195",10.1525/collabra.90195,"Lai, L., & Mayiwar, L. (2023). The Dark Versus Bright Side of a Smiley: A Preregistered Replication of Experiment 3 in Glikson et al. (2018) “The Dark Side of a Smiley.” Collabra: Psychology, 9(1). https://doi.org/10.1525/collabra.90195",,,,0.52,d,0.12,d,,,,,,,,,,,https://osf.io/n7yc4/,,2,"sosci_Lai.&.Mayiwar,.2023",1,independent,1,0,,,,,"Sample size for the original study can be found in the original article, Glikson et al., 2018, p. 7 (it is also shown in the abstract of the replication study article, Lai & Mayiwar, 2023, p. 1). Sample size for replication study is shown in Lai & Mayiwar, 2023, p. 3 (it is also shown in the abstract, p. 1). Effect sizes for both original and relication studies are shown in Lai & Mayiwar, 2023, p. 7 (Table 4).",,,,,,Failure,https://aspredicted.org/y63ph.pdf,1.0,1.0,1.0,1.0,1.0,1.0,1.0,1.0,1.0,4.0,,0.01044488,,0.040692052,0.441101974,-0.007500544,0.126743518,1,0,1,Social Psychological and Personality Science,,,,,,,,,,,,,,,,,,,2026,0.010444883,0.020172999,0.001173568,0.081499514,0.999999997,no signal,inconsistent,no signal - inconsistent,2.328649777,0.110431526
soscisubmission73,,2.0,,1,LK,Individual submissions,Organizational Psychology,Effects of Smiling Emoticons on Virtual First Impressions (Smileys*Formality → Warmth),"computer-mediated communication, impression formation, warmth, competence,","Due to perceptions of (in)appropriateness, the use of smileys may backfire and produce less favorable perceptions of competence in a formal work-related setting, yet more favorable perceptions of warmth in an informal work-related setting.",,,,,,"Pavlović, Zoran",45288.0,,,,0.23796223,0.054917001,85,847,"Glikson, E., Cheshin, A., & Kleef, G. A. V. (2018). The dark side of a
smiley: Effects of smiling emoticons on virtual first impressions. Social
Psychological and Personality Science, 9(5), 614-625. https://doi.org/10.1177/1948550617720269,
Study 3.",10.1177/1948550617720269,"Glikson, E., Cheshin, A., & Kleef, G. A. V. (2018). The dark side of a smiley: Effects of smiling emoticons on virtual first impressions. Social Psychological and Personality Science, 9(5), 614-625. https://doi.org/10.1177/1948550617720269",3.0,"Lai, L., & Mayiwar, L. (2023). The Dark Versus Bright Side of a Smiley: A Preregistered Replication of Experiment 3 in Glikson et al. (2018) “The Dark Side of a Smiley.” Collabra: Psychology, 9(1). https://doi.org/10.1525/collabra.90195",10.1525/collabra.90195,"Lai, L., & Mayiwar, L. (2023). The Dark Versus Bright Side of a Smiley: A Preregistered Replication of Experiment 3 in Glikson et al. (2018) “The Dark Side of a Smiley.” Collabra: Psychology, 9(1). https://doi.org/10.1525/collabra.90195",,,,0.49,d,0.11,d,,,,,,,,,,,https://osf.io/n7yc4/,,2,"sosci_Lai.&.Mayiwar,.2023",1,independent,1,0,,,,,"Sample size for the original study can be found in the original article, Glikson et al., 2018, p. 7 (it is also shown in the abstract of the replication study article, Lai & Mayiwar, 2023, p. 1). Sample size for replication study is shown in Lai & Mayiwar, 2023, p. 3 (it is also shown in the abstract, p. 1). Effect sizes for both original and relication studies are shown in Lai & Mayiwar, 2023, p. 7 (Table 4).",,,,,,Failure,https://aspredicted.org/y63ph.pdf,1.0,1.0,1.0,1.0,1.0,1.0,1.0,1.0,1.0,4.0,,0.0105947,,0.026165124,0.429313473,-0.012491784,0.121828887,1,0,1,Social Psychological and Personality Science,,,,,,,,,,,,,,,,,,,2026,0.010594696,0.028305547,0.001174914,0.110241406,0.999999968,no signal,inconsistent,no signal - inconsistent,2.196953352,0.110431526
Camereretal2018_7,,2.0,,1,LKasseckert,SSRP,Psychology,,"Social Science Replication Project, Science, Nature, Human Behavior",Avoiding overhead aversion in charity,,,,,Effect sizes available here: https://osf.io/7286p,Lukas Röseler,45384.0,,,,0.222969398,0.182338253,178,407,"Gneezy, U., Keenan, E. A., & Gneezy, A. (2014). Avoiding overhead aversion
in charity. Science, 346(6209), 632-635.",10.1126/science.1253932,"Gneezy, U., Keenan, E. A., & Gneezy, A. (2014). Avoiding overhead aversion in charity. Science, 346(6209), 632-635. https://doi.org/10.1126/science.1253932",,"Camerer, C. F., Dreber, A., Holzmeister, F., Ho, T. H., Huber, J., Johannesson, M., ... & Wu, H. (2018). Evaluating the replicability of social science experiments in Nature and Science between 2010 and 2015. Nature human behaviour, 2(9), 637-644.",10.1038/s41562-018-0399-z,"Camerer, C. F., Dreber, A., Holzmeister, F., Ho, T. H., Huber, J., Johannesson, M., ... & Wu, H. (2018). Evaluating the replicability of social science experiments in Nature and Science between 2010 and 2015. Nature human behaviour, 2(9), 637-644.",,,,,,,,,,,,,,,,,,https://osf.io/pfdyw/,,2,Camereretal2018_7,,,,,,,,,,,,,,,Success,https://osf.io/e9ehf,,,,,,,,,,,,,,0.078457756,0.358303394,0.086670442,0.274673891,,,,Science,,,,,,,,,,,,,,,,,,,2014,0.005101926,0.002775393,0.002301997,0.000217073,0.998244008,signal,consistent,signal - consistent,3.000000075,0.075592895
Boyce_etal202349,,2.0,,1,Veronica Boyce,Boyce_etal2023,Psychology,,,Are older adults more willing to donate?,,,,,subfield: social,LR,45429.0,,,,0.29009809,0.04915287,155,90,"Gong, X., Zhang, F., & Fung, H. H. (2019). Are older adults more willing
to donate? The roles of donation form and social relationship. The Journals
of Gerontology: Series B, 74(3), 440-448.",,"Gong, X., Zhang, F., & Fung, H. H. (2019). Are older adults more willing to donate? The roles of donation form and social relationship. The Journals of Gerontology: Series B, 74(3), 440-448.",1.0,"Boyce, V., Mathur, M., & Frank, M. C. (2023). Eleven years of student replication projects provide evidence on the correlates of replicability in psychology. Royal Society Open Science, 10(11), 231240. https://doi.org/10.1098/rsos.231240",10.1098/rsos.231288,"Boyce, V., Mathur, M., & Frank, M. C. (2023). Eleven years of student replication projects provide evidence on the correlates of replicability in psychology. Royal Society Open Science, 10(11), 231240. https://doi.org/10.1098/rsos.231240",,,,,,,,,,,,,,,,,,https://osf.io/xwn9m/,,2,,,1.0,,0,,,"F(1,134) = 4.03","F(1,70)=.06",,,,,,,Failure,,,,,,,,,,,,very close,,,0.138797546,0.428164868,-0.159562451,0.253661929,,,,,,,,,,,,,,,,,,,,,,,2019,0.005446549,0.000250727,0.011181728,0.6454695,0.876300487,no signal,inconsistent,no signal - inconsistent,3.682292533,0.081110711
Manylabs2_16,,2.0,,1,LKasseckert,ML2,Psychology,,Many Labs 2,Moral foundations of liberals versus conservatives,,,,,,Lukas Röseler,45384.0,,,,0.251633852,0.14349931,1548,6966,"Graham, J., Haidt, J., & Nosek, B. A. (2009). Liberals andconservatives
rely on different sets of moral foundations Journal of Personality and
Social Psychology, 96, 1029– 1046. doi:10.1037/a0015141 Study 1",10.1037/a0015141,"Graham, J., Haidt, J., & Nosek, B. A. (2009). Liberals andconservatives rely on different sets of moral foundations Journal of Personality and Social Psychology, 96, 1029– 1046. https://doi.org/10.1037/a0015141",1.0,"Klein, R. A., Vianello, M., Hasselman, F., Adams, B. G., Adams Jr, R. B., Alper, S., ... & Sowden, W. (2018). Many Labs 2: Investigating variation in replicability across samples and settings. Advances in Methods and Practices in Psychological Science, 1(4), 443-490.",10.1177/2515245918810225,"Klein, R. A., Vianello, M., Hasselman, F., Adams, B. G., Adams Jr, R. B., Alper, S., ... & Sowden, W. (2018). Many Labs 2: Investigating variation in replicability across samples and settings. Advances in Methods and Practices in Psychological Science, 1(4), 443-490. https://doi.org/10.1177/2515245918810225",,,,0.52,d,0.29,d,,,,,,,,,,,https://osf.io/8cd4r/,,2,manylabs2,,,1,,,,,,,,,,,,Success,,,,,,,,,,,,,,,0.204373743,0.297723634,0.120421231,0.16642237,,,,Journal of Personality and Social Psychology,,,,,,,,,,,,,,,,,,,2009,0.000567143,8.76233E-24,0.000137723,2.27022E-33,1,signal,"inconsistent, smaller","signal - inconsistent, smaller",10.10791293,0.025441093
soscisubmission18,soscisubmission18,2.0,,1,CD,Individual submissions,,,binge-watching; self-determination theory; media psychology; well-being,binge-enjoy,,,,,,Tobias Dienlin,45029.0,,,,0.34,0.22,499,668,"Granow, V. C., Reinecke, L., & Ziegele, M. (2018). Binge-Watching and Psychological
Well-Being: Media Use Between Lack of Control and Perceived Autonomy. Communication
Research Reports, 35(5), 392–401. https://doi.org/10.1080/08824096.2018.1525347",10.1080/08824096.2018.1525347,"Granow, V. C., Reinecke, L., & Ziegele, M. (2018). Binge-Watching and Psychological Well-Being: Media Use Between Lack of Control and Perceived Autonomy. Communication Research Reports, 35(5), 392–401. https://doi.org/10.1080/08824096.2018.1525347",,"Erdmann, E., & Dienlin, T. (2022). Binge-watching, self-determination, and well-being: A partially successful direct replication and extension of Granow et al. (2018). Journal of Media Psychology, 1864-1105/a000334.",10.1027/1864-1105/a000334,"Erdmann, E., & Dienlin, T. (2022). Binge-watching, self-determination, and well-being: A partially successful direct replication and extension of Granow et al. (2018). Journal of Media Psychology, 1864-1105/a000334. https://doi.org/10.1027/1864-1105/a000334",,,,0.34,beta,0.22,beta,,,,,,,,,,,,,2,sosci_18,,,,0,,,,,,,,,,,Success,,2.0,2.0,4.0,2.0,1.0,1.0,2.0,1.0,1.0,1.0,"One item was changed in wording (""Based on feedback from the pretest, minor linguistic adjustments were made (e.g., “. . . I manage to distance myself from my (work) tasks” instead of “. . . dis- tance myself from work”) to ensure that non-working individuals also feel addressed.) The SEM that we fitted did not exactly represent the one in original study. In the original study several items were deleted to achieve good model fit. However, this procedure was not outlined in the paper, and we could not get the exact model from the original authors. In the original study, participants were collected via the sosci panel and additionally via Facebook. In the replication, participants were collected via Facebook.",,,0.259980551,0.415381555,0.146588249,0.291001666,,,,Communication Research Reports,,,,,,,,,,,,,,,,,,,2018,0.001570609,5.72602E-15,0.001357635,9.14083E-09,1,signal,"inconsistent, smaller","signal - inconsistent, smaller",7.886015056,0.044901326
soscisubmission18,soscisubmission18,2.0,,1,CD,Individual submissions,,,binge-watching; self-determination theory; media psychology; well-being,autonomy-enjoy,,,,,,Tobias Dienlin,45029.0,,,,0.29,0.43,499,668,"Granow, V. C., Reinecke, L., & Ziegele, M. (2018). Binge-Watching and Psychological
Well-Being: Media Use Between Lack of Control and Perceived Autonomy. Communication
Research Reports, 35(5), 392–401. https://doi.org/10.1080/08824096.2018.1525347",10.1080/08824096.2018.1525347,"Granow, V. C., Reinecke, L., & Ziegele, M. (2018). Binge-Watching and Psychological Well-Being: Media Use Between Lack of Control and Perceived Autonomy. Communication Research Reports, 35(5), 392–401. https://doi.org/10.1080/08824096.2018.1525347",,"Erdmann, E., & Dienlin, T. (2022). Binge-watching, self-determination, and well-being: A partially successful direct replication and extension of Granow et al. (2018). Journal of Media Psychology, 1864-1105/a000334. ",10.1027/1864-1105/a000334,"Erdmann, E., & Dienlin, T. (2022). Binge-watching, self-determination, and well-being: A partially successful direct replication and extension of Granow et al. (2018). Journal of Media Psychology, 1864-1105/a000334. https://doi.org/10.1027/1864-1105/a000334",,,,0.29,beta,0.43,beta,,,,,,,,,,,,,2,sosci_18,,,,0,,,,,,,,,,,Success,,2.0,2.0,4.0,2.0,1.0,1.0,2.0,1.0,1.0,1.0,"One item was changed in wording (""Based on feedback from the pretest, minor linguistic adjustments were made (e.g., “. . . I manage to distance myself from my (work) tasks” instead of “. . . dis- tance myself from work”) to ensure that non-working individuals also feel addressed.) The SEM that we fitted did not exactly represent the one in original study. In the original study several items were deleted to achieve good model fit. However, this procedure was not outlined in the paper, and we could not get the exact model from the original authors. In the original study, participants were collected via the sosci panel and additionally via Facebook. In the replication, participants were collected via Facebook.",,,0.207503677,0.36840057,0.366083133,0.489878777,,,,Communication Research Reports,,,,,,,,,,,,,,,,,,,2018,0.001684484,3.99371E-11,0.000996084,1.93633E-31,0.999999999,signal,"inconsistent, larger","signal - inconsistent, larger",6.649386411,0.044901326
soscisubmission18,soscisubmission18,2.0,,1,CD,Individual submissions,,,binge-watching; self-determination theory; media psychology; well-being,guilt-enjoy,,,,,,Tobias Dienlin,45029.0,,,,0.04,0.09,499,668,"Granow, V. C., Reinecke, L., & Ziegele, M. (2018). Binge-Watching and Psychological
Well-Being: Media Use Between Lack of Control and Perceived Autonomy. Communication
Research Reports, 35(5), 392–401. https://doi.org/10.1080/08824096.2018.1525347",10.1080/08824096.2018.1525347,"Granow, V. C., Reinecke, L., & Ziegele, M. (2018). Binge-Watching and Psychological Well-Being: Media Use Between Lack of Control and Perceived Autonomy. Communication Research Reports, 35(5), 392–401. https://doi.org/10.1080/08824096.2018.1525347",,"Erdmann, E., & Dienlin, T. (2022). Binge-watching, self-determination, and well-being: A partially successful direct replication and extension of Granow et al. (2018). Journal of Media Psychology, 1864-1105/a000334.",10.1027/1864-1105/a000334,"Erdmann, E., & Dienlin, T. (2022). Binge-watching, self-determination, and well-being: A partially successful direct replication and extension of Granow et al. (2018). Journal of Media Psychology, 1864-1105/a000334. https://doi.org/10.1027/1864-1105/a000334",,,,-0.04,beta,-0.09,beta,,,,,,,,,,,,,2,sosci_18,,,,0,,,,,,,,,,,OS not significant,,2.0,2.0,4.0,2.0,1.0,1.0,2.0,1.0,1.0,1.0,"One item was changed in wording (""Based on feedback from the pretest, minor linguistic adjustments were made (e.g., “. . . I manage to distance myself from my (work) tasks” instead of “. . . dis- tance myself from work”) to ensure that non-working individuals also feel addressed.) The SEM that we fitted did not exactly represent the one in original study. In the original study several items were deleted to achieve good model fit. However, this procedure was not outlined in the paper, and we could not get the exact model from the original authors. In the original study, participants were collected via the sosci panel and additionally via Facebook. In the replication, participants were collected via Facebook.",,,-0.047946835,0.127331408,0.014239082,0.164733458,,,,Communication Research Reports,,,,,,,,,,,,,,,,,,,2018,0.002001612,0.372581467,0.001475061,0.019993011,0.270280588,signal,OS not significant,signal - OS not significant,0.891317871,0.044901326
soscisubmission18,soscisubmission18,2.0,,1,CD,Individual submissions,,,binge-watching; self-determination theory; media psychology; well-being,binge-vitality,,,,,,Tobias Dienlin,45029.0,,,,0.07,0.02,499,668,"Granow, V. C., Reinecke, L., & Ziegele, M. (2018). Binge-Watching and Psychological
Well-Being: Media Use Between Lack of Control and Perceived Autonomy. Communication
Research Reports, 35(5), 392–401. https://doi.org/10.1080/08824096.2018.1525347",10.1080/08824096.2018.1525347,"Granow, V. C., Reinecke, L., & Ziegele, M. (2018). Binge-Watching and Psychological Well-Being: Media Use Between Lack of Control and Perceived Autonomy. Communication Research Reports, 35(5), 392–401. https://doi.org/10.1080/08824096.2018.1525347",,"Erdmann, E., & Dienlin, T. (2022). Binge-watching, self-determination, and well-being: A partially successful direct replication and extension of Granow et al. (2018). Journal of Media Psychology, 1864-1105/a000334. ",10.1027/1864-1105/a000334,"Erdmann, E., & Dienlin, T. (2022). Binge-watching, self-determination, and well-being: A partially successful direct replication and extension of Granow et al. (2018). Journal of Media Psychology, 1864-1105/a000334. https://doi.org/10.1027/1864-1105/a000334",,,,0.07,beta,0.02,beta,,,,,,,,,,,,,2,sosci_18,,,,0,,,,,,,,,,,OS not significant,,2.0,2.0,4.0,2.0,1.0,1.0,2.0,1.0,1.0,1.0,"One item was changed in wording (""Based on feedback from the pretest, minor linguistic adjustments were made (e.g., “. . . I manage to distance myself from my (work) tasks” instead of “. . . dis- tance myself from work”) to ensure that non-working individuals also feel addressed.) The SEM that we fitted did not exactly represent the one in original study. In the original study several items were deleted to achieve good model fit. However, this procedure was not outlined in the paper, and we could not get the exact model from the original authors. In the original study, participants were collected via the sosci panel and additionally via Facebook. In the replication, participants were collected via Facebook.",,,-0.017888402,0.156814938,-0.055943006,0.095712919,,,,Communication Research Reports,,,,,,,,,,,,,,,,,,,2018,0.001988402,0.11836431,0.001498051,0.605856212,0.565390089,no signal,OS not significant,no signal - OS not significant,1.561527858,0.044901326
soscisubmission18,soscisubmission18,2.0,,1,CD,Individual submissions,,,binge-watching; self-determination theory; media psychology; well-being,autonomy-vitality,,,,,,Tobias Dienlin,45029.0,,,,0.09,0.16,499,668,"Granow, V. C., Reinecke, L., & Ziegele, M. (2018). Binge-Watching and Psychological
Well-Being: Media Use Between Lack of Control and Perceived Autonomy. Communication
Research Reports, 35(5), 392–401. https://doi.org/10.1080/08824096.2018.1525347",10.1080/08824096.2018.1525347,"Granow, V. C., Reinecke, L., & Ziegele, M. (2018). Binge-Watching and Psychological Well-Being: Media Use Between Lack of Control and Perceived Autonomy. Communication Research Reports, 35(5), 392–401. https://doi.org/10.1080/08824096.2018.1525347",,"Erdmann, E., & Dienlin, T. (2022). Binge-watching, self-determination, and well-being: A partially successful direct replication and extension of Granow et al. (2018). Journal of Media Psychology, 1864-1105/a000334. ",10.1027/1864-1105/a000334,"Erdmann, E., & Dienlin, T. (2022). Binge-watching, self-determination, and well-being: A partially successful direct replication and extension of Granow et al. (2018). Journal of Media Psychology, 1864-1105/a000334. https://doi.org/10.1027/1864-1105/a000334",,,,0.09,beta,0.16,beta,,,,,,,,,,,,,2,sosci_18,,,,0,,,,,,,,,,,Success,,2.0,2.0,4.0,2.0,1.0,1.0,2.0,1.0,1.0,1.0,"One item was changed in wording (""Based on feedback from the pretest, minor linguistic adjustments were made (e.g., “. . . I manage to distance myself from my (work) tasks” instead of “. . . dis- tance myself from work”) to ensure that non-working individuals also feel addressed.) The SEM that we fitted did not exactly represent the one in original study. In the original study several items were deleted to achieve good model fit. However, this procedure was not outlined in the paper, and we could not get the exact model from the original authors. In the original study, participants were collected via the sosci panel and additionally via Facebook. In the replication, participants were collected via Facebook.",,,0.002239203,0.176385034,0.085175671,0.233029779,,,,Communication Research Reports,,,,,,,,,,,,,,,,,,,2018,0.001975634,0.044485697,0.001423471,3.26201E-05,0.753052827,signal,consistent,signal - consistent,2.009833492,0.044901326
soscisubmission18,soscisubmission18,2.0,,1,CD,Individual submissions,,,binge-watching; self-determination theory; media psychology; well-being,guilt-vitality,,,,,,Tobias Dienlin,45029.0,,,,0.15,0.07,499,668,"Granow, V. C., Reinecke, L., & Ziegele, M. (2018). Binge-Watching and Psychological
Well-Being: Media Use Between Lack of Control and Perceived Autonomy. Communication
Research Reports, 35(5), 392–401. https://doi.org/10.1080/08824096.2018.1525347",10.1080/08824096.2018.1525347,"Granow, V. C., Reinecke, L., & Ziegele, M. (2018). Binge-Watching and Psychological Well-Being: Media Use Between Lack of Control and Perceived Autonomy. Communication Research Reports, 35(5), 392–401. https://doi.org/10.1080/08824096.2018.1525347",,"Erdmann, E., & Dienlin, T. (2022). Binge-watching, self-determination, and well-being: A partially successful direct replication and extension of Granow et al. (2018). Journal of Media Psychology, 1864-1105/a000334. ",10.1027/1864-1105/a000334,"Erdmann, E., & Dienlin, T. (2022). Binge-watching, self-determination, and well-being: A partially successful direct replication and extension of Granow et al. (2018). Journal of Media Psychology, 1864-1105/a000334. https://doi.org/10.1027/1864-1105/a000334",,,,-0.15,beta,-0.07,beta,,,,,,,,,,,,,2,sosci_18,,,,0,,,,,,,,,,,Failure,,2.0,2.0,4.0,2.0,1.0,1.0,2.0,1.0,1.0,1.0,"One item was changed in wording (""Based on feedback from the pretest, minor linguistic adjustments were made (e.g., “. . . I manage to distance myself from my (work) tasks” instead of “. . . dis- tance myself from work”) to ensure that non-working individuals also feel addressed.) The SEM that we fitted did not exactly represent the one in original study. In the original study several items were deleted to achieve good model fit. However, this procedure was not outlined in the paper, and we could not get the exact model from the original authors. In the original study, participants were collected via the sosci panel and additionally via Facebook. In the replication, participants were collected via Facebook.",,,0.063051701,0.234688398,-0.005889405,0.145087706,,,,Communication Research Reports,,,,,,,,,,,,,,,,,,,2018,0.001918687,0.000775542,0.001484594,0.070602048,0.987953895,no signal,inconsistent,no signal - inconsistent,3.366057332,0.044901326
soscisubmission18,soscisubmission18,2.0,,1,CD,Individual submissions,,,binge-watching; self-determination theory; media psychology; well-being,binge-recovery,,,,,,Tobias Dienlin,45029.0,,,,0.08,0.06,499,668,"Granow, V. C., Reinecke, L., & Ziegele, M. (2018). Binge-Watching and Psychological
Well-Being: Media Use Between Lack of Control and Perceived Autonomy. Communication
Research Reports, 35(5), 392–401. https://doi.org/10.1080/08824096.2018.1525347",10.1080/08824096.2018.1525347,"Granow, V. C., Reinecke, L., & Ziegele, M. (2018). Binge-Watching and Psychological Well-Being: Media Use Between Lack of Control and Perceived Autonomy. Communication Research Reports, 35(5), 392–401. https://doi.org/10.1080/08824096.2018.1525347",,"Erdmann, E., & Dienlin, T. (2022). Binge-watching, self-determination, and well-being: A partially successful direct replication and extension of Granow et al. (2018). Journal of Media Psychology, 1864-1105/a000334. ",10.1027/1864-1105/a000334,"Erdmann, E., & Dienlin, T. (2022). Binge-watching, self-determination, and well-being: A partially successful direct replication and extension of Granow et al. (2018). Journal of Media Psychology, 1864-1105/a000334. https://doi.org/10.1027/1864-1105/a000334",,,,0.08,beta,0.06,beta,,,,,,,,,,,,,2,sosci_18,,,,0,,,,,,,,,,,OS not significant,,2.0,2.0,4.0,2.0,1.0,1.0,2.0,1.0,1.0,1.0,"One item was changed in wording (""Based on feedback from the pretest, minor linguistic adjustments were made (e.g., “. . . I manage to distance myself from my (work) tasks” instead of “. . . dis- tance myself from work”) to ensure that non-working individuals also feel addressed.) The SEM that we fitted did not exactly represent the one in original study. In the original study several items were deleted to achieve good model fit. However, this procedure was not outlined in the paper, and we could not get the exact model from the original authors. In the original study, participants were collected via the sosci panel and additionally via Facebook. In the replication, participants were collected via Facebook.",,,-0.007833496,0.166608515,-0.01593064,0.135242577,,,,Communication Research Reports,,,,,,,,,,,,,,,,,,,2018,0.001982412,0.074189101,0.001488475,0.12132563,0.66428265,no signal,OS not significant,no signal - OS not significant,1.785500186,0.044901326
soscisubmission18,soscisubmission18,2.0,,1,CD,Individual submissions,,,binge-watching; self-determination theory; media psychology; well-being,autonomy-recovery,,,,,,Tobias Dienlin,45029.0,,,,0.27,0.64,499,668,"Granow, V. C., Reinecke, L., & Ziegele, M. (2018). Binge-Watching and Psychological
Well-Being: Media Use Between Lack of Control and Perceived Autonomy. Communication
Research Reports, 35(5), 392–401. https://doi.org/10.1080/08824096.2018.1525347",10.1080/08824096.2018.1525347,"Granow, V. C., Reinecke, L., & Ziegele, M. (2018). Binge-Watching and Psychological Well-Being: Media Use Between Lack of Control and Perceived Autonomy. Communication Research Reports, 35(5), 392–401. https://doi.org/10.1080/08824096.2018.1525347",,"Erdmann, E., & Dienlin, T. (2022). Binge-watching, self-determination, and well-being: A partially successful direct replication and extension of Granow et al. (2018). Journal of Media Psychology, 1864-1105/a000334. ",10.1027/1864-1105/a000334,"Erdmann, E., & Dienlin, T. (2022). Binge-watching, self-determination, and well-being: A partially successful direct replication and extension of Granow et al. (2018). Journal of Media Psychology, 1864-1105/a000334. https://doi.org/10.1027/1864-1105/a000334",,,,0.27,beta,0.64,beta,,,,,,,,,,,,,2,sosci_18,,,,0,,,,,,,,,,,Success,,2.0,2.0,4.0,2.0,1.0,1.0,2.0,1.0,1.0,1.0,"One item was changed in wording (""Based on feedback from the pretest, minor linguistic adjustments were made (e.g., “. . . I manage to distance myself from my (work) tasks” instead of “. . . dis- tance myself from work”) to ensure that non-working individuals also feel addressed.) The SEM that we fitted did not exactly represent the one in original study. In the original study several items were deleted to achieve good model fit. However, this procedure was not outlined in the paper, and we could not get the exact model from the original authors. In the original study, participants were collected via the sosci panel and additionally via Facebook. In the replication, participants were collected via Facebook.",,,0.186645036,0.349495379,0.592928054,0.682712961,,,,Communication Research Reports,,,,,,,,,,,,,,,,,,,2018,0.001725933,8.76383E-10,0.000522597,2.98306E-78,0.999999981,signal,"inconsistent, larger","signal - inconsistent, larger",6.166050101,0.044901326
soscisubmission18,soscisubmission18,2.0,,1,CD,Individual submissions,,,binge-watching; self-determination theory; media psychology; well-being,guilt-recovery,,,,,,Tobias Dienlin,45029.0,,,,0.11,-0.07,499,668,"Granow, V. C., Reinecke, L., & Ziegele, M. (2018). Binge-Watching and Psychological
Well-Being: Media Use Between Lack of Control and Perceived Autonomy. Communication
Research Reports, 35(5), 392–401. https://doi.org/10.1080/08824096.2018.1525347",10.1080/08824096.2018.1525347,"Granow, V. C., Reinecke, L., & Ziegele, M. (2018). Binge-Watching and Psychological Well-Being: Media Use Between Lack of Control and Perceived Autonomy. Communication Research Reports, 35(5), 392–401. https://doi.org/10.1080/08824096.2018.1525347",,"Erdmann, E., & Dienlin, T. (2022). Binge-watching, self-determination, and well-being: A partially successful direct replication and extension of Granow et al. (2018). Journal of Media Psychology, 1864-1105/a000334. ",10.1027/1864-1105/a000334,"Erdmann, E., & Dienlin, T. (2022). Binge-watching, self-determination, and well-being: A partially successful direct replication and extension of Granow et al. (2018). Journal of Media Psychology, 1864-1105/a000334. https://doi.org/10.1027/1864-1105/a000334",,,,-0.11,beta,0.07,beta,,,,,,,,,,,,,2,sosci_18,,,,0,,,,,,,,,,,Failure,,2.0,2.0,4.0,2.0,1.0,1.0,2.0,1.0,1.0,1.0,"One item was changed in wording (""Based on feedback from the pretest, minor linguistic adjustments were made (e.g., “. . . I manage to distance myself from my (work) tasks” instead of “. . . dis- tance myself from work”) to ensure that non-working individuals also feel addressed.) The SEM that we fitted did not exactly represent the one in original study. In the original study several items were deleted to achieve good model fit. However, this procedure was not outlined in the paper, and we could not get the exact model from the original authors. In the original study, participants were collected via the sosci panel and additionally via Facebook. In the replication, participants were collected via Facebook.",,,0.022438168,0.195887073,-0.145087706,0.005889405,,,,Communication Research Reports,,,,,,,,,,,,,,,,,,,2018,0.001959732,0.013951252,0.001484594,0.070602048,0.885993743,no signal,inconsistent,no signal - inconsistent,2.459769607,0.044901326
soscisubmission18,soscisubmission18,2.0,,1,CD,Individual submissions,,,binge-watching; self-determination theory; media psychology; well-being,goal conflict-guilt,,,,,,Tobias Dienlin,45029.0,,,,0.47,0.19,499,668,"Granow, V. C., Reinecke, L., & Ziegele, M. (2018). Binge-Watching and Psychological
Well-Being: Media Use Between Lack of Control and Perceived Autonomy. Communication
Research Reports, 35(5), 392–401. https://doi.org/10.1080/08824096.2018.1525347",10.1080/08824096.2018.1525347,"Granow, V. C., Reinecke, L., & Ziegele, M. (2018). Binge-Watching and Psychological Well-Being: Media Use Between Lack of Control and Perceived Autonomy. Communication Research Reports, 35(5), 392–401. https://doi.org/10.1080/08824096.2018.1525347",,"Erdmann, E., & Dienlin, T. (2022). Binge-watching, self-determination, and well-being: A partially successful direct replication and extension of Granow et al. (2018). Journal of Media Psychology, 1864-1105/a000334. ",10.1027/1864-1105/a000334,"Erdmann, E., & Dienlin, T. (2022). Binge-watching, self-determination, and well-being: A partially successful direct replication and extension of Granow et al. (2018). Journal of Media Psychology, 1864-1105/a000334. https://doi.org/10.1027/1864-1105/a000334",,,,0.47,beta,0.19,beta,,,,,,,,,,,,,2,sosci_18,,,,0,,,,,,,,,,,Success,,2.0,2.0,4.0,2.0,1.0,1.0,2.0,1.0,1.0,1.0,"One item was changed in wording (""Based on feedback from the pretest, minor linguistic adjustments were made (e.g., “. . . I manage to distance myself from my (work) tasks” instead of “. . . dis- tance myself from work”) to ensure that non-working individuals also feel addressed.) The SEM that we fitted did not exactly represent the one in original study. In the original study several items were deleted to achieve good model fit. However, this procedure was not outlined in the paper, and we could not get the exact model from the original authors. In the original study, participants were collected via the sosci panel and additionally via Facebook. In the replication, participants were collected via Facebook.",,,0.398668955,0.53567859,0.115811059,0.26208075,,,,Communication Research Reports,,,,,,,,,,,,,,,,,,,2018,0.001218869,8.6964E-29,0.001392958,7.55158E-07,1,signal,"inconsistent, smaller","signal - inconsistent, smaller",11.35980577,0.044901326
soscisubmission18,soscisubmission18,2.0,,1,CD,Individual submissions,,,binge-watching; self-determination theory; media psychology; well-being,binge-autonomy,,,,,,Tobias Dienlin,45029.0,,,,0.15,0.34,499,668,"Granow, V. C., Reinecke, L., & Ziegele, M. (2018). Binge-Watching and Psychological
Well-Being: Media Use Between Lack of Control and Perceived Autonomy. Communication
Research Reports, 35(5), 392–401. https://doi.org/10.1080/08824096.2018.1525347",10.1080/08824096.2018.1525347,"Granow, V. C., Reinecke, L., & Ziegele, M. (2018). Binge-Watching and Psychological Well-Being: Media Use Between Lack of Control and Perceived Autonomy. Communication Research Reports, 35(5), 392–401. https://doi.org/10.1080/08824096.2018.1525347",,"Erdmann, E., & Dienlin, T. (2022). Binge-watching, self-determination, and well-being: A partially successful direct replication and extension of Granow et al. (2018). Journal of Media Psychology, 1864-1105/a000334. ",10.1027/1864-1105/a000334,"Erdmann, E., & Dienlin, T. (2022). Binge-watching, self-determination, and well-being: A partially successful direct replication and extension of Granow et al. (2018). Journal of Media Psychology, 1864-1105/a000334. https://doi.org/10.1027/1864-1105/a000334",,,,0.15,beta,0.34,beta,,,,,,,,,,,,,2,sosci_18,,,,0,,,,,,,,,,,Success,,2.0,2.0,4.0,2.0,1.0,1.0,2.0,1.0,1.0,1.0,"One item was changed in wording (""Based on feedback from the pretest, minor linguistic adjustments were made (e.g., “. . . I manage to distance myself from my (work) tasks” instead of “. . . dis- tance myself from work”) to ensure that non-working individuals also feel addressed.) The SEM that we fitted did not exactly represent the one in original study. In the original study several items were deleted to achieve good model fit. However, this procedure was not outlined in the paper, and we could not get the exact model from the original authors. In the original study, participants were collected via the sosci panel and additionally via Facebook. In the replication, participants were collected via Facebook.",,,0.063051701,0.234688398,0.271134917,0.405402096,,,,Communication Research Reports,,,,,,,,,,,,,,,,,,,2018,0.001918687,0.000775542,0.001172659,1.54081E-19,0.987953895,signal,"inconsistent, larger","signal - inconsistent, larger",3.366057332,0.044901326
soscisubmission18,soscisubmission18,2.0,,1,CD,Individual submissions,,,binge-watching; self-determination theory; media psychology; well-being,binge-goal conflict,,,,,,Tobias Dienlin,45029.0,,,,0.65,0.47,499,668,"Granow, V. C., Reinecke, L., & Ziegele, M. (2018). Binge-Watching and Psychological
Well-Being: Media Use Between Lack of Control and Perceived Autonomy. Communication
Research Reports, 35(5), 392–401. https://doi.org/10.1080/08824096.2018.1525347",10.1080/08824096.2018.1525347,"Granow, V. C., Reinecke, L., & Ziegele, M. (2018). Binge-Watching and Psychological Well-Being: Media Use Between Lack of Control and Perceived Autonomy. Communication Research Reports, 35(5), 392–401. https://doi.org/10.1080/08824096.2018.1525347",,"Erdmann, E., & Dienlin, T. (2022). Binge-watching, self-determination, and well-being: A partially successful direct replication and extension of Granow et al. (2018). Journal of Media Psychology, 1864-1105/a000334. ",10.1027/1864-1105/a000334,"Erdmann, E., & Dienlin, T. (2022). Binge-watching, self-determination, and well-being: A partially successful direct replication and extension of Granow et al. (2018). Journal of Media Psychology, 1864-1105/a000334. https://doi.org/10.1027/1864-1105/a000334",,,,0.65,beta,0.47,beta,,,,,,,,,,,,,2,,2,,2,0,,,,,,,,,,,Success,,2.0,2.0,4.0,2.0,1.0,1.0,2.0,1.0,1.0,1.0,"One item was changed in wording (""Based on feedback from the pretest, minor linguistic adjustments were made (e.g., “. . . I manage to distance myself from my (work) tasks” instead of “. . . dis- tance myself from work”) to ensure that non-working individuals also feel addressed.) The SEM that we fitted did not exactly represent the one in original study. In the original study several items were deleted to achieve good model fit. However, this procedure was not outlined in the paper, and we could not get the exact model from the original authors. In the original study, participants were collected via the sosci panel and additionally via Facebook. In the replication, participants were collected via Facebook.",,,0.596240628,0.697955903,0.408713876,0.527066461,,,,Communication Research Reports,,,,,,,,,,,,,,,,,,,2018,0.000669691,3.05575E-61,0.00091004,5.20254E-38,1,signal,"inconsistent, smaller","signal - inconsistent, smaller",17.26672203,0.044901326
Boyce_etal202350,,2.0,,1,Veronica Boyce,Boyce_etal2023,Psychology,,,Mind perception,,,,,subfield: social,LR,45429.0,,,,0.62033429,0.84433494,1800,54,"Gray, H. M., Gray, K., & Wegner, D. M. (2007). Dimensions of mind perception.
science, 315(5812), 619-619.",10.1126/science.1134475,"Gray, H. M., Gray, K., & Wegner, D. M. (2007). Dimensions of mind perception. science, 315(5812), 619-619.",1.0,"Boyce, V., Mathur, M., & Frank, M. C. (2023). Eleven years of student replication projects provide evidence on the correlates of replicability in psychology. Royal Society Open Science, 10(11), 231240. https://doi.org/10.1098/rsos.231240",10.1098/rsos.231289,"Boyce, V., Mathur, M., & Frank, M. C. (2023). Eleven years of student replication projects provide evidence on the correlates of replicability in psychology. Royal Society Open Science, 10(11), 231240. https://doi.org/10.1098/rsos.231240",,,,,,,,,,,,,,,,,,https://osf.io/xwn9m/,,2,,,1.0,,0,,,,,,,,,,,Success,,,,,,,,,,,,close,,,0.591072567,0.64796541,0.745004757,0.907033688,,,,,,,,,,,,,,,,,,,,,,,2007,0.000210369,6.2786E-192,0.001555199,1.04944E-15,0.999827738,signal,"inconsistent, larger","signal - inconsistent, larger",30.75674476,0.023589892
Manylabs2_08,,2.0,,1,LKasseckert,ML2,Psychology,Moral typecasting,Many Labs 2,Moral typecasting,,,,,,Lukas Röseler,45384.0,,,,0.371390676,0.429056815,69,8002,"Gray, K., & Wegner, D. M. (2009). Moral typecasting: Divergent perceptions
of moral agents and moral patients. Journal of Personality and Social Psychology,
96, 505–520. doi:10.1037/a0013748 Study 1a",10.1037/a0013748,"Gray, K., & Wegner, D. M. (2009). Moral typecasting: Divergent perceptions of moral agents and moral patients. Journal of Personality and Social Psychology, 96, 505–520. https://doi.org/10.1037/a0013748",1a,"Klein, R. A., Vianello, M., Hasselman, F., Adams, B. G., Adams Jr, R. B., Alper, S., ... & Sowden, W. (2018). Many Labs 2: Investigating variation in replicability across samples and settings. Advances in Methods and Practices in Psychological Science, 1(4), 443-490.",10.1177/2515245918810225,"Klein, R. A., Vianello, M., Hasselman, F., Adams, B. G., Adams Jr, R. B., Alper, S., ... & Sowden, W. (2018). Many Labs 2: Investigating variation in replicability across samples and settings. Advances in Methods and Practices in Psychological Science, 1(4), 443-490. https://doi.org/10.1177/2515245918810225",,,,0.8,d,0.95,d,,,,,,,,,,,https://osf.io/8cd4r/,,2,manylabs2,,,1,,,,,,,,,,,,Success,,,,,,,,,,,,,,,0.147692282,0.558939985,0.411009805,0.446767663,,,,Journal of Personality and Social Psychology,,,,,,,,,,,,,,,,,,,2009,0.010928866,0.001678927,8.32033E-05,0,1,signal,"inconsistent, larger","signal - inconsistent, larger",3.168661917,0.123091491
Boyce_etal202352,,2.0,,1,Veronica Boyce,Boyce_etal2023,Psychology,,,Opportunity cost neglect attenuates the effect of choices on preferences,,,,,subfield: non-psych,LR,45429.0,,,,0.20277403,0.03344119,101,28,"Greenberg, A. E., & Spiller, S. A. (2016). Opportunity cost neglect attenuates
the effect of choices on preferences. Psychological science, 27(1), 103-113.",10.1177/0956797615608267,"Greenberg, A. E., & Spiller, S. A. (2016). Opportunity cost neglect attenuates the effect of choices on preferences. Psychological science, 27(1), 103-113.",1.0,"Boyce, V., Mathur, M., & Frank, M. C. (2023). Eleven years of student replication projects provide evidence on the correlates of replicability in psychology. Royal Society Open Science, 10(11), 231240. https://doi.org/10.1098/rsos.231240",10.1098/rsos.231291,"Boyce, V., Mathur, M., & Frank, M. C. (2023). Eleven years of student replication projects provide evidence on the correlates of replicability in psychology. Royal Society Open Science, 10(11), 231240. https://doi.org/10.1098/rsos.231240",,,,,,,,,,,,,,,,,,https://osf.io/xwn9m/,,2,,,0.0,,0,,,t(96)=2.310,t( 23) = 2.233483,,,,,,,Failure,,,,,,,,,,,,close,,,0.007637439,0.383033666,-0.343926614,0.40150884,,,,,,,,,,,,,,,,,,,,,,,2016,0.00919456,0.04198521,0.036954245,0.865849068,0.275625915,no signal,consistent,no signal - consistent,2.035572239,0.101015254
Boyce_etal202353,,2.0,,1,Veronica Boyce,Boyce_etal2023,Psychology,,,Cognitive load selectively interferes with utilitarian moral judgment,,,,,subfield: cognitive,LR,45429.0,,,,0.29936136,0.13875676,82,25,"Greene, J. D., Morelli, S. A., Lowenberg, K., Nystrom, L. E., & Cohen,
J. D. (2008). Cognitive load selectively interferes with utilitarian moral
judgment. Cognition, 107(3), 1144-1154.",,"Greene, J. D., Morelli, S. A., Lowenberg, K., Nystrom, L. E., & Cohen, J. D. (2008). Cognitive load selectively interferes with utilitarian moral judgment. Cognition, 107(3), 1144-1154.",1.0,"Boyce, V., Mathur, M., & Frank, M. C. (2023). Eleven years of student replication projects provide evidence on the correlates of replicability in psychology. Royal Society Open Science, 10(11), 231240. https://doi.org/10.1098/rsos.231240",10.1098/rsos.231292,"Boyce, V., Mathur, M., & Frank, M. C. (2023). Eleven years of student replication projects provide evidence on the correlates of replicability in psychology. Royal Society Open Science, 10(11), 231240. https://doi.org/10.1098/rsos.231240",,,,,,,,,,,,,,,,,,https://osf.io/xwn9m/,,2,,,1.0,,0,,,"F(1, 62.9) = 8.5",,,,,,,,Failure,,,,,,,,,,,,close,,,0.088075961,0.484869634,-0.271245752,0.50613761,,,,,,,,,,,,,,,,,,,,,,,2008,0.010232059,0.00629177,0.040077659,0.508307043,0.434593648,no signal,consistent,no signal - consistent,2.744833976,0.11250879
soscisubmission96,,2.0,1.0,1,,Individual submissions,Psychology,Speedboat,"moral dilemmas, moral acceptability, personal force, physical contact,",H2: The mean moral acceptability ratings will be higher in the speedboat accelerate condition when compared to the speedboat oar condition.,"As predicted, planned contrasts revealed no significant effect of
physical contact (Pc–Pf vs. NoPc–Pf: F(1, 87) = 0.02
p = 0.89), but a significant effect of personal force (NoPc–
Pf vs. NoPc–NoPf: F(1, 87) = 5.86, p = 0.02, d = 0.69).","As predicted, planned contrasts revealed no significant effect of
physical contact (Pc–Pf vs. NoPc–Pf: F(1, 87) = 0.02
p = 0.89), but a significant effect of personal force (NoPc–
Pf vs. NoPc–NoPf: F(1, 87) = 5.86, p = 0.02, d = 0.69).",368.0,368.0,"This was originally an honours thesis, but a shortened version was posted on PsyArxiv and will not likely be published in a journal.","Mackinnon, Sean",45541.0,,,,0.326136346,0.260665852,89,160,"Greene, J.D., Cushman, F.A., Stewart, L E., Lowenberg, K., Nystrom, L.E.,
& Cohen, J.D. (2009). Pushing moral buttons: The interaction between personal
force and intention in moral judgment. Cognition, 111(3), 364–371. https://doi.org/10.1016/j.cognition.2009.02.001",10.1016/j.cognition.2009.02.001,"Greene, J.D., Cushman, F.A., Stewart, L E., Lowenberg, K., Nystrom, L.E., & Cohen, J.D. (2009). Pushing moral buttons: The interaction between personal force and intention in moral judgment. Cognition, 111(3), 364–371. https://doi.org/10.1016/j.cognition.2009.02.001",1b,"Lynds, T. M., & Mackinnon, S. P. (2024, August 11). Effects of personal force and physical contact on moral decision-making: A replication. https://doi.org/10.31234/osf.io/dca65",10.31234/osf.io/dca65,"Lynds, T. M., & Mackinnon, S. P. (2024, August 11). Effects of personal force and physical contact on moral decision-making: A replication. https://doi.org/10.31234/osf.io/dca65",,,,0.69,d,0.54,d,0.02,e,1.0,7.2E-4,e,2.0,,,,,https://osf.io/47msh/,,3,sosci_Mackinnon.&.Lynds.(2024),0,N/A,0,0,,,"F(1, 87) = 5.86, p = 0.02 (two-sided), d = 0.69","t(158) = 3.45, p = .00072 (two-sided), d = 0.54",https://osf.io/47msh/,,,,https://pdf.sciencedirectassets.com/271061/1-s2.0-S0010027709X00065/1-s2.0-S0010027709000420/main.pdf?X-Amz-Security-Token=IQoJb3JpZ2luX2VjEDIaCXVzLWVhc3QtMSJIMEYCIQD9TB8BB4ap25%2BoDObGh6%2FKPmqVGenc5xEDl%2B%2F1BirFMAIhAJe6k7q%2BcBopm4vaNWyeVj2pZL3q3wukkt3Jj%2Fe1sGsKKrwFCLv%2F%2F%2F%2F%2F%2F%2F%2F%2F%2FwEQBRoMMDU5MDAzNTQ2ODY1IgxYMzqdUhYdMCFW0jgqkAVOK0copotxwHyqfxAi9R1K3Opl%2FNWalrsiCnqcyR44yvnL26dgdcHj0ObOslHc%2BLgSebHhU9dSMiB6B6gWsJokDrQG2ZQ47v7sWV%2FtcB2o1UhTgXuml%2FrrcTMeBDgKHnziRXQqGrgQwiUDwZWTdYMZm4qwXWDncsPMO8xaQQ0OMv9N4ct1ckn4x5zKXekddkuhxCI5U2qa9gUaep1OYHWmHQI4x7atQp%2Bc%2FynJu3gQv8NoOhhJp%2B5eGwD8PXX%2BL6Hze4r7lgxBFsFI2N5TnRTYY6Mqiv7SJ4lbPamNB4tdPSeXN8cwxppC03ilOtsvFfOnu%2BlNPkUrnAuTdRsSpI%2BRoYwbUOemNY%2BNiLVFAAucgvfXCF4SLPuVnqCLolhfGyBNfmF%2FWbISy13ZgyIVmX1BDVYfKfNhAOjBppD5QDheAugIdbc0jU5P1%2FFQy9UWGUbfUz7IU%2BtZbFEgOq8hdGjAuF1deJjEYV6aj5GVzMmBC3blFPWjTgy9AaVPhUFzSjYbPtzDZuFrua8vfjP%2FodUwFRSdqEksamNgTkyUqBSHb5xWsKlyRdDp3hGRQafGqQvbiNyeGqgohL4eMRgBNytAMFuVu9vHgVzoT6UZLgtogsDV6qgIcIl%2FhJDCax%2BqOWljYilH6EB1V3OBRCoTFrLQaoWy9p%2FRCiLZm%2Byu0TBK9MC%2BDRfC8PZIrdkW11YlUubhvk%2F0QJobuUBrY1qIU81zIRTMZCLiYa4mI%2B9nGUorZwCP53cR3Ldz3nDxGdbC1VV2H4kNNb6lm3Pc6D1OuK93a8v5nuWbu5IAp8Nz512OY3EmqXtL8zEPQIJDYoqcALKkstsSIPHbP7yb3mz4BirveMI%2BJz%2Fc89asmTVC8IocKDCQxMy5BjqwAXtPrJsLlCJTb%2FhADqYDzpNNVSgy2lFIDis8M3NKcWttl3ufa%2FRmnqtpPrzcQgjgKJ8ZTqOvIZQkD7qm8EPzz4wasv9ZbEbmH1cDZq3focT8iJSFPZh0JFZl3JRlnGcM75vwTiwfB4nceTr473S%2Bl3yfJFTd4hDWB0B4%2FuBIa3PC7QhMHbdqL%2FJNr6%2BNdgaZRsZZsyF47Ahb5qX8ILQevSNvf5dJSQ2nSVbzadGFmT4I&X-Amz-Algorithm=AWS4-HMAC-SHA256&X-Amz-Date=20241112T100812Z&X-Amz-SignedHeaders=host&X-Amz-Expires=300&X-Amz-Credential=ASIAQ3PHCVTYWXPBRZQF%2F20241112%2Fus-east-1%2Fs3%2Faws4_request&X-Amz-Signature=710e6c7d820ebaf44f8b3218ef691d51f120bb10c066a38a5a256ec110102916&hash=6a7c2b48f1b7958c8ff4875c5bd0828f91fb23a272124e3b7478b04c02a43e04&host=68042c943591013ac2b2430a89b270f6af2c76d8dfd086a07176afe7c76c2c61&pii=S0010027709000420&tid=spdf-16b02047-414d-4956-95b2-5d10c693748f&sid=b0abaf433e6db6425f6ae0b30fc2640aadf4gxrqb&type=client&tsoh=d3d3LnNjaWVuY2VkaXJlY3QuY29t&ua=1e0a560a575505575201&rr=8e15b82dfcd5dbfb&cc=de p. 367,,Success,https://osf.io/uxe4h,1.0,1.0,1.0,2.0,3.0,3.0,3.0,1.0,1.0,3.0,"There are differences between this study and Greene and colleagues’ (2009). Firstly, Greene and colleagues conducted their study via pen and paper, whereas we used an online
 survey program completed at home. Original participants were from the United States, our participants were from Canada. Their participants were renumerated $3, ours entered into a raffle or awarded bonus points. 
 
 One notable difference between this study and Greene et al. is that each participant in our study responded to one footbridge dilemma and one speedboat dilemma with counterbalancing,
 creating a within-subject component. In Greene and colleagues’ study, Experiment 1a (footbridge) and Experiment 1b (speedboat) were conducted with separate participants. Our
 within-subjects approach to conducting Experiment 1a and 1b simultaneously maximized the data collected in a shorter timeframe. We also omitted the remote footbridge dilemma. The
 remote footbridge dilemma is similar to footbridge switch, except the agent is at a distance from the workman, eliminating spatial proximity. The planned contrast in Greene et al. (2009) that involved the remote footbridge dilemma (i.e., remote footbridge vs. footbridge switch to test the effect of physical proximity) was non-significant in the original study. Given the tight timeframe of data collection, we chose to omit this condition in this replication to maximize data collected for other conditions. Lastly, both studies screened for ‘suspended belief’ or ‘unconscious realism’ (when participants unconsciously replace unrealistic assumptions, portrayed by a moral dilemma, with more realistic ones). Both studies did this by asking participants whether they thought the action by the agent would result in the desired outcome. Participants provided an estimate (0-100%) as to whether the outcome would turn out as planned, turn out as worse, and turn out as better. Greene and colleagues used these estimates as covariates, while this study did not. Again, these covariates were all reported as nonsignificant in Greene et al. (2009), suggesting that they were unnecessary to add in the model.",,,0.126469426,0.500405493,0.109954157,0.399660494,,,,Cognition,,,,,,,,,,,,,,,,,,,2009,0.009074814,0.001814536,0.005463669,0.000871326,0.995468138,signal,consistent,signal - consistent,3.139106844,0.107832773
soscisubmission95,,2.0,1.0,1,,Individual submissions,Psychology,Footbridge,"moral dilemmas, moral acceptability, personal force, physical contact,",H1: The mean moral acceptability ratings will be higher in the footbridge switch condition when compared to the footbridge pole condition.,"Ratings of the moral acceptability of sacrificing one life to save five differed among the four dilemmas (F(3, 417) = 9.69, p < 0.0001). Planned pairwise contrasts revealed no significant effect of spatial proximity (remote footbridge vs. footbridge switch: F(1, 417) = 0.11 p = 0.74), no significant effect of physical contact (standard footbridge vs. footbridge pole: F(1, 417) = 1.43. p = 0.23), but a significant effect of personal force (footbridge switch vs. footbridge pole: F(1, 417) = 7.63, p = 0.006, d = 0.40; see Fig. 2). ","Ratings of the moral acceptability of sacrificing one life to save five differed among the four dilemmas (F(3, 417) = 9.69, p < 0.0001). Planned pairwise contrasts revealed no significant effect of spatial proximity (remote footbridge vs. footbridge switch: F(1, 417) = 0.11 p = 0.74), no significant effect of physical contact (standard footbridge vs. footbridge pole: F(1, 417) = 1.43. p = 0.23), but a significant effect of personal force (footbridge switch vs. footbridge pole: F(1, 417) = 7.63, p = 0.006, d = 0.40; see Fig. 2). ",367.0,367.0,"Data was originally an honours thesis, but unpublished. A shortened version was published on PsyArxiv but will not likely ever be published in a journal.","Mackinnon, Sean",45541.0,,,,0.196116135,0.1819132,419,160,"Greene, J.D., Cushman, F.A., Stewart, L E., Lowenberg, K., Nystrom, L.E.,
& Cohen, J.D. (2009). Pushing moral buttons: The interaction between personal
force and intention in moral judgment. Cognition, 111(3), 364–371. https://doi.org/10.1016/j.cognition.2009.02.001",10.1016/j.cognition.2009.02.001,"Greene, J.D., Cushman, F.A., Stewart, L E., Lowenberg, K., Nystrom, L.E., & Cohen, J.D. (2009). Pushing moral buttons: The interaction between personal force and intention in moral judgment. Cognition, 111(3), 364–371. https://doi.org/10.1016/j.cognition.2009.02.001",1a,"Lynds, T. M., & Mackinnon, S. P. (2024, August 11). Effects of personal force and physical contact on moral decision-making: A replication. https://doi.org/10.31234/osf.io/dca65",10.31234/osf.io/dca65,"Lynds, T. M., & Mackinnon, S. P. (2024, August 11). Effects of personal force and physical contact on moral decision-making: A replication. https://doi.org/10.31234/osf.io/dca65",,,,0.4,d,0.37,d,0.006,e,1.0,0.02,e,2.0,,,,,https://osf.io/47msh/,,3,sosci_Mackinnon.&.Lynds.(2024),0,N/A,0,0,,,"F(1, 417) = 7.63, p = 0.006 (two-tailed), d = 0.40","t(151) = 2.34, P = 0.02 (two-tailed), d = 0.37",https://osf.io/47msh/,,,,https://pdf.sciencedirectassets.com/271061/1-s2.0-S0010027709X00065/1-s2.0-S0010027709000420/main.pdf?X-Amz-Security-Token=IQoJb3JpZ2luX2VjEDIaCXVzLWVhc3QtMSJIMEYCIQD9TB8BB4ap25%2BoDObGh6%2FKPmqVGenc5xEDl%2B%2F1BirFMAIhAJe6k7q%2BcBopm4vaNWyeVj2pZL3q3wukkt3Jj%2Fe1sGsKKrwFCLv%2F%2F%2F%2F%2F%2F%2F%2F%2F%2FwEQBRoMMDU5MDAzNTQ2ODY1IgxYMzqdUhYdMCFW0jgqkAVOK0copotxwHyqfxAi9R1K3Opl%2FNWalrsiCnqcyR44yvnL26dgdcHj0ObOslHc%2BLgSebHhU9dSMiB6B6gWsJokDrQG2ZQ47v7sWV%2FtcB2o1UhTgXuml%2FrrcTMeBDgKHnziRXQqGrgQwiUDwZWTdYMZm4qwXWDncsPMO8xaQQ0OMv9N4ct1ckn4x5zKXekddkuhxCI5U2qa9gUaep1OYHWmHQI4x7atQp%2Bc%2FynJu3gQv8NoOhhJp%2B5eGwD8PXX%2BL6Hze4r7lgxBFsFI2N5TnRTYY6Mqiv7SJ4lbPamNB4tdPSeXN8cwxppC03ilOtsvFfOnu%2BlNPkUrnAuTdRsSpI%2BRoYwbUOemNY%2BNiLVFAAucgvfXCF4SLPuVnqCLolhfGyBNfmF%2FWbISy13ZgyIVmX1BDVYfKfNhAOjBppD5QDheAugIdbc0jU5P1%2FFQy9UWGUbfUz7IU%2BtZbFEgOq8hdGjAuF1deJjEYV6aj5GVzMmBC3blFPWjTgy9AaVPhUFzSjYbPtzDZuFrua8vfjP%2FodUwFRSdqEksamNgTkyUqBSHb5xWsKlyRdDp3hGRQafGqQvbiNyeGqgohL4eMRgBNytAMFuVu9vHgVzoT6UZLgtogsDV6qgIcIl%2FhJDCax%2BqOWljYilH6EB1V3OBRCoTFrLQaoWy9p%2FRCiLZm%2Byu0TBK9MC%2BDRfC8PZIrdkW11YlUubhvk%2F0QJobuUBrY1qIU81zIRTMZCLiYa4mI%2B9nGUorZwCP53cR3Ldz3nDxGdbC1VV2H4kNNb6lm3Pc6D1OuK93a8v5nuWbu5IAp8Nz512OY3EmqXtL8zEPQIJDYoqcALKkstsSIPHbP7yb3mz4BirveMI%2BJz%2Fc89asmTVC8IocKDCQxMy5BjqwAXtPrJsLlCJTb%2FhADqYDzpNNVSgy2lFIDis8M3NKcWttl3ufa%2FRmnqtpPrzcQgjgKJ8ZTqOvIZQkD7qm8EPzz4wasv9ZbEbmH1cDZq3focT8iJSFPZh0JFZl3JRlnGcM75vwTiwfB4nceTr473S%2Bl3yfJFTd4hDWB0B4%2FuBIa3PC7QhMHbdqL%2FJNr6%2BNdgaZRsZZsyF47Ahb5qX8ILQevSNvf5dJSQ2nSVbzadGFmT4I&X-Amz-Algorithm=AWS4-HMAC-SHA256&X-Amz-Date=20241112T100812Z&X-Amz-SignedHeaders=host&X-Amz-Expires=300&X-Amz-Credential=ASIAQ3PHCVTYWXPBRZQF%2F20241112%2Fus-east-1%2Fs3%2Faws4_request&X-Amz-Signature=710e6c7d820ebaf44f8b3218ef691d51f120bb10c066a38a5a256ec110102916&hash=6a7c2b48f1b7958c8ff4875c5bd0828f91fb23a272124e3b7478b04c02a43e04&host=68042c943591013ac2b2430a89b270f6af2c76d8dfd086a07176afe7c76c2c61&pii=S0010027709000420&tid=spdf-16b02047-414d-4956-95b2-5d10c693748f&sid=b0abaf433e6db6425f6ae0b30fc2640aadf4gxrqb&type=client&tsoh=d3d3LnNjaWVuY2VkaXJlY3QuY29t&ua=1e0a560a575505575201&rr=8e15b82dfcd5dbfb&cc=de p. 367,,Success,https://osf.io/uxe4h,1.0,1.0,1.0,2.0,3.0,3.0,3.0,1.0,1.0,3.0,"There are differences between this study and Greene and colleagues’ (2009). Firstly, Greene and colleagues conducted their study via pen and paper, whereas we used an online
 survey program completed at home. Original participants were from the United States, our participants were from Canada. Their participants were renumerated $3, ours entered into a raffle or awarded bonus points. 
 
 One notable difference between this study and Greene et al. is that each participant in our study responded to one footbridge dilemma and one speedboat dilemma with counterbalancing,
 creating a within-subject component. In Greene and colleagues’ study, Experiment 1a (footbridge) and Experiment 1b (speedboat) were conducted with separate participants. Our
 within-subjects approach to conducting Experiment 1a and 1b simultaneously maximized the data collected in a shorter timeframe. We also omitted the remote footbridge dilemma. The
 remote footbridge dilemma is similar to footbridge switch, except the agent is at a distance from the workman, eliminating spatial proximity. The planned contrast in Greene et al. (2009) that involved the remote footbridge dilemma (i.e., remote footbridge vs. footbridge switch to test the effect of physical proximity) was non-significant in the original study. Given the tight timeframe of data collection, we chose to omit this condition in this replication to maximize data collected for other conditions. Lastly, both studies screened for ‘suspended belief’ or ‘unconscious realism’ (when participants unconsciously replace unrealistic assumptions, portrayed by a moral dilemma, with more realistic ones). Both studies did this by asking participants whether they thought the action by the agent would result in the desired outcome. Participants provided an estimate (0-100%) as to whether the outcome would turn out as planned, turn out as worse, and turn out as better. Greene and colleagues used these estimates as covariates, while this study did not. Again, these covariates were all reported as nonsignificant in Greene et al. (2009), suggesting that they were unnecessary to add in the model.",,,0.102236517,0.286533185,0.027531544,0.327819112,,,,Cognition,,,,,,,,,,,,,,,,,,,2009,0.002211857,5.30605E-05,0.005879939,0.021321511,0.803093462,signal,consistent,signal - consistent,4.052498999,0.049029034
OpenMKT3,OpenMKT3,2.0,,1,LK,openmkt,Marketing,,Sensory Marketing,High (vs. low) saturation increases arousal,,,,,,"Kaiser, Leonard",45142.0,,,,0.299,0.18,77,823,"Hagtvedt, H., and Brasel, S. A. (2017). Color Saturation Increases Perceived
Product Size. J. Consum. Res. 44, 396–413. doi: 10.1093/jcr/ucx039 Study
3",10.1093/jcr/ucx039,"Hagtvedt, H., and Brasel, S. A. (2017). Color Saturation Increases Perceived Product Size. J. Consum. Res. 44, 396–413. https://doi.org/10.1093/jcr/ucx039",3.0,"Motoki, K., & Iseki, S. (2022). Evaluating replicability of ten influential research on sensory marketing. Frontiers in Communication, 7, 1048896.",10.3389/fcomm.2022.1048896,"Motoki, K., & Iseki, S. (2022). Evaluating replicability of ten influential research on sensory marketing. Frontiers in Communication, 7, 1048896. https://doi.org/10.3389/fcomm.2022.1048896",,,,0.299,r,0.18,r,,,,,,,,,,,https://osf.io/tnmvq/,,2,openMKT3,,,,,,,,,,,,,,,Success,,,,,,,,,,,,,,,0.080405927,0.490153419,0.113052415,0.245320571,,,,Journal of Consumer Research,,,,,,,,,,,,,,,,,,,2017,0.010910402,0.008253414,0.00113899,2.00898E-07,1,signal,"inconsistent, smaller","signal - inconsistent, smaller",2.653138319,0.116247639
OpenMKT3,OpenMKT3,2.0,,1,LK,openmkt,Marketing,,Sensory Marketing,High (vs. low) saturation increases attention,,,,,,"Kaiser, Leonard",45142.0,,,,0.249,0.238,77,823,"Hagtvedt, H., and Brasel, S. A. (2017). Color Saturation Increases Perceived
Product Size. J. Consum. Res. 44, 396–413. doi: 10.1093/jcr/ucx039 Study
3",10.1093/jcr/ucx039,"Hagtvedt, H., and Brasel, S. A. (2017). Color Saturation Increases Perceived Product Size. J. Consum. Res. 44, 396–413. https://doi.org/10.1093/jcr/ucx039",3.0,"Motoki, K., & Iseki, S. (2022). Evaluating replicability of ten influential research on sensory marketing. Frontiers in Communication, 7, 1048896.",10.3389/fcomm.2022.1048896,"Motoki, K., & Iseki, S. (2022). Evaluating replicability of ten influential research on sensory marketing. Frontiers in Communication, 7, 1048896. https://doi.org/10.3389/fcomm.2022.1048896",,,,0.249,r,0.238,r,,,,,,,,,,,https://osf.io/tnmvq/,,2,openMKT3,,,,,,,,,,,,,,,Success,,,,,,,,,,,,,,,0.026499039,0.447993886,0.172466857,0.301435532,,,,Journal of Consumer Research,,,,,,,,,,,,,,,,,,,2017,0.01157687,0.028980783,0.001082628,4.61335E-12,0.999999992,signal,consistent,signal - consistent,2.187970714,0.116247639
OpenMKT3,OpenMKT3,2.0,,1,LK,openmkt,Marketing,,Sensory Marketing,High (vs. low) saturation increases product size estimates,,,,,,"Kaiser, Leonard",45142.0,,,,0.295,0.011,77,823,"Hagtvedt, H., and Brasel, S. A. (2017). Color Saturation Increases Perceived
Product Size. J. Consum. Res. 44, 396–413. doi: 10.1093/jcr/ucx039 Study
3",10.1093/jcr/ucx039,"Hagtvedt, H., and Brasel, S. A. (2017). Color Saturation Increases Perceived Product Size. J. Consum. Res. 44, 396–413. https://doi.org/10.1093/jcr/ucx039",3.0,"Motoki, K., & Iseki, S. (2022). Evaluating replicability of ten influential research on sensory marketing. Frontiers in Communication, 7, 1048896.",10.3389/fcomm.2022.1048896,"Motoki, K., & Iseki, S. (2022). Evaluating replicability of ten influential research on sensory marketing. Frontiers in Communication, 7, 1048896. https://doi.org/10.3389/fcomm.2022.1048896",,,,0.295,r,0.011,r,,,,,,,,,,,https://osf.io/tnmvq/,,2,openMKT3,,,,,,,,,,,,,,,Failure,,,,,,,,,,,,,,,0.0760458,0.486813252,-0.057381364,0.079278634,,,,Journal of Consumer Research,,,,,,,,,,,,,,,,,,,2017,0.010967413,0.009200517,0.001216251,0.752687516,1,no signal,inconsistent,no signal - inconsistent,2.615400097,0.116247639
Boyce_etal202356,,2.0,,1,Veronica Boyce,Boyce_etal2023,Psychology,,,children’s fixed and growth intelligence mind-sets and parents' view of failure,,,,,subfield: social,LR,45429.0,,,,0.26447538,0.21902877,132,115,"Haimovitz, K., & Dweck, C. S. (2016). What predicts children’s fixed and
growth intelligence mind-sets? Not their parents’ views of intelligence
but their parents’ views of failure. Psychological science, 27(6), 859-869.",,"Haimovitz, K., & Dweck, C. S. (2016). What predicts children’s fixed and growth intelligence mind-sets? Not their parents’ views of intelligence but their parents’ views of failure. Psychological science, 27(6), 859-869.",4.0,"Boyce, V., Mathur, M., & Frank, M. C. (2023). Eleven years of student replication projects provide evidence on the correlates of replicability in psychology. Royal Society Open Science, 10(11), 231240. https://doi.org/10.1098/rsos.231240",10.1098/rsos.231295,"Boyce, V., Mathur, M., & Frank, M. C. (2023). Eleven years of student replication projects provide evidence on the correlates of replicability in psychology. Royal Society Open Science, 10(11), 231240. https://doi.org/10.1098/rsos.231240",,,,,,,,,,,,,,,,,,https://osf.io/xwn9m/,,2,,,0.0,,1,,,t(131) = 3.246,t(113) = -1.9291,,,,,,,Success,,,,,,,,,,,,close,,,0.098033211,0.416524435,0.037419042,0.386632771,,,,,,,,,,,,,,,,,,,,,,,2016,0.006603039,0.002180716,0.007950476,0.018683083,0.891564932,signal,consistent,signal - consistent,3.076994859,0.088045091
Boyce_etal202355,,2.0,,1,Veronica Boyce,Boyce_etal2023,Psychology,,,children’s fixed and growth intelligence mind-sets and parents' view of failure,,,,,subfield: social,LR,45429.0,,,,0.26327458,0.00458827,132,97,"Haimovitz, K., & Dweck, C. S. (2016). What predicts children’s fixed and
growth intelligence mind-sets? Not their parents’ views of intelligence
but their parents’ views of failure. Psychological science, 27(6), 859-869.",,"Haimovitz, K., & Dweck, C. S. (2016). What predicts children’s fixed and growth intelligence mind-sets? Not their parents’ views of intelligence but their parents’ views of failure. Psychological science, 27(6), 859-869.",4.0,"Boyce, V., Mathur, M., & Frank, M. C. (2023). Eleven years of student replication projects provide evidence on the correlates of replicability in psychology. Royal Society Open Science, 10(11), 231240. https://doi.org/10.1098/rsos.231240",10.1098/rsos.231294,"Boyce, V., Mathur, M., & Frank, M. C. (2023). Eleven years of student replication projects provide evidence on the correlates of replicability in psychology. Royal Society Open Science, 10(11), 231240. https://doi.org/10.1098/rsos.231240",,,,,,,,,,,,,,,,,,https://osf.io/xwn9m/,,2,,,0.0,,1,,,t(131) = 3.246,t(93) = -1.93,,,,,,,Failure,,,,,,,,,,,,very close,,,0.096754785,0.415457114,-0.195035548,0.203847067,,,,,,,,,,,,,,,,,,,,,,,2016,0.006612041,0.002288249,0.010416228,0.96442325,0.83719661,no signal,inconsistent,no signal - inconsistent,3.062335671,0.088045091
osc2015120,osc2015120,2.0,,1,CD,OSC 2015,,,"Affect, Defense Mechanisms, Female, Humans, Male, Motivation, Time Factors, Verbal Behavior, Vocabulary",Errors Are Aversive: Defensive Motivation and the Error-Related Negativity,,,,,only contact author listed as contributor,Lewis,44927.0,,,,0.38,0.25,31,43,"Hajcak, G., & Foti, D. (2008). Errors are aversive: Defensive motivation
and the error-related negativity. Psychological science, 19(2), 103-108.",10.1111/j.1467-9280.2008.02053.x,"Hajcak, G., & Foti, D. (2008). Errors are aversive: Defensive motivation and the error-related negativity. Psychological science, 19(2), 103-108. https://doi.org/10.1111/j.1467-9280.2008.02053.x",,"Lewis, M., & Pitts, M. (2023, September 28). Replication of Hajcak & Foti (2008, PS, Study 1). ",10.17605/OSF.IO/73PND,"Open Science Collaboration. (2015). Estimating the reproducibility of psychological science. Science, 349(6251), aac4716. https://doi.org/10.1126/science.aac4716","Lewis, M., & Pitts, M. (2023, September 28). Replication of Hajcak & Foti (2008, PS, Study 1). ",,,,,,,,,,,,,,,,,https://osf.io/73pnd/,,,,,,,,,,,,,,,,,,Failure,,,,,,,,,,,,,,,0.029652577,0.647195706,-0.054430854,0.511906842,1,0,0.82,Psychological Science,,,,,,,,,,,,,,,,,,,2008,0.024401712,0.034976204,0.020926339,0.10591208,0.819942773,no signal,consistent,no signal - consistent,2.116916687,0.188982237
osc2015145,osc2015145,2.0,,1,CD,OSC 2015,,,"Adult, Conflict (Psychology), Female, Hate, Humans, Interpersonal Relations, Love, Male, Motivation",,,,,,only contact author listed as contributor,Thomae,44927.0,,,,0.768651993,0.652982567,240,120,"Halevy, N., Bornstein, G., & Sagiv, L. (2008). “In-group love” and “out-group
hate” as motives for individual participation in intergroup conflict: A
new game paradigm. Psychological science, 19(4), 405-411.",10.1111/j.1467-9280.2008.02100.x,"Halevy, N., Bornstein, G., & Sagiv, L. (2008). “In-group love” and “out-group hate” as motives for individual participation in intergroup conflict: A new game paradigm. Psychological science, 19(4), 405-411. https://doi.org/10.1111/j.1467-9280.2008.02100.x",,"Thomae, M., Wood, M. J., & Immelman, N. (2023, September 28). Replication of N Halevy, G Bornstein, L Sagiv (2008, PS 19(4)). Retrieved from osf.io/76qc5",10.1126/science.aac4716,"Open Science Collaboration. (2015). Estimating the reproducibility of psychological science. Science, 349(6251), aac4716. https://doi.org/10.1126/science.aac4716","Thomae, M., Wood, M. J., & Immelman, N. (2023, September 28). Replication of N Halevy, G Bornstein, L Sagiv (2008, PS 19(4)). Retrieved from osf.io/76qc5",,,,,,,,,,,,,,,,,https://osf.io/76qc5/,,,,,,,,,,,,,,,,,,Success,,,,,,,,,,,,,,,0.711251248,0.815869765,0.53653848,0.745025076,1,1,1,Psychological Science,,,,,,,,,,,,,,,,,,,2008,0.000700517,4.39836E-48,0.002764981,6.36781E-16,1,signal,"inconsistent, smaller","signal - inconsistent, smaller",15.6568997,0.06495698
osc201555,osc201555,2.0,,1,CD,OSC 2015,,,"Analysis of Variance, Attitude, Biofeedback, Psychology, Brain Mapping, Cognitive Dissonance, Decision Making, Female, Humans, Male, Models, Psychological, Prefrontal Cortex [physiology]",Left frontal cortical activation and spreading of alternatives: Tests of the action-based model of dissonance.,,,,,only contact author listed as contributor,Gable,44927.0,,,,0.229852265,0.066130007,57,71,"Harmon-Jones, E., Harmon-Jones, C., Fearn, M., Sigelman, J.D., & Johnson,
P. (2008). Left frontal cortical activation and spreading of alternatives:
Test of the action-based model of dissonance. Journal of Personality and
Social Psychology, 94(1), 1-15.",10.1037/0022-3514.94.1.1,"Harmon-Jones, E., Harmon-Jones, C., Fearn, M., Sigelman, J.D., & Johnson, P. (2008). Left frontal cortical activation and spreading of alternatives: Test of the action-based model of dissonance. Journal of Personality and Social Psychology, 94(1), 1-15. https://doi.org/10.1037/0022-3514.94.1.1",,"Gable, P. A., & Mechin, N. (2023, September 28). Replication of E Harmon-Jones, C Harmon-Jones, M Fearn, JD Sigelman, P Johnson (2008, JPSP 94(1), Exp. 2). Retrieved from osf.io/su6bm",10.1126/science.aac4716,"Open Science Collaboration. (2015). Estimating the reproducibility of psychological science. Science, 349(6251), aac4716. https://doi.org/10.1126/science.aac4716","Gable, P. A., & Mechin, N. (2023, September 28). Replication of E Harmon-Jones, C Harmon-Jones, M Fearn, JD Sigelman, P Johnson (2008, JPSP 94(1), Exp. 2). Retrieved from osf.io/su6bm",,,,,,,,,,,,,,,,,https://osf.io/su6bm/,,,,,,,,,,,,,,,,,,OS not significant,,,,,,,,,,,,,,,-0.032672197,0.462707418,-0.169793363,0.294884157,0,0,0.618,Journal of Personality and Social Psychology,,,,,,,,,,,,,,,,,,,2008,0.016020127,0.085430041,0.01416104,0.583739261,0.617618185,no signal,OS not significant,no signal - OS not significant,1.719787868,0.136082763
Boyce_etal202357,,2.0,,1,Veronica Boyce,Boyce_etal2023,Psychology,,,statistical shape of geometric reasoning,,,,,subfield: cognitive,LR,45429.0,,,,0.39102597,0.4112868,100,37,"Hart, Y., Dillon, M. R., Marantan, A., Cardenas, A. L., Spelke, E., & Mahadevan,
L. (2018). The statistical shape of geometric reasoning. Scientific reports,
8(1), 1-12.",,"Hart, Y., Dillon, M. R., Marantan, A., Cardenas, A. L., Spelke, E., & Mahadevan, L. (2018). The statistical shape of geometric reasoning. Scientific reports, 8(1), 1-12.",2.0,"Boyce, V., Mathur, M., & Frank, M. C. (2023). Eleven years of student replication projects provide evidence on the correlates of replicability in psychology. Royal Society Open Science, 10(11), 231240. https://doi.org/10.1098/rsos.231240",10.1098/rsos.231296,"Boyce, V., Mathur, M., & Frank, M. C. (2023). Eleven years of student replication projects provide evidence on the correlates of replicability in psychology. Royal Society Open Science, 10(11), 231240. https://doi.org/10.1098/rsos.231240",,,,,,,,,,,,,,,,,,https://osf.io/xwn9m/,,2,,,1.0,,0,,,t(99)= -6.354,t(36)=-6.4501,,,,,,,Success,,,,,,,,,,,,close,,,0.210798114,0.545543821,0.100685655,0.648838502,,,,,,,,,,,,,,,,,,,,,,,2018,0.007248244,5.75893E-05,0.01917501,0.011441377,0.787128083,signal,consistent,signal - consistent,4.06768286,0.101534617
Manylabs2_06,,2.0,,1,LKasseckert,ML2,Psychology,Trolley Dilemma,Many Labs 2,Trolley Dilemma 1: principle of double effect,,,,,,Lukas Röseler,45384.0,,,,0.780868809,0.559472855,2646,6842,"Hauser, M. D., Cushman, F. A., Young, L., Jin, R., & Mikhail, J. M. (2007).
A dissociation between moral judgments and justifications. Mind & Language,
22, 1–21. doi:10.1111/ j.1468-0017.2006.00297.x Scenarios 1 and 2",10.1111/ j.1468-0017.2006.00297.x,"Hauser, M. D., Cushman, F. A., Young, L., Jin, R., & Mikhail, J. M. (2007). A dissociation between moral judgments and justifications. Mind & Language, 22, 1–21. https://doi.org/10.1111/ j.1468-0017.2006.00297.x",,"Klein, R. A., Vianello, M., Hasselman, F., Adams, B. G., Adams Jr, R. B., Alper, S., ... & Sowden, W. (2018). Many Labs 2: Investigating variation in replicability across samples and settings. Advances in Methods and Practices in Psychological Science, 1(4), 443-490.",10.1177/2515245918810225,"Klein, R. A., Vianello, M., Hasselman, F., Adams, B. G., Adams Jr, R. B., Alper, S., ... & Sowden, W. (2018). Many Labs 2: Investigating variation in replicability across samples and settings. Advances in Methods and Practices in Psychological Science, 1(4), 443-490. https://doi.org/10.1177/2515245918810225",,,,2.5,d,1.35,d,,,,,,,,,,,https://osf.io/8cd4r/,,2,manylabs2,,,0,,,,,,,,,,,,Success,,,,,,,,,,,,"Fisher’s exact test was used instead of chi-square, to obtain two-sided results in which negative values indicated an effect opposite the original",,,0.76554227,0.795309607,0.542975399,0.575538616,,,,Mind & Language,,,,,,,,,,,,,,,,,,,2006,5.75767E-05,0,6.89892E-05,0,1,signal,"inconsistent, smaller","signal - inconsistent, smaller",53.85687802,0.019451425
Manylabs2_17,,2.0,,1,LKasseckert,ML2,Psychology,Trolley Dilemma,Many Labs 2,Trolley Dilemma 2: principle of double effect,,,,,,Lukas Röseler,45384.0,,,,0.167595494,0.124034735,2612,7923,"Hauser, M. D., Cushman, F. A., Young, L., Jin, R., & Mikhail, J. M. (2007).
A dissociation between moral judgments and justifications. Mind & Language,
22, 1–21. doi:10.1111/j.1468-0017.2006.00297.x Study 1, Scenarios 3 and
4",10.1111/ j.1468-0017.2006.00297.x,"Hauser, M. D., Cushman, F. A., Young, L., Jin, R., & Mikhail, J. M. (2007). A dissociation between moral judgments and justifications. Mind & Language, 22, 1–21. https://doi.org/10.1111/j.1468-0017.2006.00297.x",1.0,"Klein, R. A., Vianello, M., Hasselman, F., Adams, B. G., Adams Jr, R. B., Alper, S., ... & Sowden, W. (2018). Many Labs 2: Investigating variation in replicability across samples and settings. Advances in Methods and Practices in Psychological Science, 1(4), 443-490.",10.1177/2515245918810225,"Klein, R. A., Vianello, M., Hasselman, F., Adams, B. G., Adams Jr, R. B., Alper, S., ... & Sowden, W. (2018). Many Labs 2: Investigating variation in replicability across samples and settings. Advances in Methods and Practices in Psychological Science, 1(4), 443-490. https://doi.org/10.1177/2515245918810225",,,,0.34,d,0.25,d,,,,,,,,,,,https://osf.io/8cd4r/,,2,manylabs2,,,0,,,,,,,,,,,,Success,,,,,,,,,,,,"Fisher’s exact test was used instead of chi-square, to obtain two-sided results in which negative values indicated an effect opposite the original",,,0.130078731,0.204633039,0.102294226,0.14565681,,,,Mind & Language,,,,,,,,,,,,,,,,,,,2006,0.000361782,6.5578E-18,0.000122377,1.54167E-28,1,signal,"inconsistent, smaller","signal - inconsistent, smaller",8.642033177,0.019577758
Camereretal2018_8,,2.0,,1,LKasseckert,SSRP,Psychology,,"Social Science Replication Project, Science, Nature, Human Behavior",Intergenerational Goods Game,,,,,Effect sizes available here: https://osf.io/7286p,Lukas Röseler,45384.0,,,,0.815814376,0.832050145,40,22,"Hauser, O. P., Rand, D. G., Peysakhovich, A., & Nowak, M. A. (2014). Cooperating
with the future. Nature, 511(7508), 220-223.",10.1038/nature13530,"Hauser, O. P., Rand, D. G., Peysakhovich, A., & Nowak, M. A. (2014). Cooperating with the future. Nature, 511(7508), 220-223. https://doi.org/10.1038/nature13530",,"Camerer, C. F., Dreber, A., Holzmeister, F., Ho, T. H., Huber, J., Johannesson, M., ... & Wu, H. (2018). Evaluating the replicability of social science experiments in Nature and Science between 2010 and 2015. Nature human behaviour, 2(9), 637-644.",10.1038/s41562-018-0399-z,"Camerer, C. F., Dreber, A., Holzmeister, F., Ho, T. H., Huber, J., Johannesson, M., ... & Wu, H. (2018). Evaluating the replicability of social science experiments in Nature and Science between 2010 and 2015. Nature human behaviour, 2(9), 637-644.",,,,,,,,,,,,,,,,,,https://osf.io/pfdyw/,,2,Camereretal2018_8,,,,,,,,,,,,,,,Success,https://osf.io/5z26k,,,,,,,,,,,,,,0.676133374,0.898886323,0.632226278,0.92808645,,,,Nature,,,,,,,,,,,,,,,,,,,2014,0.00286807,1.42729E-10,0.004508319,1.57984E-06,0.999698276,signal,consistent,signal - consistent,6.959730411,0.164398987
Boyce_etal202358,,2.0,,1,Veronica Boyce,Boyce_etal2023,Psychology,,,Objecting to experiments even while approving of the policies or treatments they compare,,,,,subfield: non-psych,LR,45429.0,,,,0.24589209,0.05585222,301,104,"Heck, P. R., Chabris, C. F., Watts, D. J., & Meyer, M. N. (2020). Objecting
to experiments even while approving of the policies or treatments they
compare. Proceedings of the National Academy of Sciences, 117(32), 18948-18950.",10.1073/pnas.2009030117,"Heck, P. R., Chabris, C. F., Watts, D. J., & Meyer, M. N. (2020). Objecting to experiments even while approving of the policies or treatments they compare. Proceedings of the National Academy of Sciences, 117(32), 18948-18950.",2.0,"Boyce, V., Mathur, M., & Frank, M. C. (2023). Eleven years of student replication projects provide evidence on the correlates of replicability in psychology. Royal Society Open Science, 10(11), 231240. https://doi.org/10.1098/rsos.231240",10.1098/rsos.231297,"Boyce, V., Mathur, M., & Frank, M. C. (2023). Eleven years of student replication projects provide evidence on the correlates of replicability in psychology. Royal Society Open Science, 10(11), 231240. https://doi.org/10.1098/rsos.231240",,,,,,,,,,,,,,,,,,https://osf.io/xwn9m/,,2,,,1.0,,0,,,t(300)=4.77,t(103) = 0.64468,,,,,,,Failure,,,,,,,,,,,,close,,,0.136638144,0.349236096,-0.138222796,0.24579654,,,,,,,,,,,,,,,,,,,,,,,1895,0.002942433,1.59786E-05,0.00964826,0.573340323,0.813387677,no signal,inconsistent,no signal - inconsistent,4.333549944,0.057928445
osc2015154,osc2015154,2.0,,1,CD,OSC 2015,,,"Attitude, Cross-Cultural Comparison, Culture, Humans, Morals, Personality, Personality Inventory",What Do Cross_National Comparisons of Personality Traits Tell Us? The Case of Conscientiousness,,,,,only contact author listed as contributor,Lazarevic,44927.0,,,,0.43,0.11,70,16,"Heine, S.J., Buchtel, E.E., & Norenzayan, A. (2008). What do cross‐national
comparisons of personality traits tell us? The case of conscientiousness.
Psychological Science, 19(4), 309-313.",10.1111/j.1467-9280.2008.02085.x,"Heine, S.J., Buchtel, E.E., & Norenzayan, A. (2008). What do cross‐national comparisons of personality traits tell us? The case of conscientiousness. Psychological Science, 19(4), 309-313. https://doi.org/10.1111/j.1467-9280.2008.02085.x",,"Lazarevic, L. B., & Knezevic, G. (2023, September 28). Replication of SJ Heine, EE Buchtel, A Norenzayan (2008, PS 19(4), exp 1). Retrieved from osf.io/siaqe",10.1126/science.aac4716,"Open Science Collaboration. (2015). Estimating the reproducibility of psychological science. Science, 349(6251), aac4716. https://doi.org/10.1126/science.aac4716","Lazarevic, L. B., & Knezevic, G. (2023, September 28). Replication of SJ Heine, EE Buchtel, A Norenzayan (2008, PS 19(4), exp 1). Retrieved from osf.io/siaqe",,,,,,,,,,,,,,,,,https://osf.io/siaqe/,,,,,,,,,,,,,,,,,,Failure,,,,,,,,,,,,,,,0.216945942,0.603951472,-0.40794985,0.574385476,1,0,0.528,Psychological Science,,,,,,,,,,,,,,,,,,,2008,0.009628812,0.000203107,0.065063094,0.685078667,0.527810811,no signal,consistent,no signal - consistent,3.764416574,0.122169444
Boyce_etal202359,,2.0,,1,Veronica Boyce,Boyce_etal2023,Psychology,,,effects of an implemental mind-set on attitude strength,,,,,subfield: social,LR,45429.0,,,,0.3191682,0.06206265,123,23,"Henderson, M. D., De Liver, Y., & Gollwitzer, P. M. (2008). The effects
of an implemental mind-set on attitude strength. Journal of personality
and social psychology, 94(3), 396.",,"Henderson, M. D., De Liver, Y., & Gollwitzer, P. M. (2008). The effects of an implemental mind-set on attitude strength. Journal of personality and social psychology, 94(3), 396.",2.0,"Boyce, V., Mathur, M., & Frank, M. C. (2023). Eleven years of student replication projects provide evidence on the correlates of replicability in psychology. Royal Society Open Science, 10(11), 231240. https://doi.org/10.1098/rsos.231240",10.1098/rsos.231298,"Boyce, V., Mathur, M., & Frank, M. C. (2023). Eleven years of student replication projects provide evidence on the correlates of replicability in psychology. Royal Society Open Science, 10(11), 231240. https://doi.org/10.1098/rsos.231240",,,,,,,,,,,,,,,,,,https://osf.io/xwn9m/,,2,,,0.0,,0,,,"MSD2: m1=2.46 (.55), m2=2.80 (.66)","MSD2: m1=3.28(1.51) , m2=2.55 (.58)",,,,,,,Failure,,,,,,,,,,,,close,,,0.150645906,0.469664738,-0.359332089,0.462434657,,,,,,,,,,,,,,,,,,,,,,,2008,0.006611807,0.000320444,0.045105059,0.778469093,0.448024193,no signal,consistent,no signal - consistent,3.62286364,0.091287093
Boyce_etal202360,,2.0,,1,Veronica Boyce,Boyce_etal2023,Psychology,,,Highlighting lower-SES students' background-specific strengths reinforces their academic persistence,,,,,subfield: social,LR,45429.0,,,,0.26720175,0.19126292,199,136,"Hernandez, I. A., Silverman, D. M., & Destin, M. (2021). From deficit to
benefit: Highlighting lower-SES students' background-specific strengths
reinforces their academic persistence. Journal of Experimental Social Psychology,
92, 104080.",,"Hernandez, I. A., Silverman, D. M., & Destin, M. (2021). From deficit to benefit: Highlighting lower-SES students' background-specific strengths reinforces their academic persistence. Journal of Experimental Social Psychology, 92, 104080.",1.0,"Boyce, V., Mathur, M., & Frank, M. C. (2023). Eleven years of student replication projects provide evidence on the correlates of replicability in psychology. Royal Society Open Science, 10(11), 231240. https://doi.org/10.1098/rsos.231240",10.1098/rsos.231299,"Boyce, V., Mathur, M., & Frank, M. C. (2023). Eleven years of student replication projects provide evidence on the correlates of replicability in psychology. Royal Society Open Science, 10(11), 231240. https://doi.org/10.1098/rsos.231240",,,,,,,,,,,,,,,,,,https://osf.io/xwn9m/,,2,,,0.0,,0,,,"bci: b=.32[.19,.45]","bci: b=.457207[0.1531628,0.7612499]",,,,,,,Success,,,,,,,,,,,,close,,,0.133056894,0.391732894,0.023692849,0.348379434,,,,,,,,,,,,,,,,,,,,,,,2021,0.00435507,0.000136072,0.006875372,0.025711909,0.936376501,signal,consistent,signal - consistent,3.833871838,0.071428571
soscisubmission11,soscisubmission11,2.0,,1,LK,Individual submissions,Meta Science,,"replication success, laypeople, Intuitive plausibility",Laypeople are able to predict the replication success of social science findings based on their intuitive plausibility,,,,,,"Rausch, Manuel",45018.0,,,,0.375382368,0.379353281,123,277,"Hoogeveen, S., Sarafoglou, A., & Wagenmakers, E.-J. (2020). Laypeople Can
Predict Which Social-Science Studies Will Be Replicated Successfully. Advances
in Methods and Practices in Psychological Science, 3(3), 267–285. https://doi.org/10.1177/2515245920919667",10.1177/2515245920919667,"Hoogeveen, S., Sarafoglou, A., & Wagenmakers, E.-J. (2020). Laypeople Can Predict Which Social-Science Studies Will Be Replicated Successfully. Advances in Methods and Practices in Psychological Science, 3(3), 267–285. https://doi.org/10.1177/2515245920919667",,"Rausch, M. (2023, April 13). Can Laypeople Predict which Social Science Studies Will be Replicated Successfully?. ",10.17605/OSF.IO/5Y7NE,"Rausch, M. (2023, April 13). Can Laypeople Predict which Social Science Studies Will be Replicated Successfully?. https://doi.org/10.17605/OSF.IO/5Y7NE",,,,0.81,d,0.82,d,,,,,,,,,,,https://osf.io/5y7ne/,,0,sosci_8,1,,0,0,,,,,"Bayes factor by Hoogeveen et al. is found in Hoogeveen, S., Sarafoglou, A., & Wagenmakers, E.-J. (2020). Laypeople Can Predict Which Social-Science Studies Will Be Replicated Successfully. Advances in Methods and Practices in Psychological Science, 3(3), 267–285. https://doi.org/10.1177/2515245920919667, page 9. 
 Please find a R script to replicate all other values here: https://osf.io/5y7ne/",,,,,,Success,,1.0,1.0,2.0,1.0,1.0,2.0,2.0,2.0,3.0,3.0,"The original study had an additional condition which we did not include into the replication study. Also, the original study was in Dutch and English, the replication was in German.",0.00603454,0.00265541,0.212467679,0.517993184,0.273736224,0.475930462,1,1,1,Advances in Methods and Practices in Psychological Science,,,,,,,,,,,,,,,,,,,1966,0.006049445,1.88398E-05,0.002655406,6.53817E-11,0.99999952,signal,consistent,signal - consistent,4.323433673,0.091287093
Boyce_etal202361,,2.0,,1,Veronica Boyce,Boyce_etal2023,Psychology,,,People prefer scientific explanations that contain logically irrelevant reductive information,,,,,subfield: cognitive,LR,45429.0,,,,0.66140248,0.64326752,147,93,"Hopkins, E. J., Weisberg, D. S., & Taylor, J. C. (2016). The seductive
allure is a reductive allure: People prefer scientific explanations that
contain logically irrelevant reductive information. Cognition, 155, 67-76.",,"Hopkins, E. J., Weisberg, D. S., & Taylor, J. C. (2016). The seductive allure is a reductive allure: People prefer scientific explanations that contain logically irrelevant reductive information. Cognition, 155, 67-76.",1.0,"Boyce, V., Mathur, M., & Frank, M. C. (2023). Eleven years of student replication projects provide evidence on the correlates of replicability in psychology. Royal Society Open Science, 10(11), 231240. https://doi.org/10.1098/rsos.231240",10.1098/rsos.231300,"Boyce, V., Mathur, M., & Frank, M. C. (2023). Eleven years of student replication projects provide evidence on the correlates of replicability in psychology. Royal Society Open Science, 10(11), 231240. https://doi.org/10.1098/rsos.231240",,,,,,,,,,,,,,,,,,https://osf.io/xwn9m/,,2,,,0.0,,0,,,"bci: b=0.21 [0.02, 0.42]","bci: b=0.14[-0.18, 0.47]",,,,,,,Success,,,,,,,,,,,,very close,,,0.559408797,0.743666474,0.505844571,0.748847614,,,,,,,,,,,,,,,,,,,,,,,2016,0.002167526,7.63521E-20,0.003735201,3.5708E-12,0.999999999,signal,consistent,signal - consistent,9.54363148,0.083333333
Manylabs2_12,,2.0,,1,LKasseckert,ML2,Psychology,Less-is-better effect,Many Labs 2,Less-is-better effect,,,,,,Lukas Röseler,45384.0,,,,0.326136346,0.363345276,83,7646,"Hsee, C. K. (1998). Less is better: When low-value options are valued more
highly than high-value options. Journal of Behavioral Decision Making,
11, 107–121. doi:10.1002/(SICI)1099-0771(199806)11:2<107::AIDBDM292>3.0.CO;2-Y
Study 1",10.1002/(SICI)1099-0771(199806)11:2%3C107::AID-BDM292%3E3.0.CO;2-Y,"Hsee, C. K. (1998). Less is better: When low-value options are valued more highly than high-value options. Journal of Behavioral Decision Making, 11, 107–121. https://doi.org/10.1002/(SICI)1099-0771(199806)11:2<107::AIDBDM292>3.0.CO;2-Y",1.0,"Klein, R. A., Vianello, M., Hasselman, F., Adams, B. G., Adams Jr, R. B., Alper, S., ... & Sowden, W. (2018). Many Labs 2: Investigating variation in replicability across samples and settings. Advances in Methods and Practices in Psychological Science, 1(4), 443-490.",10.1177/2515245918810225,"Klein, R. A., Vianello, M., Hasselman, F., Adams, B. G., Adams Jr, R. B., Alper, S., ... & Sowden, W. (2018). Many Labs 2: Investigating variation in replicability across samples and settings. Advances in Methods and Practices in Psychological Science, 1(4), 443-490. https://doi.org/10.1177/2515245918810225",,,,0.69,d,0.78,d,,,,,,,,,,,https://osf.io/8cd4r/,,2,manylabs2,,,1,,,,,,,,,,,,Success,,,,,,,,,,,,,,,0.118804228,0.506216302,0.343729531,0.382644083,,,,Journal of Behavioral Decision Making,,,,,,,,,,,,,,,,,,,1998,0.009738825,0.00262185,9.85467E-05,2.4217E-237,1,signal,"inconsistent, larger","signal - inconsistent, larger",3.027623487,0.111803399
datareplicada5b,,2.0,,1,LK,datareplicada,Marketing,,"anthropomorphism, comparative judgment, absolute strategy, dimension-by-dimension strategy",Consumers will be more likely to use a holistic process (vs. an attribute-by-attribute comparison) to judge anthropomorphized products.,,,,,,"Kaiser, Leonard",45223.0,,,,0.219512195,0.049937617,101,584,"Huang, F., Wong, C.V., & Wan, E.W. (2016). The Influence of Product Anthropomorphism
on Comparative Judgment. Journal of Consumer Research. Study 2",10.1093/jcr/ucz028,"Huang, F., Wong, C.V., & Wan, E.W. (2016). The Influence of Product Anthropomorphism on Comparative Judgment. Journal of Consumer Research.",2.0,"Simmons, J. &. Nelson, L.D. (2020). [87] Data Replicada #5: Do Human-Like Products Inspire More Holistic Judgments?
Data Colada. https://datacolada.org/87  Replication 2",,"Simmons, J. &. Nelson, L.D. (2020). [87] Data Replicada #5: Do Human-Like Products Inspire More Holistic Judgments? Data Colada. https://datacolada.org/87",Replication 2,,,0.45,d,0.1,d,,,,,,,,,,,,,3,datacolada87,1,,1,0,,,,,,,,,,,Failure,https://aspredicted.org/d92dd.pdf,,,,,,,,,,,,,,0.025151985,0.397881811,-0.031323567,0.130542974,,,,Journal of Consumer Research,,,,,,,,,,,,,,,,,,,2016,0.009059506,0.02741301,0.001706722,0.228217458,0.9999074,no signal,inconsistent,no signal - inconsistent,2.209008456,0.101015254
datareplicada5a,,2.0,,1,LK,datareplicada,Marketing,,"anthropomorphism, comparative judgment, absolute strategy, dimension-by-dimension strategy",Consumers will be more likely to use a holistic process (vs. an attribute-by-attribute comparison) to judge anthropomorphized products.,,,,,,"Kaiser, Leonard",45223.0,,,,0.219512195,0.044954507,101,562,"Huang, F., Wong, C.V., & Wan, E.W. (2016). The Influence of Product Anthropomorphism
on Comparative Judgment. Journal of Consumer Research. Study 2",10.1093/jcr/ucz028,"Huang, F., Wong, C.V., & Wan, E.W. (2016). The Influence of Product Anthropomorphism on Comparative Judgment. Journal of Consumer Research.",2.0,"Simmons, J. &. Nelson, L.D. (2020). [87] Data Replicada #5: Do Human-Like Products Inspire More Holistic Judgments?
Data Colada. https://datacolada.org/87  Replication 1",,"Simmons, J. &. Nelson, L.D. (2020). [87] Data Replicada #5: Do Human-Like Products Inspire More Holistic Judgments? Data Colada. https://datacolada.org/87",Replication 1,,,0.45,d,0.09,d,,,,,,,,,,,,,3,datacolada87,1,,1,0,,,,,,,,,,,Failure,https://aspredicted.org/mg4gu.pdf,,,,,,,,,,,,,,0.025151985,0.397881811,-0.037894663,0.127189874,,,,Journal of Consumer Research,,,,,,,,,,,,,,,,,,,2016,0.009059506,0.02741301,0.001775334,0.287382667,0.99986137,no signal,inconsistent,no signal - inconsistent,2.209008456,0.101015254
uxajg,uxajg,2.0,,1,LR,OSF Registries,,,,Cleanliness Priming of Moral Judgements,,,,,,"Darby Adams, Bryan Koenig, Cody Sanders, Deborah Jackson, Colton Davis",44927.0,,,,0.1434993,-0.06175689,218,286,"Huang, J. L. (2014). Does cleanliness influence moral judgments? Response
effort moderates the effect of cleanliness priming on moral judgments.
Frontiers in Psychology, 5, 1276.",10.3389/fpsyg.2014.01276,"Huang, J. L. (2014). Does cleanliness influence moral judgments? Response effort moderates the effect of cleanliness priming on moral judgments. Frontiers in Psychology, 5, 1276. https://doi.org/10.3389/fpsyg.2014.01276",,"Adams, D., Koenig, B., Sanders, C., Jackson, D., & Davis, C. (2018, December 4). Response Effort on Cleanliness Priming for Moral Judgements. https://doi.org/10.17605/OSF.IO/UXAJG",10.17605/OSF.IO/UXAJG,"Adams, D., Koenig, B., Sanders, C., Jackson, D., & Davis, C. (2018, December 4). Response Effort on Cleanliness Priming for Moral Judgements. https://doi.org/10.17605/OSF.IO/UXAJG",,,,,,,,,,,,,,,,,,https://www.osf.io/uxajg,,,,,,,,,,,,,,,,,,Failure,https://www.osf.io/uxajg,,,,,,,,,,,,,,0.010827776,0.27120596,-0.176476281,0.054617776,1,0,0.785,Frontiers in Psychology,,,,,,,,,,,,,,,,,,,2014,0.004420461,0.034214693,0.003482059,0.297957394,0.785334631,no signal,inconsistent,no signal - inconsistent,2.118736546,0.068199434
j8a4p,j8a4p,2.0,,1,LR,OSF Registries,,Priming,,cleanliness priming affects the severity of a participant’s judgment of moral dilemmas when instructed to do the study quickly,,,,,,"Julia Mahlke, Alex Weaver, MyKel Marie Hall, Bryan Koenig, Luke Poulter, Alesha Lee, Miles Graff, Alyssa Gentry",44927.0,,,,0.1434993,-0.02998651,218,199,"Huang, J. L. (2014). Does cleanliness influence moral judgments? Response
effort moderates the effect of cleanliness priming on moral judgments.
Frontiers in Psychology, 5, 1276.",10.3389/fpsyg.2014.01276,"Huang, J. L. (2014). Does cleanliness influence moral judgments? Response effort moderates the effect of cleanliness priming on moral judgments. Frontiers in Psychology, 5, 1276. https://doi.org/10.3389/fpsyg.2014.01276",,"Mahlke, J., Weaver, A., Hall, M. M., Koenig, B., Poulter, L., Lee, A. A., … Gentry, A. (2018, April 27). Huang  (2014) Replication. https://doi.org/10.17605/OSF.IO/J8A4P",10.17605/OSF.IO/J8A4P,"Mahlke, J., Weaver, A., Hall, M. M., Koenig, B., Poulter, L., Lee, A. A., … Gentry, A. (2018, April 27). Huang  (2014) Replication. https://doi.org/10.17605/OSF.IO/J8A4P",,,,,,,,,,,,,,,,,,https://www.osf.io/j8a4p,,,,,,,,,,,,,,,,,,Failure,https://www.osf.io/j8a4p,,,,,,,,,,,,,,0.010827776,0.27120596,-0.168374176,0.109560372,1,0,0.649,Frontiers in Psychology,,,,,,,,,,,,,,,,,,,2014,0.004420461,0.034214693,0.005041426,0.674162933,0.649283212,no signal,inconsistent,no signal - inconsistent,2.118736546,0.068199434
Manylabs2_13,,2.0,,1,LKasseckert,ML2,Psychology,,Many Labs 2,Cardinal direction and socioeconomic status (western participants),,,,,,Lukas Röseler,45384.0,,added study number in original ref,,0.383303343,0.196116135,80,6591,"Huang, Y., Tse, C. S., & Cho, K. W. (2014). Living in the north is not
necessarily favorable: Different metaphoric associations between cardinal
direction and valence in Hong Kong and in the United States. European Journal
of Social Psychology, 44, 360–369. doi:10.1002/ejsp.2013 Study 1a",10.1002/ejsp.2013,"Huang, Y., Tse, C. S., & Cho, K. W. (2014). Living in the north is not necessarily favorable: Different metaphoric associations between cardinal direction and valence in Hong Kong and in the United States. European Journal of Social Psychology, 44, 360–369. https://doi.org/10.1002/ejsp.2013",1a,"Klein, R. A., Vianello, M., Hasselman, F., Adams, B. G., Adams Jr, R. B., Alper, S., ... & Sowden, W. (2018). Many Labs 2: Investigating variation in replicability across samples and settings. Advances in Methods and Practices in Psychological Science, 1(4), 443-490.",10.1177/2515245918810225,"Klein, R. A., Vianello, M., Hasselman, F., Adams, B. G., Adams Jr, R. B., Alper, S., ... & Sowden, W. (2018). Many Labs 2: Investigating variation in replicability across samples and settings. Advances in Methods and Practices in Psychological Science, 1(4), 443-490. https://doi.org/10.1177/2515245918810225",,,,0.83,d,0.4,d,,,,,,,,,,,https://osf.io/8cd4r/,,2,manylabs2,,,1,,,,,,,,,,,,Success,,,,,,,,,,,,,,,0.17863038,0.556179769,0.172791507,0.21922093,,,,European Journal of Social Psychology,,,,,,,,,,,,,,,,,,,2013,0.009211937,0.00044901,0.000140297,3.81973E-58,1,signal,"inconsistent, smaller","signal - inconsistent, smaller",3.544437948,0.113960576
Boyce_etal202363,,2.0,,1,Veronica Boyce,Boyce_etal2023,Psychology,,,preferences for and the efficacy of within-and cross-category substitutes for food,,,,,subfield: other-psych,LR,45429.0,,,,0.64912031,0.18402312,101,55,"Huh, Y. E., Vosgerau, J., & Morewedge, C. K. (2016). More similar but less
satisfying: Comparing preferences for and the efficacy of within-and cross-category
substitutes for food. Psychological Science, 27(6), 894-903.",10.1177/0956797616640705,"Huh, Y. E., Vosgerau, J., & Morewedge, C. K. (2016). More similar but less satisfying: Comparing preferences for and the efficacy of within-and cross-category substitutes for food. Psychological Science, 27(6), 894-903.",1.0,"Boyce, V., Mathur, M., & Frank, M. C. (2023). Eleven years of student replication projects provide evidence on the correlates of replicability in psychology. Royal Society Open Science, 10(11), 231240. https://doi.org/10.1098/rsos.231240",10.1098/rsos.231302,"Boyce, V., Mathur, M., & Frank, M. C. (2023). Eleven years of student replication projects provide evidence on the correlates of replicability in psychology. Royal Society Open Science, 10(11), 231240. https://doi.org/10.1098/rsos.231240",,,,,,,,,,,,,,,,,,https://osf.io/xwn9m/,,2,,,1.0,,0,,,"MSD2: m1=3.48(.81),m2=2.86(.90)","MSD2: m1=3.57 (.72), m2=2.86 (.87)",,,,,,,Failure,,,,,,,,,,,,close,,,0.519599279,0.749478088,-0.085445581,0.428405207,,,,,,,,,,,,,,,,,,,,,,,2016,0.003348275,2.1101E-13,0.017285515,0.178649947,0.99996542,no signal,inconsistent,no signal - inconsistent,7.66000089,0.101015254
osc201565,osc201565,2.0,,1,CD,OSC 2015,,,"Adolescent, Adult, Anger [physiology], Attitude, Empathy, Female, Group Processes, Guilt, Humans, Individuality, Interpersonal Relations, Male, Mental Recall [physiology], Motivation, Sex Factors, Social Behavior, Social Perception, Students [psychology]",Not so innocent: Does seeing one's own capacity for wrongdoing predict forgiveness?,,,,,only contact author listed as contributor,Lin,44927.0,,,,0.431865646,0.011721165,45,135,"JJ Exline, RF Baumeister, AL Zell, AJ Kraft, CV Witvliet (2008). Not so
innocent: does seeing one's own capacity for wrongdoing predict forgiveness?
Journal of Personality and Social Psychology: 94.3: 495-515.",10.1037/0022-3514.94.3.495,"JJ Exline, RF Baumeister, AL Zell, AJ Kraft, CV Witvliet (2008). Not so innocent: does seeing one's own capacity for wrongdoing predict forgiveness? Journal of Personality and Social Psychology: 94.3: 495-515. https://doi.org/10.1037/0022-3514.94.3.495",,"Lin, S. C., & Frank, M. C. (2023, September 28). Replication of Exline et al. (2008, JPSP, Study 7). Retrieved from osf.io/imrx2",10.1126/science.aac4716,"Open Science Collaboration. (2015). Estimating the reproducibility of psychological science. Science, 349(6251), aac4716. https://doi.org/10.1126/science.aac4716","Lin, S. C., & Frank, M. C. (2023, September 28). Replication of Exline et al. (2008, JPSP, Study 7). Retrieved from osf.io/imrx2",,,,,,,,,,,,,,,,,https://osf.io/imrx2/,,,,,,,,,,,,,,,,,,Failure,,,,,,,,,,,,,,,0.158413353,0.643788309,-0.157547983,0.180321206,1,0,1,Journal of Personality and Social Psychology,,,,,,,,,,,,,,,,,,,2008,0.015040212,0.003053549,0.007460636,0.892670494,0.999885251,no signal,inconsistent,no signal - inconsistent,2.995319257,0.15430335
osc201568,osc201568,2.0,,1,CD,OSC 2015,,,"Culture, Female, Humans, Intuition, Judgment, Male, Motivation, Negativism, Probability, Social Environment",Why people are reluctant to tempt fate.,,,,,only contact author listed as contributor,Mathur,44927.0,,,,0.185849827,0.003001488,122,226,"JL Risen, T Gilovich (2008). Why people are reluctant to tempt fate. Journal
of Personality and Social Psychology, 95.2: 293-307.",10.1037/0022-3514.95.2.293,"JL Risen, T Gilovich (2008). Why people are reluctant to tempt fate. Journal of Personality and Social Psychology, 95.2: 293-307. https://doi.org/10.1037/0022-3514.95.2.293",,"Frank, M. C., & Mathur, M. B. (2023, September 28). Replication of Risen & Gilovich (2008, JPSP). Retrieved from osf.io/sg3su",10.1126/science.aac4716,"Open Science Collaboration. (2015). Estimating the reproducibility of psychological science. Science, 349(6251), aac4716. https://doi.org/10.1126/science.aac4716","Frank, M. C., & Mathur, M. B. (2023, September 28). Replication of Risen & Gilovich (2008, JPSP). Retrieved from osf.io/sg3su",,,,,,,,,,,,,,,,,https://osf.io/sg3su/,,,,,,,,,,,,,,,,,,Failure,,,,,,,,,,,,,,,0.008365258,0.351982373,-0.127548882,0.133449626,1,0,0.879,Journal of Personality and Social Psychology,,,,,,,,,,,,,,,,,,,2008,0.007703411,0.040409551,0.004444364,0.964209214,0.878891403,no signal,inconsistent,no signal - inconsistent,2.051220301,0.09166985
Boyce_etal202365,,2.0,,1,Veronica Boyce,Boyce_etal2023,Psychology,,,How the perception that profile text was written by AI affects trustworthiness,,,,,subfield: non-psych,LR,45429.0,,,,0.46204236,0.60376836,108,110,"Jakesch, M., French, M., Ma, X., Hancock, J. T., & Naaman, M. (2019, May).
AI-mediated communication: How the perception that profile text was written
by AI affects trustworthiness. In Proceedings of the 2019 CHI Conference
on Human Factors in Computing Systems (pp. 1-13).",10.1145/3290605.3300469,"Jakesch, M., French, M., Ma, X., Hancock, J. T., & Naaman, M. (2019, May). AI-mediated communication: How the perception that profile text was written by AI affects trustworthiness. In Proceedings of the 2019 CHI Conference on Human Factors in Computing Systems (pp. 1-13).",3.0,"Boyce, V., Mathur, M., & Frank, M. C. (2023). Eleven years of student replication projects provide evidence on the correlates of replicability in psychology. Royal Society Open Science, 10(11), 231240. https://doi.org/10.1098/rsos.231240",10.1098/rsos.231304,"Boyce, V., Mathur, M., & Frank, M. C. (2023). Eleven years of student replication projects provide evidence on the correlates of replicability in psychology. Royal Society Open Science, 10(11), 231240. https://doi.org/10.1098/rsos.231240",,,,,,,,,,,,,,,,,,https://osf.io/xwn9m/,,2,,,1.0,,0,,,bse b=-4.976 (2.028),bse b=-2.63845 (1.747710),,,,,,,Success,,,,,,,,,,,,close,,,0.299192062,0.598738104,0.469617358,0.710668425,,,,,,,,,,,,,,,,,,,,,,,2019,0.00578139,4.81242E-07,0.003704717,2.90818E-12,0.999806306,signal,"inconsistent, larger","signal - inconsistent, larger",5.122500862,0.097590007
datareplicada1,datareplicada1,2.0,,1,LK,datareplicada,,,"elevation, risk taking, consumer behavior",Do people exposed to high-elevation sceneries are more willing to purchase new products than people exposed to low-elevation images?,,,,,,"Kaiser, Leonard",45138.0,,,,0.170293864,0.0099995,203,603,"Jami, A. (2019). Having Control Over and Above Situations: The Influence
of Elevated Viewpoints on Risk Taking. Journal of Marketing Research, 56(2),
230–244. https://doi.org/10.1177/0022243718813544 Study 1b",10.1177/0022243718813544,"Jami, A. (2019). Having Control Over and Above Situations: The Influence of Elevated Viewpoints on Risk Taking. Journal of Marketing Research, 56(2), 230–244. https://doi.org/10.1177/0022243718813544",1b,"Simmons, J. &. Nelson, L.D. (2019). [82] Data Replicada #1: Do Elevated Viewpoints Increase Risk Taking? Data Colada.
‌",,"Simmons, J. &. Nelson, L.D. (2019). [82] Data Replicada #1: Do Elevated Viewpoints Increase Risk Taking? Data Colada.
‌",,,,0.029,etasq,0.02,d,,,,,,,,,,,https://aspredicted.org/9zw6i.pdf,,3,1.0,1,,,0,,,,,,,,,,,Failure,,1.0,,1.0,1.0,,,,1.0,,,The only difference we are aware of between our study and the original is that our formatting of the scenery questions on Qualtrics was slightly different from the original author’s formatting,,,0.033366515,0.300946165,-0.069901177,0.089772692,,,,Journal of Marketing Research,,,,,,,,,,,,,,,,,,,1881,0.00466753,0.015136321,0.001660797,0.806421641,0.994930452,no signal,inconsistent,no signal - inconsistent,2.432012996,0.070710678
osc2015111,osc2015111,2.0,,1,CD,OSC 2015,,,"Humans, Judgment, Mathematics",Precision of the anchor influences the amount of adjustment.,,,,,only contact author listed as contributor,Chandler,44927.0,,,,0.333441051,0.225764222,59,120,"Janiszewski, C., D. Uy. 2008. Anchor precision influences the amount of
adjustment. Psychological Science, 19,121–127.",10.1111/j.1467-9280.2008.02057.x,"Janiszewski, C., D. Uy. 2008. Anchor precision influences the amount of adjustment. Psychological Science, 19,121–127. https://doi.org/10.1111/j.1467-9280.2008.02057.x",,"Chandler, J. J. (2016, August 19). Replication of Janiszewski & Uy (2008, PS, Study 4b). Retrieved from osf.io/aaudl ",10.17605/OSF.IO/HPK2M,"Open Science Collaboration. (2015). Estimating the reproducibility of psychological science. Science, 349(6251), aac4716. https://doi.org/10.1126/science.aac4716","Chandler, J. J. (2016, August 19). Replication of Janiszewski & Uy (2008, PS, Study 4b). Retrieved from osf.io/aaudl ",,,,,,,,,,,,,,,,,https://osf.io/aaudl/,,,,,,,,,,,,,,,,,,Success,,,,,,,,,,,,,,,0.084581007,0.543145069,0.048484886,0.389253903,1,1,0.983,Psychological Science,,,,,,,,,,,,,,,,,,,2008,0.013620617,0.009859282,0.007568562,0.013162755,0.983028341,signal,consistent,signal - consistent,2.594426151,0.133630621
Camereretal2018_9,,2.0,,1,LKasseckert,SSRP,Psychology,,"Social Science Replication Project, Science, Nature, Human Behavior",costly punishment in ecological systems is used but lacks a gross positive effect on resource harvesting unless combined with communication,,,,,Effect sizes available here: https://osf.io/7286p,Lukas Röseler,45384.0,,,,0.631400585,0.343817025,63,42,"Janssen, M. A., Holahan, R., Lee, A., & Ostrom, E. (2010). Lab experiments
for the study of social-ecological systems. Science, 328(5978), 613-617.",10.1126/science.1183532,"Janssen, M. A., Holahan, R., Lee, A., & Ostrom, E. (2010). Lab experiments for the study of social-ecological systems. Science, 328(5978), 613-617. https://doi.org/10.1126/science.1183532",,"Camerer, C. F., Dreber, A., Holzmeister, F., Ho, T. H., Huber, J., Johannesson, M., ... & Wu, H. (2018). Evaluating the replicability of social science experiments in Nature and Science between 2010 and 2015. Nature human behaviour, 2(9), 637-644.",10.1038/s41562-018-0399-z,"Camerer, C. F., Dreber, A., Holzmeister, F., Ho, T. H., Huber, J., Johannesson, M., ... & Wu, H. (2018). Evaluating the replicability of social science experiments in Nature and Science between 2010 and 2015. Nature human behaviour, 2(9), 637-644.",,,,,,,,,,,,,,,,,,https://osf.io/pfdyw/,,2,Camereretal2018_9,,,,,,,,,,,,,,,Success,https://osf.io/rrdmj,,,,,,,,,,,,,,0.454781037,0.760235194,0.044539945,0.586464714,,,,Science,,,,,,,,,,,,,,,,,,,2010,0.005832286,2.88635E-08,0.018964716,0.025787416,0.998852454,signal,"inconsistent, smaller","signal - inconsistent, smaller",5.76099968,0.129099445
osc2015146,osc2015146,2.0,,1,CD,OSC 2015,,,"Color Perception, Humans, Language, Pattern Recognition, Visual, Phonetics, Psycholinguistics, Semantics, Verbal Behavior",A word-order constraint on phonological activation,,,,,only contact author listed as contributor,Melinger,44927.0,,,,0.649955571,0.497082522,15,12,"Janssen, N., Alario, F.X., & Caramazza, A. (2008). A word-order constraint
on phonological activation. Psychological Science, 19(3), 216-220.",10.1111/j.1467-9280.2008.02070.x,"Janssen, N., Alario, F.X., & Caramazza, A. (2008). A word-order constraint on phonological activation. Psychological Science, 19(3), 216-220. https://doi.org/10.1111/j.1467-9280.2008.02070.x",,"Melinger, A. (2023, September 28). Replication of N Janssen, FX Alario, A Caramazza (2008, PS 19(3), Exp. 2). Retrieved from osf.io/dncxa",10.1126/science.aac4716,"Open Science Collaboration. (2015). Estimating the reproducibility of psychological science. Science, 349(6251), aac4716. https://doi.org/10.1126/science.aac4716","Melinger, A. (2023, September 28). Replication of N Janssen, FX Alario, A Caramazza (2008, PS 19(3), Exp. 2). Retrieved from osf.io/dncxa",,,,,,,,,,,,,,,,,https://osf.io/dncxa/,,,,,,,,,,,,,,,,,,Failure,,,,,,,,,,,,,,,0.206419808,0.871915736,-0.107480852,0.833271416,1,0,0.782,Psychological Science,,,,,,,,,,,,,,,,,,,2008,0.02382664,0.008717706,0.05153381,0.100144034,0.781508617,no signal,consistent,no signal - consistent,2.685447009,0.288675135
Boyce_etal202366,,2.0,,1,Veronica Boyce,Boyce_etal2023,Psychology,,,shape bias: Evidence from the Tsimane’,,,,,subfield: cognitive,LR,45429.0,,,,0.01117752,0.00013925,144,147,"Jara-Ettinger, J., Levy, R., Sakel, J., Huanca, T., & Gibson, E. (2022).
The origins of the shape bias: Evidence from the Tsimane’. Journal of Experimental
Psychology: General.",,"Jara-Ettinger, J., Levy, R., Sakel, J., Huanca, T., & Gibson, E. (2022). The origins of the shape bias: Evidence from the Tsimane’. Journal of Experimental Psychology: General.",5.0,"Boyce, V., Mathur, M., & Frank, M. C. (2023). Eleven years of student replication projects provide evidence on the correlates of replicability in psychology. Royal Society Open Science, 10(11), 231240. https://doi.org/10.1098/rsos.231240",10.1098/rsos.231305,"Boyce, V., Mathur, M., & Frank, M. C. (2023). Eleven years of student replication projects provide evidence on the correlates of replicability in psychology. Royal Society Open Science, 10(11), 231240. https://doi.org/10.1098/rsos.231240",,,,,,,,,,,,,,,,,,https://osf.io/xwn9m/,,2,,,0.0,,0,,,rawprop: 99 / 144,rawprop: 91/147,,,,,,,OS not significant,,,,,,,,,,,,very close,,,-0.152677557,0.174434515,-0.161757684,0.162028885,,,,,,,,,,,,,,,,,,,,,,,2022,0.00699126,0.894220754,0.006849315,0.998664419,0.065526302,no signal,OS not significant,no signal - OS not significant,0.132731224,0.084215192
OpenMKT7,OpenMKT7,2.0,,1,LK,openmkt,Marketing,,"visual marketing, brand logo design, shape, product visualization, mental imagery, working memory",Durable: angular-logo (vs. circular-logo),,,,,,"Kaiser, Leonard",45142.0,,,,0.195,0,109,823,"Jiang, Y., Gorn, G. J., Galli, M., and Chattopadhyay, A. (2015). Does your
company have the right logo? How and why circular- and angularlogo shapes
influence brand attribute judgments. J. Consum. Res. 42, 709–726. doi:
10.1093/jcr/ucv049 Experiment 1",10.1093/jcr/ucv049,"Jiang, Y., Gorn, G. J., Galli, M., and Chattopadhyay, A. (2015). Does your company have the right logo? How and why circular- and angularlogo shapes influence brand attribute judgments. J. Consum. Res. 42, 709–726. https://doi.org/10.1093/jcr/ucv049 Experiment 1",1.0,"Motoki, K., & Iseki, S. (2022). Evaluating replicability of ten influential research on sensory marketing. Frontiers in Communication, 7, 1048896.",10.3389/fcomm.2022.1048896,"Motoki, K., & Iseki, S. (2022). Evaluating replicability of ten influential research on sensory marketing. Frontiers in Communication, 7, 1048896. https://doi.org/10.3389/fcomm.2022.1048896",,,,0.195,r,0,r,,,,,,,,,,,https://osf.io/tnmvq/,,2,openMKT7,,,,,,,,,,,,,,,Failure,,,,,,,,,,,,,,,0.00716094,0.369546806,-0.06833823,0.06833823,,,,Journal of Consumer Research,,,,,,,,,,,,,,,,,,,2015,0.008568481,0.042159883,0.001216545,1,0.999970274,no signal,inconsistent,no signal - inconsistent,2.033691636,0.097128586
OpenMKT7,OpenMKT7,2.0,,1,LK,openmkt,Marketing,,"visual marketing, brand logo design, shape, product visualization, mental imagery, working memory",Comfortable: circular-logo (vs. angular-logo),,,,,,"Kaiser, Leonard",45142.0,,,,0.258,-0.003,109,823,"Jiang, Y., Gorn, G. J., Galli, M., and Chattopadhyay, A. (2015). Does your
company have the right logo? How and why circular- and angularlogo shapes
influence brand attribute judgments. J. Consum. Res. 42, 709–726. doi:
10.1093/jcr/ucv049 Experiment 1",10.1093/jcr/ucv049,"Jiang, Y., Gorn, G. J., Galli, M., and Chattopadhyay, A. (2015). Does your company have the right logo? How and why circular- and angularlogo shapes influence brand attribute judgments. J. Consum. Res. 42, 709–726. https://doi.org/10.1093/jcr/ucv049 Experiment 1",1.0,"Motoki, K., & Iseki, S. (2022). Evaluating replicability of ten influential research on sensory marketing. Frontiers in Communication, 7, 1048896.",10.3389/fcomm.2022.1048896,"Motoki, K., & Iseki, S. (2022). Evaluating replicability of ten influential research on sensory marketing. Frontiers in Communication, 7, 1048896. https://doi.org/10.3389/fcomm.2022.1048896",,,,0.258,r,-0.003,r,,,,,,,,,,,https://osf.io/tnmvq/,,2,openMKT7,,,,,,,,,,,,,,,Failure,,,,,,,,,,,,,,,0.073463479,0.42545432,-0.071323607,0.065351628,,,,Journal of Consumer Research,,,,,,,,,,,,,,,,,,,2015,0.008067618,0.00675756,0.001216523,0.931519428,0.999999998,no signal,inconsistent,no signal - inconsistent,2.717681862,0.097128586
OpenMKT7,OpenMKT7,2.0,,1,LK,openmkt,Marketing,,"visual marketing, brand logo design, shape, product visualization, mental imagery, working memory",Logo shape-by-product-attribute interaction,,,,,,"Kaiser, Leonard",45142.0,,,,0.251,0.013,109,823,"Jiang, Y., Gorn, G. J., Galli, M., and Chattopadhyay, A. (2015). Does your
company have the right logo? How and why circular- and angularlogo shapes
influence brand attribute judgments. J. Consum. Res. 42, 709–726. doi:
10.1093/jcr/ucv049 Experiment 1",10.1093/jcr/ucv049,"Jiang, Y., Gorn, G. J., Galli, M., and Chattopadhyay, A. (2015). Does your company have the right logo? How and why circular- and angularlogo shapes influence brand attribute judgments. J. Consum. Res. 42, 709–726. https://doi.org/10.1093/jcr/ucv049 Experiment 1",1.0,"Motoki, K., & Iseki, S. (2022). Evaluating replicability of ten influential research on sensory marketing. Frontiers in Communication, 7, 1048896.",10.3389/fcomm.2022.1048896,"Motoki, K., & Iseki, S. (2022). Evaluating replicability of ten influential research on sensory marketing. Frontiers in Communication, 7, 1048896. https://doi.org/10.3389/fcomm.2022.1048896",,,,0.251,r,0.013,r,,,,,,,,,,,https://osf.io/tnmvq/,,2,openMKT7,,,,,,,,,,,,,,,Failure,,,,,,,,,,,,,,,0.066015083,0.419304858,-0.055387436,0.081266033,,,,Journal of Consumer Research,,,,,,,,,,,,,,,,,,,2015,0.008129325,0.008473638,0.001216134,0.709600566,0.999999994,no signal,inconsistent,no signal - inconsistent,2.640620783,0.097128586
Boyce_etal202367,,2.0,,1,Veronica Boyce,Boyce_etal2023,Psychology,,,Aptness and conventionality in metaphor comprehension,,,,,subfield: cognitive,LR,45429.0,,,,0.96573417,0.72140332,60,39,"Jones, L. L., & Estes, Z. (2006). Roosters, robins, and alarm clocks: Aptness
and conventionality in metaphor comprehension. Journal of Memory and Language,
55(1), 18-32.",,"Jones, L. L., & Estes, Z. (2006). Roosters, robins, and alarm clocks: Aptness and conventionality in metaphor comprehension. Journal of Memory and Language, 55(1), 18-32.",2.0,"Boyce, V., Mathur, M., & Frank, M. C. (2023). Eleven years of student replication projects provide evidence on the correlates of replicability in psychology. Royal Society Open Science, 10(11), 231240. https://doi.org/10.1098/rsos.231240",10.1098/rsos.231306,"Boyce, V., Mathur, M., & Frank, M. C. (2023). Eleven years of student replication projects provide evidence on the correlates of replicability in psychology. Royal Society Open Science, 10(11), 231240. https://doi.org/10.1098/rsos.231240",,,,,,,,,,,,,,,,,,https://osf.io/xwn9m/,,2,,,1.0,,0,,,"F(1, 59) = 77.05","F(1, 76) = 5.007",,,,,,,Success,,,,,,,,,,,,close,,,0.943073498,0.979469642,0.52549738,0.84466248,,,,,,,,,,,,,,,,,,,,,,,2006,7.68989E-05,1.13807E-35,0.006052483,2.20225E-07,1,signal,"inconsistent, smaller","signal - inconsistent, smaller",15.2864232,0.132453236
Boyce_etal202368,,2.0,,1,Veronica Boyce,Boyce_etal2023,Psychology,,,Disliking hypocrites (theory of false signaling),,,,,subfield: other-psych,LR,45429.0,,,,0.22779924,0.07624797,451,338,"Jordan, J. J., Sommers, R., Bloom, P., & Rand, D. G. (2017). Why do we
hate hypocrites? Evidence for a theory of false signaling. Psychological
science, 28(3), 356-368.",10.1177/0956797616685771,"Jordan, J. J., Sommers, R., Bloom, P., & Rand, D. G. (2017). Why do we hate hypocrites? Evidence for a theory of false signaling. Psychological science, 28(3), 356-368.",3.0,"Boyce, V., Mathur, M., & Frank, M. C. (2023). Eleven years of student replication projects provide evidence on the correlates of replicability in psychology. Royal Society Open Science, 10(11), 231240. https://doi.org/10.1098/rsos.231240",10.1098/rsos.231307,"Boyce, V., Mathur, M., & Frank, M. C. (2023). Eleven years of student replication projects provide evidence on the correlates of replicability in psychology. Royal Society Open Science, 10(11), 231240. https://doi.org/10.1098/rsos.231240",,,,,,,,,,,,,,,,,,https://osf.io/xwn9m/,,2,,,0.0,,0,,,"MSD2: m1=32.07 (15.93), m2=36.15 (15.37)","MSD2: m1=34.6 (20.6), m2=36.1 (15.8)",,,,,,,Failure,,,,,,,,,,,,very close,,,0.138373974,0.313540057,-0.030678392,0.181448912,,,,,,,,,,,,,,,,,,,,,,,2017,0.001997573,1.01497E-06,0.002932956,0.161919268,0.99541056,no signal,inconsistent,no signal - inconsistent,4.907699798,0.047245559
osc2015136,osc2015136,2.0,,1,CD,OSC 2015,,,"Culture, Deception, Female, Genetic Determinism, Humans, Internal-External Control, Male, Moral Development, Personal Autonomy, Persuasive Communication, Problem Solving, Social Environment",The value of believing in free will: Encouraging a belief in determinism increases cheating.,,,,,only contact author listed as contributor,Giner-Sorolla,44927.0,,,,0.498149178,0.102355162,30,58,"KD Vohs, JW Schooler (2008). The value of believing in free will: encouraging
a belief in determinism increases cheating. Psychological Science, 19.1:
49-54.",10.1111/j.1467-9280.2008.02045.x,"KD Vohs, JW Schooler (2008). The value of believing in free will: encouraging a belief in determinism increases cheating. Psychological Science, 19.1: 49-54. https://doi.org/10.1111/j.1467-9280.2008.02045.x",,"Giner-Sorolla, R., Embley, J., & Johnson, L. (2023, September 28). Replication of Vohs & Schooler (2008, PS, Study 1). Retrieved from osf.io/i29mh",10.1126/science.aac4716,"Open Science Collaboration. (2015). Estimating the reproducibility of psychological science. Science, 349(6251), aac4716. https://doi.org/10.1126/science.aac4716","Giner-Sorolla, R., Embley, J., & Johnson, L. (2023, September 28). Replication of Vohs & Schooler (2008, PS, Study 1). Retrieved from osf.io/i29mh",,,,,,,,,,,,,,,,,https://osf.io/i29mh/,,,,,,,,,,,,,,,,,,Failure,,,,,,,,,,,,,,,0.16803723,0.727801461,-0.160175313,0.35136167,1,0,0.993,Psychological Science,,,,,,,,,,,,,,,,,,,2008,0.019492224,0.005086904,0.017178186,0.444536036,0.992734623,no signal,inconsistent,no signal - inconsistent,2.841471358,0.19245009
osc201571,osc201571,2.0,,1,CD,OSC 2015,,,"Adolescent, Adult, Aptitude, Cognition, Culture, Decision Making, Female, Humans, Judgment, Male, Probability Learning, Problem Solving, Thinking",On the relative independence of thinking biases and cognitive ability.,,,,,only contact author listed as contributor,Baranski,44927.0,,,,0.222131584,0.073353737,375,177,"KE Stanovich, RF West (2008). On the relative independence of thinking
biases and cognitive ability. Journal of Personality and Social Psychology,
94(4):672-95. doi: 10.1037/0022-3514.94.4.672.",10.1037/0022-3514.94.4.672,"KE Stanovich, RF West (2008). On the relative independence of thinking biases and cognitive ability. Journal of Personality and Social Psychology, 94(4):672-95. doi: 10.1037/0022-3514.94.4.672. https://doi.org/10.1037/0022-3514.94.4.672",,"Baranski, E. (2023, September 28). Replication of Stanovich and West (2008, JPSP 94(4), Exp. 8). Retrieved from osf.io/7ux8p",10.1126/science.aac4716,"Open Science Collaboration. (2015). Estimating the reproducibility of psychological science. Science, 349(6251), aac4716. https://doi.org/10.1126/science.aac4716","Baranski, E. (2023, September 28). Replication of Stanovich and West (2008, JPSP 94(4), Exp. 8). Retrieved from osf.io/7ux8p",,,,,,,,,,,,,,,,,https://osf.io/7ux8p/,,,,,,,,,,,,,,,,,,Failure,,,,,,,,,,,,,,,0.123641924,0.316287584,-0.074957893,0.218490339,1,0,0.91,Journal of Personality and Social Psychology,,,,,,,,,,,,,,,,,,,2008,0.002416443,1.41475E-05,0.005620838,0.331896284,0.910445126,no signal,inconsistent,no signal - inconsistent,4.356947741,0.051847585
Boyce_etal202370,,2.0,,1,Veronica Boyce,Boyce_etal2023,Psychology,,,"A founding penalty: evidence from an audit study on gender, entrepreneurship, and future employment",,,,,subfield: non-psych,LR,45429.0,,,,0.59884726,0.10847633,413,188,"Kacperczyk, O., & Younkin, P. (2022). A founding penalty: evidence from
an audit study on gender, entrepreneurship, and future employment. Organization
Science, 33(2), 716-745.",10.1287/orsc.2021.1456,"Kacperczyk, O., & Younkin, P. (2022). A founding penalty: evidence from an audit study on gender, entrepreneurship, and future employment. Organization Science, 33(2), 716-745.",2.0,"Boyce, V., Mathur, M., & Frank, M. C. (2023). Eleven years of student replication projects provide evidence on the correlates of replicability in psychology. Royal Society Open Science, 10(11), 231240. https://doi.org/10.1098/rsos.231240",10.1098/rsos.231309,"Boyce, V., Mathur, M., & Frank, M. C. (2023). Eleven years of student replication projects provide evidence on the correlates of replicability in psychology. Royal Society Open Science, 10(11), 231240. https://doi.org/10.1098/rsos.231240",,,,,,,,,,,,,,,,,,https://osf.io/xwn9m/,,2,,,0.0,,0,,,t(411) = 2.05,t(155.59)= -0.80127,,,,,,,Failure,,,,,,,,,,,,close,,,0.533161729,0.657356154,-0.03518005,0.247740628,,,,,,,,,,,,,,,,,,,,,,,2022,0.000998473,1.50684E-41,0.005222483,0.138391137,1,no signal,inconsistent,no signal - inconsistent,13.99872939,0.04938648
Camereretal2018_10,,2.0,,1,LKasseckert,SSRP,Psychology,,"Social Science Replication Project, Science, Nature, Human Behavior",Retrieval practice produces more learning than elaborative studying with concept mapping,,,,,Effect sizes available here: https://osf.io/7286p,Lukas Röseler,45384.0,,,,0.602276385,0.384132594,40,49,"Karpicke, J. D., & Blunt, J. R. (2011). Retrieval practice produces more
learning than elaborative studying with concept mapping. Science, 331(6018),
772-775.",10.1126/science.1199327,"Karpicke, J. D., & Blunt, J. R. (2011). Retrieval practice produces more learning than elaborative studying with concept mapping. Science, 331(6018), 772-775. https://doi.org/10.1126/science.1199327",,"Camerer, C. F., Dreber, A., Holzmeister, F., Ho, T. H., Huber, J., Johannesson, M., ... & Wu, H. (2018). Evaluating the replicability of social science experiments in Nature and Science between 2010 and 2015. Nature human behaviour, 2(9), 637-644.",10.1038/s41562-018-0399-z,"Camerer, C. F., Dreber, A., Holzmeister, F., Ho, T. H., Huber, J., Johannesson, M., ... & Wu, H. (2018). Evaluating the replicability of social science experiments in Nature and Science between 2010 and 2015. Nature human behaviour, 2(9), 637-644.",,,,,,,,,,,,,,,,,,https://osf.io/pfdyw/,,2,Camereretal2018_10,,,,,,,,,,,,,,,Success,https://osf.io/gz3sq,,,,,,,,,,,,,,0.357917659,0.769429441,0.115401283,0.600468509,,,,Science,,,,,,,,,,,,,,,,,,,2011,0.010412932,3.92688E-05,0.0151387,0.006431624,0.999108068,signal,"inconsistent, smaller","signal - inconsistent, smaller",4.237931544,0.164398987
Manylabs2_24,,2.0,,1,LKasseckert,ML2,Psychology,,Many Labs 2,Structure promotes goal pursuit,,,,,,Lukas Röseler,45384.0,,,,0.23796223,0.0099995,67,6506,"Kay, A. C., Laurin, K., Fitzsimons, G. M., & Landau, M. J. (2014). A functional
basis for structure-seeking: Exposure to structure promotes willingness
to engage in motivated action. Journal of Experimental Psychology: General,
143, 486–491. doi:10.1037/a0034462 Study 2",10.1037/a0034462,"Kay, A. C., Laurin, K., Fitzsimons, G. M., & Landau, M. J. (2014). A functional basis for structure-seeking: Exposure to structure promotes willingness to engage in motivated action. Journal of Experimental Psychology: General, 143, 486–491. https://doi.org/10.1037/a0034462",2.0,"Klein, R. A., Vianello, M., Hasselman, F., Adams, B. G., Adams Jr, R. B., Alper, S., ... & Sowden, W. (2018). Many Labs 2: Investigating variation in replicability across samples and settings. Advances in Methods and Practices in Psychological Science, 1(4), 443-490.",10.1177/2515245918810225,"Klein, R. A., Vianello, M., Hasselman, F., Adams, B. G., Adams Jr, R. B., Alper, S., ... & Sowden, W. (2018). Many Labs 2: Investigating variation in replicability across samples and settings. Advances in Methods and Practices in Psychological Science, 1(4), 443-490. https://doi.org/10.1177/2515245918810225",,,,0.49,d,-0.02,d,,,,,,,,,,,https://osf.io/8cd4r/,,2,manylabs2,,,1,,,,,,,,,,,,OS not significant,,,,,,,,,,,,,,,-0.002382582,0.452316197,-0.014303944,0.034291136,,,,Journal of Experimental Psychology: General,,,,,,,,,,,,,,,,,,,2014,0.013484158,0.052488802,0.000153697,0.419999193,1,no signal,OS not significant,no signal - OS not significant,1.940903291,0.125
Boyce_etal202371,,2.0,,1,Veronica Boyce,Boyce_etal2023,Psychology,,,Limits on theory of mind use in adults,,,,,subfield: cognitive,LR,45429.0,,,,0.05643812,0.65640303,38,14,"Keysar, B., Lin, S., & Barr, D. J. (2003). Limits on theory of mind use
in adults. Cognition, 89(1), 25-41.",10.1016/s0010-0277(03)00064-7,"Keysar, B., Lin, S., & Barr, D. J. (2003). Limits on theory of mind use in adults. Cognition, 89(1), 25-41.",1.0,"Boyce, V., Mathur, M., & Frank, M. C. (2023). Eleven years of student replication projects provide evidence on the correlates of replicability in psychology. Royal Society Open Science, 10(11), 231240. https://doi.org/10.1098/rsos.231240",10.1098/rsos.231310,"Boyce, V., Mathur, M., & Frank, M. C. (2023). Eleven years of student replication projects provide evidence on the correlates of replicability in psychology. Royal Society Open Science, 10(11), 231240. https://doi.org/10.1098/rsos.231240",,,,,,,,,,,,,,,,,,https://osf.io/xwn9m/,,2,,,1.0,,0,,,"prop: 27/38, 0 / 38","prop: 13 / 14 , 2 / 14",,,,,,,OS not significant,,,,,,,,,,,,very close,,,-0.268082059,0.369455636,0.193062002,0.880371897,,,,,,,,,,,,,,,,,,,,,,,2003,0.026855125,0.736452791,0.024916517,0.01078105,0.074325697,signal,OS not significant,signal - OS not significant,0.334247611,0.169030851
Camereretal2018_11,,2.0,,1,LKasseckert,SSRP,Psychology,,"Social Science Replication Project, Science, Nature, Human Behavior",Reading literary fiction improves theory of mind,,,,,Effect sizes available here: https://osf.io/7286p,Lukas Röseler,45384.0,,,,0.269069105,-0.027254447,86,714,"Kidd, D. C., & Castano, E. (2013). Reading literary fiction improves theory
of mind. Science, 342(6156), 377-380.",10.1126/science.1239918,"Kidd, D. C., & Castano, E. (2013). Reading literary fiction improves theory of mind. Science, 342(6156), 377-380. https://doi.org/10.1126/science.1239918",,"Camerer, C. F., Dreber, A., Holzmeister, F., Ho, T. H., Huber, J., Johannesson, M., ... & Wu, H. (2018). Evaluating the replicability of social science experiments in Nature and Science between 2010 and 2015. Nature human behaviour, 2(9), 637-644.",10.1038/s41562-018-0399-z,"Camerer, C. F., Dreber, A., Holzmeister, F., Ho, T. H., Huber, J., Johannesson, M., ... & Wu, H. (2018). Evaluating the replicability of social science experiments in Nature and Science between 2010 and 2015. Nature human behaviour, 2(9), 637-644.",,,,,,,,,,,,,,,,,,https://osf.io/pfdyw/,,2,Camereretal2018_11,,,,,,,,,,,,,,,Failure,https://osf.io/8ptmb,,,,,,,,,,,,,,0.060651469,0.455005,-0.100425922,0.046210259,,,,Science,,,,,,,,,,,,,,,,,,,2013,0.010122884,0.01224117,0.001400442,0.467152988,0.999999995,no signal,inconsistent,no signal - inconsistent,2.513204217,0.10976426
OpenMKT1,OpenMKT1,2.0,,1,LK,openmkt,Marketing,,"Brand names, linguistics, sound symbolism","Products with brand names containing front vowel sounds, as opposed to back vowel sounds, are perceived as: (m) prettier",,,,,,"Kaiser, Leonard",45138.0,,,,0.336,0.12,265,823,"Klink, R. R. (2000). Creating brand names with meaning: the use of sound
symbolism. Market. Lett. 11, 5–20. doi: 10.1023/A:1008184423824 Study 1",10.1080/08911762.2012.744123,"Klink, R. R. (2000). Creating brand names with meaning: the use of sound symbolism. Market. Lett. 11, 5–20. https://doi.org/10.1023/A:1008184423824",1.0,"Motoki, K., & Iseki, S. (2022). Evaluating replicability of ten influential research on sensory marketing. Frontiers in Communication, 7, 1048896.",10.3389/fcomm.2022.1048896,"Motoki, K., & Iseki, S. (2022). Evaluating replicability of ten influential research on sensory marketing. Frontiers in Communication, 7, 1048896. https://doi.org/10.3389/fcomm.2022.1048896",,,,0.336,r,0.12,r,,,,,,,,,,,https://osf.io/tnmvq/,,2,openMKT1,1,,,0,,,,,,,,,,,Success,,,,,,,,,,,,,,,0.22459465,0.438735321,0.05208893,0.186806308,,,,Marketing Letters,,,,,,,,,,,,,,,,,,,1844,0.002980884,2.0503E-08,0.001181761,0.000561006,1,signal,"inconsistent, smaller","signal - inconsistent, smaller",5.658391629,0.061780206
OpenMKT1,OpenMKT1,2.0,,1,LK,openmkt,Marketing,,"Brand names, linguistics, sound symbolism","Products with brand names containing back vowel sounds, as opposed to front vowel sounds, are perceived as: (l) heavier",,,,,,"Kaiser, Leonard",45138.0,,,,0.796,0.434,265,823,"Klink, R. R. (2000). Creating brand names with meaning: the use of sound
symbolism. Market. Lett. 11, 5–20. doi: 10.1023/A:1008184423824 Study 1",10.1080/08911762.2012.744123,"Klink, R. R. (2000). Creating brand names with meaning: the use of sound symbolism. Market. Lett. 11, 5–20. https://doi.org/10.1023/A:1008184423824",1.0,"Motoki, K., & Iseki, S. (2022). Evaluating replicability of ten influential research on sensory marketing. Frontiers in Communication, 7, 1048896.",10.3389/fcomm.2022.1048896,"Motoki, K., & Iseki, S. (2022). Evaluating replicability of ten influential research on sensory marketing. Frontiers in Communication, 7, 1048896. https://doi.org/10.3389/fcomm.2022.1048896",,,,0.796,r,0.434,r,,,,,,,,,,,https://osf.io/tnmvq/,,2,openMKT1,1,,,0,,,,,,,,,,,Success,,,,,,,,,,,,,,,0.747167351,0.83628478,0.37683834,0.487868636,,,,Marketing Letters,,,,,,,,,,,,,,,,,,,1844,0.000508474,2.8012E-59,0.000801418,3.97625E-39,1,signal,"inconsistent, smaller","signal - inconsistent, smaller",17.60432171,0.061780206
OpenMKT1,OpenMKT1,2.0,,1,LK,openmkt,Marketing,,"Brand names, linguistics, sound symbolism","Products with brand names containing back vowel sounds, as opposed to front vowel sounds, are perceived as: (k) stronger",,,,,,"Kaiser, Leonard",45138.0,,,,0.23,-0.327,265,823,"Klink, R. R. (2000). Creating brand names with meaning: the use of sound
symbolism. Market. Lett. 11, 5–20. doi: 10.1023/A:1008184423824 Study 1",10.1080/08911762.2012.744123,"Klink, R. R. (2000). Creating brand names with meaning: the use of sound symbolism. Market. Lett. 11, 5–20. https://doi.org/10.1023/A:1008184423824",1.0,"Motoki, K., & Iseki, S. (2022). Evaluating replicability of ten influential research on sensory marketing. Frontiers in Communication, 7, 1048896.",10.3389/fcomm.2022.1048896,"Motoki, K., & Iseki, S. (2022). Evaluating replicability of ten influential research on sensory marketing. Frontiers in Communication, 7, 1048896. https://doi.org/10.3389/fcomm.2022.1048896",,,,0.23,r,-0.327,r,,,,,,,,,,,https://osf.io/tnmvq/,,2,openMKT1,1,,,0,,,,,,,,,,,Failure (reversal),,,,,,,,,,,,,,,0.112622667,0.341046635,-0.386696869,-0.264574102,,,,Marketing Letters,,,,,,,,,,,,,,,,,,,1844,0.003397721,0.000158606,0.000970287,5.81414E-22,0.999999796,signal,"inconsistent, smaller","signal - inconsistent, smaller",3.790687677,0.061780206
OpenMKT1,OpenMKT1,2.0,,1,LK,openmkt,Marketing,,"Brand names, linguistics, sound symbolism","Products with brand names containing front vowel sounds, as opposed to back vowel sounds, are perceived as: (j) friendlier ",,,,,,"Kaiser, Leonard",45138.0,,,,0.245,0.252,265,823,"Klink, R. R. (2000). Creating brand names with meaning: the use of sound
symbolism. Market. Lett. 11, 5–20. doi: 10.1023/A:1008184423824 Study 1",10.1080/08911762.2012.744123,"Klink, R. R. (2000). Creating brand names with meaning: the use of sound symbolism. Market. Lett. 11, 5–20. https://doi.org/10.1023/A:1008184423824",1.0,"Motoki, K., & Iseki, S. (2022). Evaluating replicability of ten influential research on sensory marketing. Frontiers in Communication, 7, 1048896.",10.3389/fcomm.2022.1048896,"Motoki, K., & Iseki, S. (2022). Evaluating replicability of ten influential research on sensory marketing. Frontiers in Communication, 7, 1048896. https://doi.org/10.3389/fcomm.2022.1048896",,,,0.245,r,0.252,r,,,,,,,,,,,https://osf.io/tnmvq/,,2,openMKT1,1,,,0,,,,,,,,,,,Success,,,,,,,,,,,,,,,0.128288726,0.355017742,0.186880076,0.314915005,,,,Marketing Letters,,,,,,,,,,,,,,,,,,,1844,0.003346792,5.55253E-05,0.00106694,2.18251E-13,0.999999983,signal,consistent,signal - consistent,4.048004122,0.061780206
OpenMKT1,OpenMKT1,2.0,,1,LK,openmkt,Marketing,,"Brand names, linguistics, sound symbolism","Products with brand names containing back vowel sounds, as opposed to front vowel sounds, are perceived as: (i) more masculine",,,,,,"Kaiser, Leonard",45138.0,,,,0.57,-0.327,265,823,"Klink, R. R. (2000). Creating brand names with meaning: the use of sound
symbolism. Market. Lett. 11, 5–20. doi: 10.1023/A:1008184423824 Study 1",10.1080/08911762.2012.744123,"Klink, R. R. (2000). Creating brand names with meaning: the use of sound symbolism. Market. Lett. 11, 5–20. https://doi.org/10.1023/A:1008184423824",1.0,"Motoki, K., & Iseki, S. (2022). Evaluating replicability of ten influential research on sensory marketing. Frontiers in Communication, 7, 1048896.",10.3389/fcomm.2022.1048896,"Motoki, K., & Iseki, S. (2022). Evaluating replicability of ten influential research on sensory marketing. Frontiers in Communication, 7, 1048896. https://doi.org/10.3389/fcomm.2022.1048896",,,,0.57,r,-0.327,r,,,,,,,,,,,https://osf.io/tnmvq/,,2,openMKT1,1,,,0,,,,,,,,,,,Failure (reversal),,,,,,,,,,,,,,,0.482651938,0.646120361,-0.386696869,-0.264574102,,,,Marketing Letters,,,,,,,,,,,,,,,,,,,1844,0.001726364,3.12061E-24,0.000970287,5.81414E-22,1,signal,"inconsistent, smaller","signal - inconsistent, smaller",10.48107288,0.061780206
OpenMKT1,OpenMKT1,2.0,,1,LK,openmkt,Marketing,,"Brand names, linguistics, sound symbolism","Products with brand names containing front vowel sounds, as opposed to back vowel sounds, are perceived as: (h) more bitter",,,,,,"Kaiser, Leonard",45138.0,,,,0.23,0.108,265,823,"Klink, R. R. (2000). Creating brand names with meaning: the use of sound
symbolism. Market. Lett. 11, 5–20. doi: 10.1023/A:1008184423824 Study 1",10.1080/08911762.2012.744123,"Klink, R. R. (2000). Creating brand names with meaning: the use of sound symbolism. Market. Lett. 11, 5–20. https://doi.org/10.1023/A:1008184423824",1.0,"Motoki, K., & Iseki, S. (2022). Evaluating replicability of ten influential research on sensory marketing. Frontiers in Communication, 7, 1048896.",10.3389/fcomm.2022.1048896,"Motoki, K., & Iseki, S. (2022). Evaluating replicability of ten influential research on sensory marketing. Frontiers in Communication, 7, 1048896. https://doi.org/10.3389/fcomm.2022.1048896",,,,0.23,r,0.108,r,,,,,,,,,,,https://osf.io/tnmvq/,,2,openMKT1,1,,,0,,,,,,,,,,,Success,,,,,,,,,,,,,,,0.112622667,0.341046635,0.039956672,0.175046296,,,,Marketing Letters,,,,,,,,,,,,,,,,,,,1844,0.003397721,0.000158606,0.001188331,0.001917823,0.999999796,signal,"inconsistent, smaller","signal - inconsistent, smaller",3.790687677,0.061780206
OpenMKT1,OpenMKT1,2.0,,1,LK,openmkt,Marketing,,"Brand names, linguistics, sound symbolism","Products with brand names containing back vowel sounds, as opposed to front vowel sounds, are perceived as: (g) warmer",,,,,,"Kaiser, Leonard",45138.0,,,,0.615,0.166,265,823,"Klink, R. R. (2000). Creating brand names with meaning: the use of sound
symbolism. Market. Lett. 11, 5–20. doi: 10.1023/A:1008184423824 Study 1",10.1080/08911762.2012.744123,"Klink, R. R. (2000). Creating brand names with meaning: the use of sound symbolism. Market. Lett. 11, 5–20. https://doi.org/10.1023/A:1008184423824",1.0,"Motoki, K., & Iseki, S. (2022). Evaluating replicability of ten influential research on sensory marketing. Frontiers in Communication, 7, 1048896.",10.3389/fcomm.2022.1048896,"Motoki, K., & Iseki, S. (2022). Evaluating replicability of ten influential research on sensory marketing. Frontiers in Communication, 7, 1048896. https://doi.org/10.3389/fcomm.2022.1048896",,,,0.615,r,0.166,r,,,,,,,,,,,https://osf.io/tnmvq/,,2,openMKT1,1,,,0,,,,,,,,,,,Success,,,,,,,,,,,,,,,0.53408027,0.684753816,0.098782372,0.231709681,,,,Marketing Letters,,,,,,,,,,,,,,,,,,,1844,0.00146441,5.79153E-29,0.001150423,1.68263E-06,1,signal,"inconsistent, smaller","signal - inconsistent, smaller",11.60441982,0.061780206
OpenMKT1,OpenMKT1,2.0,,1,LK,openmkt,Marketing,,"Brand names, linguistics, sound symbolism","Products with brand names containing front vowel sounds, as opposed to back vowel sounds, are perceived as: (f) faster",,,,,,"Kaiser, Leonard",45138.0,,,,0.411,0.31,265,823,"Klink, R. R. (2000). Creating brand names with meaning: the use of sound
symbolism. Market. Lett. 11, 5–20. doi: 10.1023/A:1008184423824 Study 1",10.1080/08911762.2012.744123,"Klink, R. R. (2000). Creating brand names with meaning: the use of sound symbolism. Market. Lett. 11, 5–20. https://doi.org/10.1023/A:1008184423824",1.0,"Motoki, K., & Iseki, S. (2022). Evaluating replicability of ten influential research on sensory marketing. Frontiers in Communication, 7, 1048896.",10.3389/fcomm.2022.1048896,"Motoki, K., & Iseki, S. (2022). Evaluating replicability of ten influential research on sensory marketing. Frontiers in Communication, 7, 1048896. https://doi.org/10.3389/fcomm.2022.1048896",,,,0.411,r,0.31,r,,,,,,,,,,,https://osf.io/tnmvq/,,2,openMKT1,1,,,0,,,,,,,,,,,Success,,,,,,,,,,,,,,,0.305638072,0.5064183,0.246892144,0.370489466,,,,Marketing Letters,,,,,,,,,,,,,,,,,,,1844,0.002616259,3.18383E-12,0.00099396,8.62708E-20,1,signal,"inconsistent, smaller","signal - inconsistent, smaller",7.070450394,0.061780206
OpenMKT1,OpenMKT1,2.0,,1,LK,openmkt,Marketing,,"Brand names, linguistics, sound symbolism","Products with brand names containing front vowel sounds, as opposed to back vowel sounds, are perceived as:  (e) softer",,,,,,"Kaiser, Leonard",45138.0,,,,0.215,0.303,265,823,"Klink, R. R. (2000). Creating brand names with meaning: the use of sound
symbolism. Market. Lett. 11, 5–20. doi: 10.1023/A:1008184423824 Study 1",10.1080/08911762.2012.744123,"Klink, R. R. (2000). Creating brand names with meaning: the use of sound symbolism. Market. Lett. 11, 5–20. https://doi.org/10.1023/A:1008184423824",1.0,"Motoki, K., & Iseki, S. (2022). Evaluating replicability of ten influential research on sensory marketing. Frontiers in Communication, 7, 1048896.",10.3389/fcomm.2022.1048896,"Motoki, K., & Iseki, S. (2022). Evaluating replicability of ten influential research on sensory marketing. Frontiers in Communication, 7, 1048896. https://doi.org/10.3389/fcomm.2022.1048896",,,,0.215,r,0.303,r,,,,,,,,,,,https://osf.io/tnmvq/,,2,openMKT1,1,,,0,,,,,,,,,,,Success,,,,,,,,,,,,,,,0.097014746,0.327026297,0.239623531,0.363805105,,,,Marketing Letters,,,,,,,,,,,,,,,,,,,1844,0.003445783,0.000423947,0.00100342,6.16396E-19,0.999998017,signal,"inconsistent, larger","signal - inconsistent, larger",3.535239391,0.061780206
OpenMKT1,OpenMKT1,2.0,,1,LK,openmkt,Marketing,,"Brand names, linguistics, sound symbolism","Products with brand names containing back vowel sounds, as opposed to front vowel sounds, are perceived as: (d) thicker ",,,,,,"Kaiser, Leonard",45138.0,,,,0.819,0.222,265,823,"Klink, R. R. (2000). Creating brand names with meaning: the use of sound
symbolism. Market. Lett. 11, 5–20. doi: 10.1023/A:1008184423824 Study 1",10.1080/08911762.2012.744123,"Klink, R. R. (2000). Creating brand names with meaning: the use of sound symbolism. Market. Lett. 11, 5–20. https://doi.org/10.1023/A:1008184423824",1.0,"Motoki, K., & Iseki, S. (2022). Evaluating replicability of ten influential research on sensory marketing. Frontiers in Communication, 7, 1048896.",10.3389/fcomm.2022.1048896,"Motoki, K., & Iseki, S. (2022). Evaluating replicability of ten influential research on sensory marketing. Frontiers in Communication, 7, 1048896. https://doi.org/10.3389/fcomm.2022.1048896",,,,0.819,r,0.222,r,,,,,,,,,,,https://osf.io/tnmvq/,,2,openMKT1,1,,,0,,,,,,,,,,,Success,,,,,,,,,,,,,,,0.774983204,0.855109283,0.156028898,0.285999309,,,,Marketing Letters,,,,,,,,,,,,,,,,,,,1844,0.0004106,2.13893E-65,0.001099587,1.1981E-10,1,signal,"inconsistent, smaller","signal - inconsistent, smaller",18.6754406,0.061780206
OpenMKT1,OpenMKT1,2.0,,1,LK,openmkt,Marketing,,"Brand names, linguistics, sound symbolism","Products with brand names containing front vowel sounds, as opposed to back vowel sounds, are perceived as: (c) milder",,,,,,"Kaiser, Leonard",45138.0,,,,0.283,0.196,265,823,"Klink, R. R. (2000). Creating brand names with meaning: the use of sound
symbolism. Market. Lett. 11, 5–20. doi: 10.1023/A:1008184423824 Study 1",10.1080/08911762.2012.744123,"Klink, R. R. (2000). Creating brand names with meaning: the use of sound symbolism. Market. Lett. 11, 5–20. https://doi.org/10.1023/A:1008184423824",1.0,"Motoki, K., & Iseki, S. (2022). Evaluating replicability of ten influential research on sensory marketing. Frontiers in Communication, 7, 1048896.",10.3389/fcomm.2022.1048896,"Motoki, K., & Iseki, S. (2022). Evaluating replicability of ten influential research on sensory marketing. Frontiers in Communication, 7, 1048896. https://doi.org/10.3389/fcomm.2022.1048896",,,,0.283,r,0.196,r,,,,,,,,,,,https://osf.io/tnmvq/,,2,openMKT1,1,,,0,,,,,,,,,,,Success,,,,,,,,,,,,,,,0.168238485,0.390192632,0.129394924,0.260844403,,,,Marketing Letters,,,,,,,,,,,,,,,,,,,1844,0.00320544,2.85236E-06,0.001124871,1.4332E-08,1,signal,"inconsistent, smaller","signal - inconsistent, smaller",4.709279546,0.061780206
OpenMKT1,OpenMKT1,2.0,,1,LK,openmkt,Marketing,,"Brand names, linguistics, sound symbolism","Products with brand names containing back vowel sounds, as opposed to front vowel sounds, are perceived as: (b) darker (relative to lighter)",,,,,,"Kaiser, Leonard",45138.0,,,,0.638,0.298,265,823,"Klink, R. R. (2000). Creating brand names with meaning: the use of sound
symbolism. Market. Lett. 11, 5–20. doi: 10.1023/A:1008184423824 Study 1",10.1080/08911762.2012.744123,"Klink, R. R. (2000). Creating brand names with meaning: the use of sound symbolism. Market. Lett. 11, 5–20. https://doi.org/10.1023/A:1008184423824",1.0,"Motoki, K., & Iseki, S. (2022). Evaluating replicability of ten influential research on sensory marketing. Frontiers in Communication, 7, 1048896.",10.3389/fcomm.2022.1048896,"Motoki, K., & Iseki, S. (2022). Evaluating replicability of ten influential research on sensory marketing. Frontiers in Communication, 7, 1048896. https://doi.org/10.3389/fcomm.2022.1048896",,,,0.638,r,0.298,r,,,,,,,,,,,https://osf.io/tnmvq/,,2,openMKT1,1,,,0,,,,,,,,,,,Success,,,,,,,,,,,,,,,0.560599181,0.704349559,0.234436011,0.359026725,,,,Marketing Letters,,,,,,,,,,,,,,,,,,,1844,0.001331806,1.0885E-31,0.001010071,2.43114E-18,1,signal,"inconsistent, smaller","signal - inconsistent, smaller",12.21740054,0.061780206
OpenMKT1,OpenMKT1,2.0,,1,LK,openmkt,Marketing,,"Brand names, linguistics, sound symbolism","Products with brand names containing front vowel sounds, as opposed to back vowel sounds, are perceived as: (a) smaller",,,,,,"Kaiser, Leonard",45138.0,,,,0.623,0.244,265,823,"Klink, R. R. (2000). Creating brand names with meaning: the use of sound
symbolism. Market. Lett. 11, 5–20. doi: 10.1023/A:1008184423824 Study 1",10.1080/08911762.2012.744123,"Klink, R. R. (2000). Creating brand names with meaning: the use of sound symbolism. Market. Lett. 11, 5–20. https://doi.org/10.1023/A:1008184423824",1.0,"Motoki, K., & Iseki, S. (2022). Evaluating replicability of ten influential research on sensory marketing. Frontiers in Communication, 7, 1048896.",10.3389/fcomm.2022.1048896,"Motoki, K., & Iseki, S. (2022). Evaluating replicability of ten influential research on sensory marketing. Frontiers in Communication, 7, 1048896. https://doi.org/10.3389/fcomm.2022.1048896",,,,0.623,r,0.244,r,,,,,,,,,,,https://osf.io/tnmvq/,,2,openMKT1,1,,,0,,,,,,,,,,,Success,,,,,,,,,,,,,,,0.543286214,0.691581186,0.178640517,0.307215555,,,,Marketing Letters,,,,,,,,,,,,,,,,,,,1844,0.001418129,6.92289E-30,0.001076001,1.27714E-12,1,signal,"inconsistent, smaller","signal - inconsistent, smaller",11.81435339,0.061780206
XPHI1,,2.0,,1,LKasseckert,XPHI,Experimental Philosophy,,experimental philosophy,Intentional Action and Side Effects in Ordinary Language,,,,,,Cushman & Phillips,45331.0,,,,0.59,0.61,78,100,"Knobe, J. (2003). Intentional Action and Side Effects in Ordinary Language.
Analysis, 63, 190-193.",10.1111/1467-8284.00419,"Knobe, J. (2003). Intentional Action and Side Effects in Ordinary Language. Analysis, 63, 190-193. https://doi.org/10.1111/1467-8284.00419",,"Cova, F., Strickland, B., Abatista, A., Allard, A., Andow, J., Attie, M., ... & Zhou, X. (2021). Estimating the reproducibility of experimental philosophy. Review of Philosophy and Psychology, 12, 9-44.",10.1007/s13164-018-0400-9,"Cova, F., Strickland, B., Abatista, A., Allard, A., Andow, J., Attie, M., ... & Zhou, X. (2021). Estimating the reproducibility of experimental philosophy. Review of Philosophy and Psychology, 12, 9-44. https://doi.org/10.1007/s13164-018-0400-9",,,,,,,,,,,,,,,,,,osf.io/hdz5x,,2,,,,,,,,"X2(1, N = 78) = 27.15, p < .001","χ2(1, N = 100) = 37.25, p < 0.001",,,,,,,Success,,,,,,,,,,,,,,,0.423007189,0.718231838,0.469880658,0.720135094,,,,Analysis,,,,,,,,,,,,,,,,,,,2003,0.005519138,1.31296E-08,0.003982408,1.61985E-11,0.999999789,signal,consistent,signal - consistent,5.8687603,0.115470054
XPHI2,,2.0,,1,LKasseckert,XPHI,Experimental Philosophy,,experimental philosophy,"In the absence of skill, murder is judged intentional but achievement is not",,,,,,Hannikainen,45331.0,,added study number in original ref,,0.46,0.6,37,145,"Knobe, J. (2003). Intentional action in folk psychology: An experimental
investigation. Philosophical Psychology, 16(2), 309-324.",10.1080/09515080307771,"Knobe, J. (2003). Intentional action in folk psychology: An experimental investigation. Philosophical Psychology, 16(2), 309-324. https://doi.org/10.1080/09515080307771",1.0,"Cova, F., Strickland, B., Abatista, A., Allard, A., Andow, J., Attie, M., ... & Zhou, X. (2021). Estimating the reproducibility of experimental philosophy. Review of Philosophy and Psychology, 12, 9-44.",10.1007/s13164-018-0400-9,"Cova, F., Strickland, B., Abatista, A., Allard, A., Andow, J., Attie, M., ... & Zhou, X. (2021). Estimating the reproducibility of experimental philosophy. Review of Philosophy and Psychology, 12, 9-44. https://doi.org/10.1007/s13164-018-0400-9",,,,,,,,,,,,,,,,,,osf.io/78sqa/,,2,,,,,,,,"X2(1, N=37) = 7.7, df = 1, p < .01","χ2(1, N = 145) = 52.5, p < .001",,,,,,,Success,,,,,,,,,,,,,,,0.15979882,0.682320051,0.484364278,0.695031318,,,,Philosophical Psychology,,,,,,,,,,,,,,,,,,,2003,0.01726596,0.00417618,0.002844444,1.52075E-15,0.999991484,signal,"inconsistent, larger","signal - inconsistent, larger",2.899798195,0.171498585
Manylabs2_05,,2.0,,1,LKasseckert,ML2,Psychology,,Many Labs 2,Perceived intentionality for side effects,,,,,,Lukas Röseler,45384.0,,corrected original sample size,,0.586967571,0.658504608,78,7982,"Knobe, J. (2006). The concept of intentional action: A case study in the
uses of folk psychology. Philosophical Studies, 130, 203–231. doi:10.1007/s11098-004-4510-0
Study 1",10.1007/s11098-004-4510-0,"Knobe, J. (2006). The concept of intentional action: A case study in the uses of folk psychology. Philosophical Studies, 130, 203–231. https://doi.org/10.1007/s11098-004-4510-0",1.0,"Klein, R. A., Vianello, M., Hasselman, F., Adams, B. G., Adams Jr, R. B., Alper, S., ... & Sowden, W. (2018). Many Labs 2: Investigating variation in replicability across samples and settings. Advances in Methods and Practices in Psychological Science, 1(4), 443-490.",10.1177/2515245918810225,"Klein, R. A., Vianello, M., Hasselman, F., Adams, B. G., Adams Jr, R. B., Alper, S., ... & Sowden, W. (2018). Many Labs 2: Investigating variation in replicability across samples and settings. Advances in Methods and Practices in Psychological Science, 1(4), 443-490. https://doi.org/10.1177/2515245918810225",,,,1.45,d,1.75,d,,,,,,,,,,,https://osf.io/8cd4r/,,2,manylabs2,,,1,,,,,,,,,,,,Success,,,,,,,,,,,,,,,0.419190824,0.715978417,0.645897209,0.670752929,,,,Philosophical Studies,,,,,,,,,,,,,,,,,,,2006,0.005579736,1.62348E-08,4.01926E-05,0,1,signal,"inconsistent, larger","signal - inconsistent, larger",5.828585561,0.115470054
Boyce_etal202374,,2.0,,1,Veronica Boyce,Boyce_etal2023,Psychology,,,Conveying and detecting hierarchical rank through voice,,,,,subfield: social,LR,45429.0,,,,0.13882939,-0.00454541,40,39,"Ko, S. J., Sadler, M. S., & Galinsky, A. D. (2015). The sound of power:
Conveying and detecting hierarchical rank through voice. Psychological
Science, 26(1), 3-14.",10.1177/0956797614553009,"Ko, S. J., Sadler, M. S., & Galinsky, A. D. (2015). The sound of power: Conveying and detecting hierarchical rank through voice. Psychological Science, 26(1), 3-14.",2.0,"Boyce, V., Mathur, M., & Frank, M. C. (2023). Eleven years of student replication projects provide evidence on the correlates of replicability in psychology. Royal Society Open Science, 10(11), 231240. https://doi.org/10.1098/rsos.231240",10.1098/rsos.231313,"Boyce, V., Mathur, M., & Frank, M. C. (2023). Eleven years of student replication projects provide evidence on the correlates of replicability in psychology. Royal Society Open Science, 10(11), 231240. https://doi.org/10.1098/rsos.231240",,,,,,,,,,,,,,,,,,https://osf.io/xwn9m/,,2,,,1.0,,0,,,"F(1, 55) = 83.67","F(1,20)= 30.932",,,,,,,OS not significant,,,,,,,,,,,,very close,,,-0.180485346,0.431670437,-0.3196041,0.311418263,,,,,,,,,,,,,,,,,,,,,,,2015,0.024662161,0.392916737,0.026314702,0.978090746,0.213551595,no signal,OS not significant,no signal - OS not significant,0.849955129,0.164398987
Boyce_etal202375,,2.0,,1,Veronica Boyce,Boyce_etal2023,Psychology,,,Canonical visual size for real-world objects,,,,,subfield: cognitive,LR,45429.0,,,,0.12367206,0.04921164,22,22,"Konkle, T., & Oliva, A. (2011). Canonical visual size for real-world objects.
Journal of Experimental Psychology: human perception and performance, 37(1),
23.",,"Konkle, T., & Oliva, A. (2011). Canonical visual size for real-world objects. Journal of Experimental Psychology: human perception and performance, 37(1), 23.",1.0,"Boyce, V., Mathur, M., & Frank, M. C. (2023). Eleven years of student replication projects provide evidence on the correlates of replicability in psychology. Royal Society Open Science, 10(11), 231240. https://doi.org/10.1098/rsos.231240",10.1098/rsos.231314,"Boyce, V., Mathur, M., & Frank, M. C. (2023). Eleven years of student replication projects provide evidence on the correlates of replicability in psychology. Royal Society Open Science, 10(11), 231240. https://doi.org/10.1098/rsos.231240",,,,,,,,,,,,,,,,,,https://osf.io/xwn9m/,,2,,,1.0,,0,,,"pear: r=0.9380832, n=1024","pear: r=0.1476, n=352",,,,,,,OS not significant,,,,,,,,,,,,close,,,-0.314325701,0.518257924,-0.380287018,0.461250051,,,,,,,,,,,,,,,,,,,,,,,2011,0.046173542,0.583468287,0.047388681,0.827833739,0.138461401,no signal,OS not significant,no signal - OS not significant,0.541847851,0.229415734
soscisubmission44,soscisubmission44,2.0,,1,CD,openmkt,Marketing,,"own name, event-related potentials, EEG, P300,","P3 event-related potential component amplitude in response to own name of the participant is larger than in response to a different name, indicating orienting reaction and attention to own name",,,,,,"Yuri G., Pavlov",45097.0,,,,0.424264069,0.1,25,48,"Kotchoubey, B., & Pavlov, Y. G. (2017). Name conditioning in event-related
brain potentials. Neurobiology of Learning and Memory, 145, 129–134. https://doi.org/10.1016/j.nlm.2017.09.009,
Experiment 4",10.1016/j.nlm.2017.09.009,"Kotchoubey, B., & Pavlov, Y. G. (2017). Name conditioning in event-related brain potentials. Neurobiology of Learning and Memory, 145, 129–134. https://doi.org/10.1016/j.nlm.2017.09.009",4.0,"Pavlov, Y. G. (2023, June 20). Replication of Kotchoubey & Pavlov, 2017. (Experiment 4) ",,"Pavlov, Y. G. (2023, June 20). Replication of Kotchoubey & Pavlov, 2017.",4.0,,,0.18,etasq,0.01,etasq,,,,,,,,,,,https://osf.io/y2emk/,,3,sosci_18,1,,1,1,,,"F(1,24) = 5.08","F(1, 47) = 0.64","https://osf.io/y2emk/
 in this repository, run code.R on data.csv",,,,,,Failure,,1.0,1.0,1.0,1.0,1.0,1.0,1.0,1.0,1.0,1.0,"in the original study, the participants were presented with three different names as other names, but in the replication it was just one.",0.02801667,0.02085319,0.035000678,0.701753175,-0.189519608,0.373521652,1,0,0.923,Neurobiology of Learning and Memory,,,,,,,,,,,,,,,,,,,2017,0.028016667,0.034537707,0.020853191,0.498878163,0.922846205,no signal,inconsistent,no signal - inconsistent,2.124198804,0.213200716
Boyce_etal202378,,2.0,,1,Veronica Boyce,Boyce_etal2023,Psychology,,,Susceptibility to others’ beliefs in human infants and adults,,,,,subfield: cognitive,LR,45429.0,,,,0.239784554,0.284768901,24,54,"Kovács, Á. M., Téglás, E., & Endress, A. D. (2010). The social sense: Susceptibility
to others’ beliefs in human infants and adults. Science, 330(6012), 1830-1834.",10.1126/science.1190792,"Kovács, Á. M., Téglás, E., & Endress, A. D. (2010). The social sense: Susceptibility to others’ beliefs in human infants and adults. Science, 330(6012), 1830-1834.",1.0,"Boyce, V., Mathur, M., & Frank, M. C. (2023). Eleven years of student replication projects provide evidence on the correlates of replicability in psychology. Royal Society Open Science, 10(11), 231240. https://doi.org/10.1098/rsos.231240",10.1098/rsos.231317,"Boyce, V., Mathur, M., & Frank, M. C. (2023). Eleven years of student replication projects provide evidence on the correlates of replicability in psychology. Royal Society Open Science, 10(11), 231240. https://doi.org/10.1098/rsos.231240",,,,0.493980431,d,0.594137345,d,,,,,,,,,,,https://osf.io/xwn9m/,,2,,,1.0,,0,,,t(23)=2.42,t(53)=4.366,,,,,,,OS not significant,,,,,,,,,,,,very close,,,-0.181132826,0.586454516,0.018412281,0.513383988,,,,,,,,,,,,,,,,,,,,,,,1834,0.038622287,0.259086944,0.015931877,0.036881077,0.547207277,signal,OS not significant,signal - OS not significant,1.120648317,0.21821789
Camereretal2018_12,,2.0,,1,LKasseckert,SSRP,Psychology,,"Social Science Replication Project, Science, Nature, Human Behavior",susceptibility to others’ beliefs in human infants and adults,,,,,Effect sizes available here: https://osf.io/7286p,Lukas Röseler,45384.0,,,,0.450499475,0.586203992,24,95,"Kovács, Á. M., Téglás, E., & Endress, A. D. (2010). The social sense: Susceptibility
to others’ beliefs in human infants and adults. Science, 330(6012), 1830-1834.",10.1126/science.1190792,"Kovács, Á. M., Téglás, E., & Endress, A. D. (2010). The social sense: Susceptibility to others’ beliefs in human infants and adults. Science, 330(6012), 1830-1834. https://doi.org/10.1126/science.1190792",,"Camerer, C. F., Dreber, A., Holzmeister, F., Ho, T. H., Huber, J., Johannesson, M., ... & Wu, H. (2018). Evaluating the replicability of social science experiments in Nature and Science between 2010 and 2015. Nature human behaviour, 2(9), 637-644.",10.1038/s41562-018-0399-z,"Camerer, C. F., Dreber, A., Holzmeister, F., Ho, T. H., Huber, J., Johannesson, M., ... & Wu, H. (2018). Evaluating the replicability of social science experiments in Nature and Science between 2010 and 2015. Nature human behaviour, 2(9), 637-644.",,,,,,,,,,,,,,,,,,https://osf.io/pfdyw/,,2,Camereretal2018_12,,,,,,,,,,,,,,,Success,https://osf.io/ys3ry,,,,,,,,,,,,,,0.057563843,0.722581453,0.436195432,0.704512185,,,,Science,,,,,,,,,,,,,,,,,,,1834,0.027621263,0.0271623,0.004583137,4.33911E-10,0.998792106,signal,consistent,signal - consistent,2.224046597,0.21821789
OpenMKT16,OpenMKT16,2.0,,1,LK,openmkt,Marketing,,"Advertising, Aggression, Consumer promotions, Scarcity, Violence",This study predicts that there will be higher preferences for violent experiences after exposure to the limited-quantity scarcity promotion (vs. control) among participants who did not reduce the competitive threat via the affiliation task (perceived competitive threat: high). This study also predicts an attenuation of the scarcity-aggression link among participants who did reduce the competitive threat via the affiliation task (perceived competitive threat: low).,,,,,,"Kaiser, Leonard",45158.0,,,,0.157341,0.003603726,160,389,"Kristofferson, K., McFerran, B., Morales, A. C., & Dahl, D. W. (2017).
The dark side of scarcity promotions: how exposure to limited-quantity
promotions can induce aggression. Journal of Consumer Research, 43(5),
683-706. Study 5",10.1093/jcr/ucw056,"Kristofferson, K., McFerran, B., Morales, A. C., & Dahl, D. W. (2017). The dark side of scarcity promotions: how exposure to limited-quantity promotions can induce aggression. Journal of Consumer Research, 43(5), 683-706.",5.0,"O’Donnell, M., Dev, A. S., Antonoplis, S., Baum, S. M., Benedetti, A. H., Brown, N. D., Carrillo, B., Choi, A. L., Connor, P., Donnelly, K., Ellwood-Lowe, M. E., Foushee, R., Jansen, R., Jarvis, S. N., Lundell-Creagh, R., Ocampo, J. M., Okafor, G. N., Azad, Z. R., Rosenblum, M., … Nelson, L. D. (2021). Empirical audit and review and an assessment of evidentiary value in research on the psychological consequences of scarcity. Proceedings of the National Academy of Sciences, 118(44), e2103313118. 
",10.1073/pnas.2103313118,"O’Donnell, M., Dev, A. S., Antonoplis, S., Baum, S. M., Benedetti, A. H., Brown, N. D., Carrillo, B., Choi, A. L., Connor, P., Donnelly, K., Ellwood-Lowe, M. E., Foushee, R., Jansen, R., Jarvis, S. N., Lundell-Creagh, R., Ocampo, J. M., Okafor, G. N., Azad, Z. R., Rosenblum, M., … Nelson, L. D. (2021). Empirical audit and review and an assessment of evidentiary value in research on the psychological consequences of scarcity. Proceedings of the National Academy of Sciences, 118(44), e2103313118. https://doi.org/10.1073/pnas.2103313118",,,,0.157341,r,0.003603726,r,,,,,,,,,,,https://osf.io/a2e96/,,2,openMKT16,,,,,,,,,,,,,,,Failure,,,,,,,,,,,,,,,0.002236863,0.305052549,-0.09586054,0.102996738,,,,Journal of Consumer Research,,,,,,,,,,,,,,,,,,,2017,0.005981764,0.046920944,0.002577253,0.943518663,0.930080612,no signal,inconsistent,no signal - inconsistent,1.987991842,0.079808688
soscisubmission16,soscisubmission16,2.0,,1,LK,https://osf.io/7hz3x,Social psychology,Above- and Below Average Effect,"Better and worse than others, Above- and Below Average Effect, Lake Wobegon be gone!, comparative ability, own ability",Above- and Below Average Effect,,,,,Multiple effects measured for which there was no space in this form.,Max Korbmacher,45023.0,,The preregistration link was incorrect; it was the OSF link for the OSF folder.,,0.95,0.99,37,691,"Kruger, J. (1999). Lake Wobegon be gone! The ""below-average effect"" and
the egocentric nature of comparative ability judgments. Journal of Personality
and Social Psychology, 77(2), 221–232. https://doi.org/10.1037/0022-3514.77.2.221",10.1037/0022-3514.77.2.221,"Kruger, J. (1999). Lake Wobegon be gone! The ""below-average effect"" and the egocentric nature of comparative ability judgments. Journal of Personality and Social Psychology, 77(2), 221–232. https://doi.org/10.1037/0022-3514.77.2.221",,"Korbmacher, M., Kwan, C., & Feldman, G. (2022). Both better and worse than others depending on difficulty: Replication and extensions of Kruger’s (1999) above and below average effects. Judgment and Decision Making, 17(2), 449-486. ",10.17605/OSF.IO/7YFKC,"Korbmacher, M., Kwan, C., & Feldman, G. (2022). Both better and worse than others depending on difficulty: Replication and extensions of Kruger’s (1999) above and below average effects. Judgment and Decision Making, 17(2), 449-486. https://doi.org/10.17605/OSF.IO/7YFKC",,,,0.95,r,0.99,r,,,,,,,,,,,https://osf.io/7yfkc/,,2,sosci_13,1,,1,0,,,,,"For the original study effect see page 224.
 
 For the replication effect see page 463.",,,,,,Success,https://osf.io/nm568,1.0,1.0,1.0,1.0,3.0,3.0,3.0,2.0,1.0,1.0,We collected large scale online data collection on Prolific and MTurk instead of in-class (with students as in original). We provided renumeration instead of course credit.,2.6406E-4,5.2452E-7,0.904359036,0.974156152,0.988397445,0.991382168,1,1,1,Journal of Personality and Social Psychology,,,,,,,,,,,,,,,,,,,1999,0.000264063,2.85366E-19,5.73928E-07,0,1,signal,"inconsistent, larger","signal - inconsistent, larger",10.68102586,0.171498585
Boyce_etal202380,,2.0,,1,Veronica Boyce,Boyce_etal2023,Psychology,,,Reminders of god can increase nonmoral risk taking,,,,,subfield: social,LR,45429.0,,,,0.50833899,0.23600674,101,160,"Kupor, D. M., Laurin, K., & Levav, J. (2015). Anticipating divine protection?
Reminders of god can increase nonmoral risk taking. Psychological science,
26(4), 374-384.",10.1177/0956797614563108,"Kupor, D. M., Laurin, K., & Levav, J. (2015). Anticipating divine protection? Reminders of god can increase nonmoral risk taking. Psychological science, 26(4), 374-384.",3.0,"Boyce, V., Mathur, M., & Frank, M. C. (2023). Eleven years of student replication projects provide evidence on the correlates of replicability in psychology. Royal Society Open Science, 10(11), 231240. https://doi.org/10.1098/rsos.231240",10.1098/rsos.231319,"Boyce, V., Mathur, M., & Frank, M. C. (2023). Eleven years of student replication projects provide evidence on the correlates of replicability in psychology. Royal Society Open Science, 10(11), 231240. https://doi.org/10.1098/rsos.231240",,,,,,,,,,,,,,,,,,https://osf.io/xwn9m/,,2,,,0.0,,0,,,t(99) = 2.29,t(152.0000)= 1.253,,,,,,,Success,,,,,,,,,,,,far,,,0.34741522,0.640177049,0.083921059,0.377347579,,,,,,,,,,,,,,,,,,,,,,,2015,0.005499579,5.73383E-08,0.005608201,0.00266081,0.999999966,signal,"inconsistent, smaller","signal - inconsistent, smaller",5.54854239,0.101015254
FORRT_21a,,2.0,,1,LK,FORRT,Social Psychology,Implicit God prime increases self-reported risky behaviour,"risk taking, God, religion, risk tolerance",Implicitly priming God using the scrambled-sentence paradigm increases self-reported risk taking,,,,,,"Kaiser, Leonard",45253.0,,The preregistration link was incorrect; it was the OSF link for the OSF folder.,,0.275863489,0.069829128,61,556,"Kupor, D. M., Laurin, K., & Levav, J. (2015). Anticipating divine protection?
Reminders of god can increase nonmoral risk taking. Psychological science,
26(4), 374–384. https://doi.org/10.1177/0956797614563108 Study 1a",10.1177/0956797614563108,"Kupor, D. M., Laurin, K., & Levav, J. (2015). Anticipating divine protection? Reminders of god can increase nonmoral risk taking. Psychological science, 26(4), 374–384. https://doi.org/10.1177/0956797614563108",1a,"Gervais, W. M., McKee, S. E., & Malik, S. (2020). Do Religious Primes Increase Risk Taking? Evidence Against “Anticipating Divine Protection” in Two Preregistered Direct Replications of Kupor, Laurin, and Levav (2015). Psychological Science, 31(7), 858-864. https://doi.org/10.1177/0956797620922477 Study 1a",10.1177/0956797620922477,"Gervais, W. M., McKee, S. E., & Malik, S. (2020). Do Religious Primes Increase Risk Taking? Evidence Against “Anticipating Divine Protection” in Two Preregistered Direct Replications of Kupor, Laurin, and Levav (2015). Psychological Science, 31(7), 858-864. https://doi.org/10.1177/0956797620922477",1a,,,0.574,d,0.14,d,,,,,,,,,,,https://osf.io/64ct2/,,,Gervais1a,1,independent,,0,,,,,,,,,,,Failure,https://osf.io/m28xv,,,,,,,,,,,,,,0.025837643,0.493408082,-0.013402385,0.152099645,,,,Psychological science,,,,,,,,,,,,,,,,,,,2015,0.0142265,0.031402345,0.001784273,0.100000909,0.999999743,no signal,inconsistent,no signal - inconsistent,2.156781415,0.131306433
FORRT_21b,,2.0,,1,LK,FORRT,Social Psychology,Implicit God prime increases self-reported risky behaviour,"risk taking, God, religion, risk tolerance",Implicitly priming God using the scrambled-sentence paradigm increases self-reported risk taking,,,,,,"Kaiser, Leonard",45253.0,,The preregistration link was incorrect; it was the OSF link for the OSF folder.,,0.159434182,0.054917001,202,548,"Kupor, D. M., Laurin, K., & Levav, J. (2015). Anticipating divine protection?
Reminders of god can increase nonmoral risk taking. Psychological science,
26(4), 374–384. https://doi.org/10.1177/0956797614563108 Study 1b",10.1177/0956797614563108,"Kupor, D. M., Laurin, K., & Levav, J. (2015). Anticipating divine protection? Reminders of god can increase nonmoral risk taking. Psychological science, 26(4), 374–384. https://doi.org/10.1177/0956797614563108",1b,"Gervais, W. M., McKee, S. E., & Malik, S. (2020). Do Religious Primes Increase Risk Taking? Evidence Against “Anticipating Divine Protection” in Two Preregistered Direct Replications of Kupor, Laurin, and Levav (2015). Psychological Science, 31(7), 858-864. https://doi.org/10.1177/0956797620922477 Study 1b",10.1177/0956797620922477,"Gervais, W. M., McKee, S. E., & Malik, S. (2020). Do Religious Primes Increase Risk Taking? Evidence Against “Anticipating Divine Protection” in Two Preregistered Direct Replications of Kupor, Laurin, and Levav (2015). Psychological Science, 31(7), 858-864. https://doi.org/10.1177/0956797620922477",1b,,,0.323,d,-0.11,d,,,,,,,,,,,https://osf.io/64ct2/,,,Gervais1b,1,independent,,0,,,,,,,,,,,Failure,https://osf.io/m28xv,,,,,,,,,,,,,,0.021864419,0.291078531,-0.028975211,0.138040974,,,,Psychological science,,,,,,,,,,,,,,,,,,,2015,0.004725411,0.023424438,0.001817143,0.199279386,0.982685877,no signal,inconsistent,no signal - inconsistent,2.268448731,0.070888121
soscisubmission6,soscisubmission6,2.0,,1,LK,Individual submissions,Developmental Psychology,Age acquisition effect,"Age of acquisition, Picture naming, word naming, Direct replication, lexical retrieval",The magnitude of the age of acquisition effect I(i.e. early-acquired words are named more quickly than later-acquired words) in lexical retrieval is larger in picture naming than visual word naming.,,,,,No,Mahmoud Elsherif,45015.0,,,,0.632455532,0.321902733,44,96,"Lambon Ralph, M.A., & Ehsan, S. (2006). Age of acquisition effects depend
on the mapping between representations and the frequency of occurrence:
Empirical and computational evidence, Visual Cognition, 13:7-8, 928-948.
https://doi.org/10.1080/13506280544000110",10.1080/13506280544000110,"Lambon Ralph, M.A., & Ehsan, S. (2006). Age of acquisition effects depend on the mapping between representations and the frequency of occurrence: Empirical and computational evidence, Visual Cognition, 13:7-8, 928-948. https://doi.org/10.1080/13506280544000110",,"Catling, J., & Elsherif, M. (2020). The hunt for the age of acquisition effect: It’s in the links! Acta Psychologica, 209, 103138. (Supplementary to compare Study 1 and Study 3)",10.1016/j.actpsy.2020.103138,"Catling, J., & Elsherif, M. (2020). The hunt for the age of acquisition effect: It’s in the links! Acta Psychologica, 209, 103138. https://doi.org/10.1016/j.actpsy.2020.103138 ",Supplementary to compare Study 1 and Study 3,,,0.4,etasq,-0.68,d,,,,,,,,,,,https://osf.io/ar68v/,,2,sosci_4,1,,0,0,,,,,"Lambon Ralph, M.A., & Ehsan, S. (2006). Age of acquisition
 effects depend on the mapping between representations and the frequency of
 occurrence: Empirical and computational evidence, Visual Cognition, 13:7-8, 928-948.
 https://doi.org/10.1080/13506280544000110 
 
 page 937 for Lambon Ralph and Ehsan (2006)
 
 
 Catling, J. C., & Elsherif, M. M. (2020). The hunt for the age of acquisition effect: It's in the links!. Acta Psychologica, 209, 103138. https://doi.org/10.1016/j.actpsy.2020.103138 Supplementary materials in a word document p.11.",,,,,,Success,No,1.0,1.0,1.0,1.0,1.0,1.0,1.0,1.0,1.0,1.0,"The analysis was different, we used general linear mixed model, while the original authors used a by-subject and by-item analysis. Also, we included additional measures to ensure they were not the result any additional measures not controlled. However, they were all matched on these measures as well.",,,0.413149638,0.782424951,0.129793252,0.490719149,,,,Visual Cognition,,,,,,,,,,,,,,,,,,,2006,0.008372093,4.11259E-06,0.008457838,0.001382622,0.999999988,signal,"inconsistent, smaller","signal - inconsistent, smaller",4.773517302,0.156173762
soscisubmission6,soscisubmission6,2.0,,1,LK,Individual submissions,Developmental Psychology,Age acquisition effect,"Age of acquisition, Picture naming, word naming, Direct replication, lexical retrieval",The magnitude of the age of acquisition effect I(i.e. early-acquired words are named more quickly than later-acquired words) in lexical retrieval is larger in picture naming than visual word naming.,,,,,No,Mahmoud Elsherif,45015.0,,,,0.894427191,0.321902733,44,96,"Lambon Ralph, M.A., & Ehsan, S. (2006). Age of acquisition effects depend
on the mapping between representations and the frequency of occurrence:
Empirical and computational evidence, Visual Cognition, 13:7-8, 928-948.
https://doi.org/10.1080/13506280544000110",10.1080/13506280544000110,"Lambon Ralph, M.A., & Ehsan, S. (2006). Age of acquisition effects depend on the mapping between representations and the frequency of occurrence: Empirical and computational evidence, Visual Cognition, 13:7-8, 928-948. https://doi.org/10.1080/13506280544000110",,"Catling, J., & Elsherif, M. (2020). The hunt for the age of acquisition effect: It’s in the links! Acta Psychologica, 209, 103138. (Supplementary to compare Study 1 and Study 3)",10.1016/j.actpsy.2020.103138,"Catling, J., & Elsherif, M. (2020). The hunt for the age of acquisition effect: It’s in the links! Acta Psychologica, 209, 103138. https://doi.org/10.1016/j.actpsy.2020.103138 ",Supplementary to compare Study 1 and Study 3,,,0.8,etasq,-0.68,d,,,,,,,,,,,https://osf.io/ar68v/,,2,sosci_4,1,,0,0,,,,,"Lambon Ralph, M.A., & Ehsan, S. (2006). Age of acquisition
 effects depend on the mapping between representations and the frequency of
 occurrence: Empirical and computational evidence, Visual Cognition, 13:7-8, 928-948.
 https://doi.org/10.1080/13506280544000110 
 
 page 937 for Lambon Ralph and Ehsan (2006)
 
 
 Catling, J. C., & Elsherif, M. M. (2020). The hunt for the age of acquisition effect: It's in the links!. Acta Psychologica, 209, 103138. https://doi.org/10.1016/j.actpsy.2020.103138 Supplementary materials in a word document p.11.",,,,,,Success,No,1.0,1.0,1.0,1.0,1.0,1.0,1.0,1.0,1.0,1.0,"The analysis was different, we used general linear mixed model, while the original authors used a by-subject and by-item analysis. Also, we included additional measures to ensure they were not the result any additional measures not controlled. However, they were all matched on these measures as well.",,,0.813584256,0.94134485,0.129793252,0.490719149,,,,Visual Cognition,,,,,,,,,,,,,,,,,,,2006,0.000930233,2.85352E-16,0.008457838,0.001382622,1,signal,"inconsistent, smaller","signal - inconsistent, smaller",9.243777301,0.156173762
osc2015134,osc2015134,2.0,,1,CD,OSC 2015,,,"Adult, Attitude, Female, Happiness, Humans, Male, Pilot Projects, Quality of Life [psychology], Questionnaires","Is happiness having what you want, wanting what you have, or both?",,,,,only contact author listed as contributor,Seibel,44927.0,,,,0.20996855,0.500179963,119,238,"Larsen, J.T., & McKibban, A.R. (2008). Is happiness having what you want,
wanting what you have, or both? Psychological Science, 19, 371-377.",10.1111/j.1467-9280.2008.02095.x,"Larsen, J.T., & McKibban, A.R. (2008). Is happiness having what you want, wanting what you have, or both? Psychological Science, 19, 371-377. https://doi.org/10.1111/j.1467-9280.2008.02095.x",,"Seibel, L., Vermue, M., van Dooren, R., Kolorz, F. M., Cillessen, L., & Krause, R. W. (2023, September 28). Replication of Larsen & McKibban (Psych Science, 2008, Exp. 2). Retrieved from osf.io/5dx4v",10.1126/science.aac4716,"Open Science Collaboration. (2015). Estimating the reproducibility of psychological science. Science, 349(6251), aac4716. https://doi.org/10.1126/science.aac4716","Seibel, L., Vermue, M., van Dooren, R., Kolorz, F. M., Cillessen, L., & Krause, R. W. (2023, September 28). Replication of Larsen & McKibban (Psych Science, 2008, Exp. 2). Retrieved from osf.io/5dx4v",,,,,,,,,,,,,,,,,https://osf.io/5dx4v/,,,,,,,,,,,,,,,,,,Success,,,,,,,,,,,,,,,0.031150277,0.375762745,0.398355037,0.589826573,1,1,0.948,Psychological Science,,,,,,,,,,,,,,,,,,,2008,0.007743814,0.021910184,0.002372279,1.80102E-16,0.948392646,signal,"inconsistent, larger","signal - inconsistent, larger",2.295571315,0.092847669
Boyce_etal202381,,2.0,,1,Veronica Boyce,Boyce_etal2023,Psychology,,,effects of system threat on attraction to women who embody benevolent sexist ideals,,,,,subfield: social,LR,45429.0,,,,0.43870604,0.42467132,36,39,"Lau, G. P., Kay, A. C., & Spencer, S. J. (2008). Loving those who justify
inequality: the effects of system threat on attraction to women who embody
benevolent sexist ideals. Psychological Science.",10.1111/j.1467-9280.2008.02040.x,"Lau, G. P., Kay, A. C., & Spencer, S. J. (2008). Loving those who justify inequality: the effects of system threat on attraction to women who embody benevolent sexist ideals. Psychological Science.",1.0,"Boyce, V., Mathur, M., & Frank, M. C. (2023). Eleven years of student replication projects provide evidence on the correlates of replicability in psychology. Royal Society Open Science, 10(11), 231240. https://doi.org/10.1098/rsos.231240",10.1098/rsos.231320,"Boyce, V., Mathur, M., & Frank, M. C. (2023). Eleven years of student replication projects provide evidence on the correlates of replicability in psychology. Royal Society Open Science, 10(11), 231240. https://doi.org/10.1098/rsos.231240",,,,,,,,,,,,,,,,,,https://osf.io/xwn9m/,,2,,,0.0,,0,,,"F(1, 34) = 5.89","F(1, 38) = 1.51",,,,,,,Success,,,,,,,,,,,,very close,,,0.128723265,0.670589327,0.126042887,0.652728587,,,,,,,,,,,,,,,,,,,,,,,2008,0.018631886,0.00743864,0.017679819,0.007046103,0.887795856,signal,consistent,signal - consistent,2.703548135,0.174077656
osc2015124,osc2015124,2.0,,1,CD,OSC 2015,,,"Adolescent, Adult, Canada, Cross-Cultural Comparison, Culture, Humans, Male, Politics, Prejudice, Rationalization, Social Change, Social Desirability, Socioeconomic Factors, Stereotyping",Loving those who justify inequality: the effects of system threat on attraction to women who embody benevolent sexist ideals.,,,,,only contact author listed as contributor,Stieger,44927.0,,,,0.384260399,-0.034279559,36,70,"Lau, G.P., Kay, A.C., & Spencer, S.J. (2008). Loving those who justify
inequality: The effects of system threat on attraction to women who embody
benevolent sexist ideals. Psychological Science, 19, 20-21.",10.1111/j.1467-9280.2008.02040.x,"Lau, G.P., Kay, A.C., & Spencer, S.J. (2008). Loving those who justify inequality: The effects of system threat on attraction to women who embody benevolent sexist ideals. Psychological Science, 19, 20-21. https://doi.org/10.1111/j.1467-9280.2008.02040.x",,"Stieger, S., & Kuhlmann, T. (2023, September 28). Replication of GP Lau, AC Kay, SJ Spencer (2008, PS 19(1)). Retrieved from osf.io/fxqsk",10.1126/science.aac4716,"Open Science Collaboration. (2015). Estimating the reproducibility of psychological science. Science, 349(6251), aac4716. https://doi.org/10.1126/science.aac4716","Stieger, S., & Kuhlmann, T. (2023, September 28). Replication of GP Lau, AC Kay, SJ Spencer (2008, PS 19(1)). Retrieved from osf.io/fxqsk",,,,,,,,,,,,,,,,,https://osf.io/fxqsk/,,,,,,,,,,,,,,,,,,Failure,,,,,,,,,,,,,,,0.063775945,0.632897131,-0.267102125,0.202324144,1,0,0.955,Psychological Science,,,,,,,,,,,,,,,,,,,2008,0.020756863,0.020677269,0.014458713,0.778156629,0.954874122,no signal,inconsistent,no signal - inconsistent,2.326826826,0.174077656
Camereretal2018_13,,2.0,,1,LKasseckert,SSRP,Psychology,Cognitive Dissonance,"Social Science Replication Project, Science, Nature, Human Behavior",postdecisional dissonance,,,,,Effect sizes available here: https://osf.io/7286p,Lukas Röseler,45384.0,,,,0.388134241,-0.046322692,40,286,"Lee, S. W., & Schwarz, N. (2010). Washing away postdecisional dissonance.
Science, 328(5979), 709-709.",10.1126/science.1186799,"Lee, S. W., & Schwarz, N. (2010). Washing away postdecisional dissonance. Science, 328(5979), 709-709. https://doi.org/10.1126/science.1186799",,"Camerer, C. F., Dreber, A., Holzmeister, F., Ho, T. H., Huber, J., Johannesson, M., ... & Wu, H. (2018). Evaluating the replicability of social science experiments in Nature and Science between 2010 and 2015. Nature human behaviour, 2(9), 637-644.",10.1038/s41562-018-0399-z,"Camerer, C. F., Dreber, A., Holzmeister, F., Ho, T. H., Huber, J., Johannesson, M., ... & Wu, H. (2018). Evaluating the replicability of social science experiments in Nature and Science between 2010 and 2015. Nature human behaviour, 2(9), 637-644.",,,,,,,,,,,,,,,,,,https://osf.io/pfdyw/,,2,Camereretal2018_13,,,,,,,,,,,,,,,Failure,https://osf.io/sdbdx,,,,,,,,,,,,,,0.087163623,0.624176058,-0.161438786,0.070037045,,,,Science,,,,,,,,,,,,,,,,,,,2010,0.018497397,0.013330429,0.00349373,0.435169581,0.999999927,no signal,inconsistent,no signal - inconsistent,2.491508478,0.164398987
OpenMKT11,OpenMKT11,2.0,,1,LK,openmkt,Marketing,,"Moral values, Fairness, Luxury consumption. Consumption resources, Brand attitude","Unearned luxury consumption will lead to lower brand attitude than earned luxury consumption when consumers' fairness concerns are salient, but less so when fairness concerns are not salient.",,,,,,"Kaiser, Leonard",45158.0,,,,0.1276427,0.04290029,164,401,"Lee, S., Baumgartner, H., & Winterich, K. P. (2018). Did they earn it?
Observing unearned luxury consumption decreases brand attitude when observers
value fairness. Journal of Consumer Psychology, 28(3), 412-436. Study 4",10.1002/jcpy.1028,"Lee, S., Baumgartner, H., & Winterich, K. P. (2018). Did they earn it? Observing unearned luxury consumption decreases brand attitude when observers value fairness. Journal of Consumer Psychology, 28(3), 412-436.",4.0,"O’Donnell, M., Dev, A. S., Antonoplis, S., Baum, S. M., Benedetti, A. H., Brown, N. D., Carrillo, B., Choi, A. L., Connor, P., Donnelly, K., Ellwood-Lowe, M. E., Foushee, R., Jansen, R., Jarvis, S. N., Lundell-Creagh, R., Ocampo, J. M., Okafor, G. N., Azad, Z. R., Rosenblum, M., … Nelson, L. D. (2021). Empirical audit and review and an assessment of evidentiary value in research on the psychological consequences of scarcity. Proceedings of the National Academy of Sciences, 118(44), e2103313118. 
",10.1073/pnas.2103313118,"O’Donnell, M., Dev, A. S., Antonoplis, S., Baum, S. M., Benedetti, A. H., Brown, N. D., Carrillo, B., Choi, A. L., Connor, P., Donnelly, K., Ellwood-Lowe, M. E., Foushee, R., Jansen, R., Jarvis, S. N., Lundell-Creagh, R., Ocampo, J. M., Okafor, G. N., Azad, Z. R., Rosenblum, M., … Nelson, L. D. (2021). Empirical audit and review and an assessment of evidentiary value in research on the psychological consequences of scarcity. Proceedings of the National Academy of Sciences, 118(44), e2103313118. https://doi.org/10.1073/pnas.2103313118",,,,0.1276427,r,0.04290029,r,,,,,,,,,,,https://osf.io/a2e96/,,2,openMKT11,,,,,,,,,,,,,,,OS not significant,,,,,,,,,,,,,,,-0.02611809,0.275503403,-0.055261125,0.140240365,,,,Journal of Consumer Psychology,,,,,,,,,,,,,,,,,,,2018,0.005936688,0.103357329,0.002490806,0.391560745,0.820916364,no signal,OS not significant,no signal - OS not significant,1.628487182,0.078811041
osc201558,osc201558,2.0,,1,CD,OSC 2015,,,"Adult, Affect, Analysis of Variance, Female, Humans, Interpersonal Relations, Male, Models, Psychological, Object Attachment, Questionnaires, Rejection (Psychology), Self Concept, Sexual Partners [psychology], Social Desirability, Social Perception, Spouses [psychology]",Walking on eggshells: How expressing relationship insecurities perpetuates them.,,,,,only contact author listed as contributor,Baranski,44927.0,,,,0.167288593,0.03675175,186,280,"Lemay, E.P., & Clark, M.S. Walking on eggshells: How expressing relationship
insecurities perpetuates them. Journal of Personality and Social Psychology,
95(2), 420-441.",10.1037/0022-3514.95.2.420,"Lemay, E.P., & Clark, M.S. Walking on eggshells: How expressing relationship insecurities perpetuates them. Journal of Personality and Social Psychology, 95(2), 420-441. https://doi.org/10.1037/0022-3514.95.2.420",,"Baranski, E. (2023, September 28). Replication of Lemay and Clark (2008, JPSP 95(2), Exp 5). Retrieved from osf.io/ke43j",10.1126/science.aac4716,"Open Science Collaboration. (2015). Estimating the reproducibility of psychological science. Science, 349(6251), aac4716. https://doi.org/10.1126/science.aac4716","Baranski, E. (2023, September 28). Replication of Lemay and Clark (2008, JPSP 95(2), Exp 5). Retrieved from osf.io/ke43j",,,,,,,,,,,,,,,,,https://osf.io/ke43j/,,,,,,,,,,,,,,,,,,Failure,,,,,,,,,,,,,,,0.023986574,0.303854369,-0.080817865,0.153312709,1,0,0.879,Journal of Personality and Social Psychology,,,,,,,,,,,,,,,,,,,,0.005107093,0.022475244,0.003574554,0.540253122,0.879188637,no signal,inconsistent,no signal - inconsistent,2.284510591,0.073922127
Boyce_etal202383,,2.0,,1,Veronica Boyce,Boyce_etal2023,Psychology,,,"Time metrics matter, connecting present and future selves",,,,,subfield: social,LR,45429.0,,,,0.70775858,0.39144389,122,126,"Lewis Jr, N. A., & Oyserman, D. (2015). When does the future begin? Time
metrics matter, connecting present and future selves. Psychological science,
26(6), 816-825.",10.1177/0956797615572231,"Lewis Jr, N. A., & Oyserman, D. (2015). When does the future begin? Time metrics matter, connecting present and future selves. Psychological science, 26(6), 816-825.",4.0,"Boyce, V., Mathur, M., & Frank, M. C. (2023). Eleven years of student replication projects provide evidence on the correlates of replicability in psychology. Royal Society Open Science, 10(11), 231240. https://doi.org/10.1098/rsos.231240",10.1098/rsos.231322,"Boyce, V., Mathur, M., & Frank, M. C. (2023). Eleven years of student replication projects provide evidence on the correlates of replicability in psychology. Royal Society Open Science, 10(11), 231240. https://doi.org/10.1098/rsos.231240",,,,,,,,,,,,,,,,,,https://osf.io/xwn9m/,,2,,,0.0,,0,,,"F(1,115) = 7.497","F(1, 93) = 0.833",,,,,,,Success,,,,,,,,,,,,very close,,,0.606274099,0.786560855,0.232452092,0.530059618,,,,,,,,,,,,,,,,,,,,,,,2015,0.002058501,7.90999E-20,0.005736178,5.83262E-06,1,signal,"inconsistent, smaller","signal - inconsistent, smaller",9.628884426,0.09166985
Boyce_etal202384,,2.0,,1,Veronica Boyce,Boyce_etal2023,Psychology,,,"Controlling for participants’ viewing distance in large-scale, psychophysical online experiments using a virtual chinrest",,,,,subfield: cognitive,LR,45429.0,,,,0.53846154,0.08582822,793,37,"Li, Q., Joo, S. J., Yeatman, J. D., & Reinecke, K. (2020). Controlling
for participants’ viewing distance in large-scale, psychophysical online
experiments using a virtual chinrest. Scientific reports, 10(1), 1-11.",,"Li, Q., Joo, S. J., Yeatman, J. D., & Reinecke, K. (2020). Controlling for participants’ viewing distance in large-scale, psychophysical online experiments using a virtual chinrest. Scientific reports, 10(1), 1-11.",4.0,"Boyce, V., Mathur, M., & Frank, M. C. (2023). Eleven years of student replication projects provide evidence on the correlates of replicability in psychology. Royal Society Open Science, 10(11), 231240. https://doi.org/10.1098/rsos.231240",10.1098/rsos.231323,"Boyce, V., Mathur, M., & Frank, M. C. (2023). Eleven years of student replication projects provide evidence on the correlates of replicability in psychology. Royal Society Open Science, 10(11), 231240. https://doi.org/10.1098/rsos.231240",,,,,,,,,,,,,,,,,,https://osf.io/xwn9m/,,2,,,0.0,,1,,,"MSE2: m1=1.61(.02),m2=2.66(.06)","MSE2: m1=1.585200(0.0960001),m2=1.893182(0.1916497)",,,,,,,Failure,,,,,,,,,,,,very close,,,0.487102186,0.586109366,-0.245004336,0.398757769,,,,,,,,,,,,,,,,,,,,,,,2020,0.000636596,8.07643E-61,0.027370036,0.613497352,0.971955583,no signal,inconsistent,no signal - inconsistent,16.91999493,0.035578403
Boyce_etal202385,,2.0,,1,Veronica Boyce,Boyce_etal2023,Psychology,,,bidirectional link between visual perspective and action identification level,,,,,subfield: cognitive,LR,45429.0,,,,0.819301772,0.559757356,172,81,"Libby, L. K., Shaeffer, E. M., & Eibach, R. P. (2009). Seeing meaning in
action: a bidirectional link between visual perspective and action identification
level. Journal of Experimental Psychology: General, 138(4), 503.",,"Libby, L. K., Shaeffer, E. M., & Eibach, R. P. (2009). Seeing meaning in action: a bidirectional link between visual perspective and action identification level. Journal of Experimental Psychology: General, 138(4), 503.",5.0,"Boyce, V., Mathur, M., & Frank, M. C. (2023). Eleven years of student replication projects provide evidence on the correlates of replicability in psychology. Royal Society Open Science, 10(11), 231240. https://doi.org/10.1098/rsos.231240",10.1098/rsos.231324,"Boyce, V., Mathur, M., & Frank, M. C. (2023). Eleven years of student replication projects provide evidence on the correlates of replicability in psychology. Royal Society Open Science, 10(11), 231240. https://doi.org/10.1098/rsos.231240",,,,2.857883832,d,1.35099963,d,,,,,,,,,,,https://osf.io/xwn9m/,,2,,,0.0,,0,,,t(10)=4.95,t(10)=2.34,,,,,,,Success,,,,,,,,,,,,very close,,,0.763236956,0.863121204,0.388945973,0.693362174,,,,,,,,,,,,,,,,,,,,,,,2009,0.000632006,6.37366E-43,0.005893975,5.54986E-08,1,signal,"inconsistent, smaller","signal - inconsistent, smaller",15.01096787,0.076923077
soscisubmission10,soscisubmission10,2.0,,1,LK,Individual submissions,Social psychology,color priming,"color red, cognitive performance, intelligence, reasoning,","Reading the word ""red"" before an achievement test reduces test performance as compared to reading the word of a control color",,,,,,"Gnambs, Timo",45018.0,,,,0.342874187,0.114247023,44,104,"Lichtenfeld, S. ,Maier, M. A., Elliot, A. J., & Pekrun, R. (2009 ).The
semantic red effect: Processing the word red undermines intellectual performance
. Journal of Experimental Social Psychology , 45 ,1273 –1276 . https://doi.org/10.1016/j.jesp.2009.06.003
Experiment 2",10.1016/j.jesp.2009.06.003,"Lichtenfeld, S. ,Maier, M. A., Elliot, A. J., & Pekrun, R. (2009 ).The semantic red effect: Processing the word red undermines intellectual performance . Journal of Experimental Social Psychology , 45 ,1273 –1276 . https://doi.org/10.1016/j.jesp.2009.06.003 Experiment 2 https://doi.org/10.1016/j.jesp.2009.06.003",,"Gnambs, T., Kovacs, C., & Stiglbauer, B. (2020). Processing the word red and Intellectual Performance: Four replication attempts. Collabra, 6(1). (Experiment 2)",10.1525/collabra.277,"Gnambs, T., Kovacs, C., & Stiglbauer, B. (2020). Processing the word red and Intellectual Performance: Four replication attempts. Collabra, 6(1). https://doi.org/10.1525/collabra.277",2.0,,,0.73,d,-0.23,d,,,,,,,,,,,https://osf.io/5ckvd,,2,sosci_7,1,,0,0,,,,,"Lichtenfels et al. (2009): recalculated from M & SD on page 1274
 
 Gnambs et al. (2020): Table 1",,,,,,Failure,,2.0,1.0,1.0,2.0,1.0,,2.0,,1.0,2.0,"Little information on the instructions and procedure were provided in the original publication. We followed them as close as possible from the available information.
 
 The original study included only girls, the replication study also included boys. The original study included highschool students, the replication included undergraduates.
 
 The original study was conducted in Germany, the replication study was conducted in Austria.",0.0181092,0.00945695,0.051206233,0.580648798,-0.080103694,0.300229411,1,0,0.975,Journal of Experimental Social Psychology,,,,,,,,,,,,,,,,,,,2009,0.018109199,0.022699821,0.009456948,0.248172494,0.975210881,no signal,inconsistent,no signal - inconsistent,2.288130883,0.156173762
soscisubmission9,soscisubmission9,2.0,,1,LK,Individual submissions,Social psychology,color priming,"red color, cognitive performance, reasoning, intelligence,","Reading the word ""red"" before an achievement test reduces test performance as compared to reading the word of a control color",,,,,,"Gnambs, Timo",45018.0,,,,0.342874187,0.019996001,44,69,"Lichtenfeld, S. ,Maier, M. A., Elliot, A. J., & Pekrun, R. (2009 ).The
semantic red effect: Processing the word red undermines intellectual performance
. Journal of Experimental Social Psychology , 45 ,1273 –1276 . https://doi.org/10.1016/j.jesp.2009.06.003
Experiment 2",10.1016/j.jesp.2009.06.003,"Lichtenfeld, S. ,Maier, M. A., Elliot, A. J., & Pekrun, R. (2009 ).The semantic red effect: Processing the word red undermines intellectual performance . Journal of Experimental Social Psychology , 45 ,1273 –1276 . https://doi.org/10.1016/j.jesp.2009.06.003",2.0,"Gnambs, T., Kovacs, C., & Stiglbauer, B. (2020). Processing the word red and Intellectual Performance: Four replication attempts. Collabra, 6(1).",10.1525/collabra.277,"Gnambs, T., Kovacs, C., & Stiglbauer, B. (2020). Processing the word red and Intellectual Performance: Four replication attempts. Collabra, 6(1). https://doi.org/10.1525/collabra.277",,,,0.73,d,0.04,d,,,,,,,,,,,https://osf.io/5ckvd,,2,sosci_6,1,,1,0,,,,,"Lichtenfels et al. (2009): recalculated from M & SD on page 1274
 
 Gnambs et al. (2020): Table 1",,,,,,Failure,,2.0,1.0,1.0,2.0,1.0,,2.0,,1.0,2.0,"Little information on the instructions and procedure were provided in the original publication. We followed them as close as possible from the available information.
 
 The original study included only girls, the replication study also included boys.
 
 The original study was conducted in Germany, the replication study was conducted in Austria.",0.0181092,0.01469412,0.051206233,0.580648798,-0.217715066,0.255467652,1,0,0.9,Journal of Experimental Social Psychology,,,,,,,,,,,,,,,,,,,2009,0.018109199,0.022699821,0.014694125,0.870454594,0.899621767,no signal,inconsistent,no signal - inconsistent,2.288130883,0.156173762
osc20153,osc20153,2.0,,1,LK,OSC 2015,,Task Switching,"Attention, Color Perception, Decision Making, Discrimination Learning, Functional Laterality, Humans, Memory, Short-Term, Pattern Recognition, Visual, Perceptual Masking, Psychomotor Performance, Psychophysics, Reaction Time, Size Perception",Working memory costs of task switching.,,,,,only contact author listed as contributor,Plessow,44927.0,,,,0.424979665,-0.215243835,25,32,"Liefooghe, B., Barrouillet, P., Vandierendonck, A., & Camos, V. (2008).
Working memory costs of task switching. Journal of Experimental Psychology:
Learning, Memory, and Cognition, 34(3), 478-494. doi: 10.1037/0278-7393.34.3.478",10.1037/0278-7393.34.3.478,"Liefooghe, B., Barrouillet, P., Vandierendonck, A., & Camos, V. (2008). Working memory costs of task switching. Journal of Experimental Psychology: Learning, Memory, and Cognition, 34(3), 478-494. https://doi.org/10.1037/0278-7393.34.3.478",,"Plessow, F., Möschl, M., & Pavel, M. (2023, September 28). Replication of Liefooghe, Barrouillet, Vandierendonck, & Camos (2008, JEPLMC, Experiment 4). Retrieved from osf.io/4dvzb",10.1126/science.aac4716,"Open Science Collaboration. (2015). Estimating the reproducibility of psychological science. Science, 349(6251), aac4716. https://doi.org/10.1126/science.aac4716","Plessow, F., Möschl, M., & Pavel, M. (2023, September 28). Replication of Liefooghe, Barrouillet, Vandierendonck, & Camos (2008, JEPLMC, Experiment 4). Retrieved from osf.io/4dvzb",,,,,,,,,,,,,,,,,https://osf.io/4dvzb/,,1,,,,,,,,,,,,,,,,Failure,,,,,,,,,,,,,,,0.035872584,0.70219599,-0.524566846,0.144278875,1,0,0.799,Journal of Experimental Psychology,,,,,,,,,,,,,,,,,,,2008,0.027975155,0.034201884,0.029338279,0.23677375,0.798796964,no signal,inconsistent,no signal - inconsistent,2.128293546,0.213200716
Boyce_etal202386,,2.0,,1,Veronica Boyce,Boyce_etal2023,Psychology,,smartphone vision science,Inferring whether officials are corruptible from looking at their faces,,,,,subfield: social,LR,45429.0,,,,0.381300704,0.283597733,82,19,"Lin, C., Adolphs, R., & Alvarez, R. M. (2018). Inferring whether officials
are corruptible from looking at their faces. Psychological science, 29(11),
1807-1823.",10.1177/0956797618788882,"Lin, C., Adolphs, R., & Alvarez, R. M. (2018). Inferring whether officials are corruptible from looking at their faces. Psychological science, 29(11), 1807-1823.",1.0,"Boyce, V., Mathur, M., & Frank, M. C. (2023). Eleven years of student replication projects provide evidence on the correlates of replicability in psychology. Royal Society Open Science, 10(11), 231240. https://doi.org/10.1098/rsos.231240",10.1098/rsos.231325,"Boyce, V., Mathur, M., & Frank, M. C. (2023). Eleven years of student replication projects provide evidence on the correlates of replicability in psychology. Royal Society Open Science, 10(11), 231240. https://doi.org/10.1098/rsos.231240",,,,0.8249235,d,0.591479645,d,,,,,,,,,,,https://osf.io/xwn9m/,,2,,,1.0,,0,,,t(81)=7.47,t(18)=2.5782,,,,,,,Failure,,,,,,,,,,,,close,,,0.179114393,0.552584262,-0.195837977,0.653613309,,,,,,,,,,,,,,,,,,,,,,,1823,0.009016764,0.000408798,0.046978515,0.239353965,0.502977299,no signal,consistent,no signal - consistent,3.569327822,0.11250879
Boyce_etal202387,,2.0,,1,Veronica Boyce,Boyce_etal2023,Psychology,,,Object persistence enhances spatial navigation,,,,,subfield: cognitive,LR,45429.0,,,,0.23244618,0.08304878,18,19,"Liverence, B. M., & Scholl, B. J. (2015). Object persistence enhances spatial
navigation: A case study in smartphone vision science. Psychological Science,
26(7), 955-963.",10.1177/0956797614547705,"Liverence, B. M., & Scholl, B. J. (2015). Object persistence enhances spatial navigation: A case study in smartphone vision science. Psychological Science, 26(7), 955-963.",1.0,"Boyce, V., Mathur, M., & Frank, M. C. (2023). Eleven years of student replication projects provide evidence on the correlates of replicability in psychology. Royal Society Open Science, 10(11), 231240. https://doi.org/10.1098/rsos.231240",10.1098/rsos.231326,"Boyce, V., Mathur, M., & Frank, M. C. (2023). Eleven years of student replication projects provide evidence on the correlates of replicability in psychology. Royal Society Open Science, 10(11), 231240. https://doi.org/10.1098/rsos.231240",,,,,,,,,,,,,,,,,,https://osf.io/xwn9m/,,2,,,1.0,,0,,,t(17) = 5.22,t(18) = 0.96,,,,,,,OS not significant,,,,,,,,,,,,very close,,,-0.26296099,0.630854552,-0.38571008,0.517728555,,,,,,,,,,,,,,,,,,,,,,,2015,0.052638642,0.353309808,0.054791854,0.735355685,0.251969753,no signal,OS not significant,no signal - OS not significant,0.917021056,0.25819889
Boyce_etal202388,,2.0,,1,Veronica Boyce,Boyce_etal2023,Psychology,,,impact of race and interpersonal dominance on perceptions of female leaders,,,,,subfield: social,LR,45429.0,,,,0.21832912,0.06286993,84,131,"Livingston, R. W., Rosette, A. S., & Washington, E. F. (2012). Can an agentic
Black woman get ahead? The impact of race and interpersonal dominance on
perceptions of female leaders. Psychological science, 23(4), 354-358.",10.1177/0956797611428079,"Livingston, R. W., Rosette, A. S., & Washington, E. F. (2012). Can an agentic Black woman get ahead? The impact of race and interpersonal dominance on perceptions of female leaders. Psychological science, 23(4), 354-358.",1.0,"Boyce, V., Mathur, M., & Frank, M. C. (2023). Eleven years of student replication projects provide evidence on the correlates of replicability in psychology. Royal Society Open Science, 10(11), 231240. https://doi.org/10.1098/rsos.231240",10.1098/rsos.231327,"Boyce, V., Mathur, M., & Frank, M. C. (2023). Eleven years of student replication projects provide evidence on the correlates of replicability in psychology. Royal Society Open Science, 10(11), 231240. https://doi.org/10.1098/rsos.231240",,,,,,,,,,,,,,,,,,https://osf.io/xwn9m/,,2,,,0.0,,0,,,"F(1, 76) = 11.53",t(123)=-.627,,,,,,,Failure,,,,,,,,,,,,very close,,,0.004127122,0.413374763,-0.109840058,0.231894719,,,,,,,,,,,,,,,,,,,,,,,2012,0.010926952,0.046023667,0.007631618,0.475605165,0.809349684,no signal,consistent,no signal - consistent,1.997108293,0.111111111
Boyce_etal202391,,2.0,,1,Veronica Boyce,Boyce_etal2023,Psychology,,,Challenging moral attitudes with moral messages,,,,,subfield: social,LR,45429.0,,,,0.34621014,-0.02415167,415,46,"Luttrell, A., Philipp-Muller, A., & Petty, R. E. (2019). Challenging moral
attitudes with moral messages. Psychological Science, 30(8), 1136-1150.",10.1177/0956797619854706,"Luttrell, A., Philipp-Muller, A., & Petty, R. E. (2019). Challenging moral attitudes with moral messages. Psychological Science, 30(8), 1136-1150.",1.0,"Boyce, V., Mathur, M., & Frank, M. C. (2023). Eleven years of student replication projects provide evidence on the correlates of replicability in psychology. Royal Society Open Science, 10(11), 231240. https://doi.org/10.1098/rsos.231240",10.1098/rsos.231330,"Boyce, V., Mathur, M., & Frank, M. C. (2023). Eleven years of student replication projects provide evidence on the correlates of replicability in psychology. Royal Society Open Science, 10(11), 231240. https://doi.org/10.1098/rsos.231240",,,,,,,,,,,,,,,,,,https://osf.io/xwn9m/,,2,,,0.0,,0,,,t(410) = -3.34,t(41) = -0.029,,,,,,,Failure,,,,,,,,,,,,close,,,0.258565784,0.428201109,-0.312260399,0.26802555,,,,,,,,,,,,,,,,,,,,,,,2019,0.00187112,3.95166E-13,0.022196305,0.873416965,0.773241139,no signal,inconsistent,no signal - inconsistent,7.330165164,0.049266464
osc201580,osc201580,2.0,,1,CD,OSC 2015,,,"Adult, Attitude, Behavior [physiology], Decision Making [physiology], Female, Goals, Humans, Self Concept, Set (Psychology), Students [psychology], Task Performance and Analysis",The effects of an implemental mind-set on attitude strength.,,,,,only contact author listed as contributor,Lane,44927.0,,,,0.259958534,0.15539539,46,70,"MD Henderson, Y de Liver, PM Gollwitzer (2008). The effects of an implemental
mind-set on attitude strength. Journal of Personality and Social Psychology,
94.3: 396-411.",10.1037/0022-3514.94.3.396,"MD Henderson, Y de Liver, PM Gollwitzer (2008). The effects of an implemental mind-set on attitude strength. Journal of Personality and Social Psychology, 94.3: 396-411. https://doi.org/10.1037/0022-3514.94.3.396",,"Lane, K. A., & Gazarian, D. (2016, August 19). Replication of Henderson, de Liver, & Gollwitzer (2008, JPSP, Expt. 5). Retrieved from osf.io/79dey",10.1126/science.aac4716,"Open Science Collaboration. (2015). Estimating the reproducibility of psychological science. Science, 349(6251), aac4716. https://doi.org/10.1126/science.aac4716","Lane, K. A., & Gazarian, D. (2016, August 19). Replication of Henderson, de Liver, & Gollwitzer (2008, JPSP, Expt. 5). Retrieved from osf.io/79dey",,,,,,,,,,,,,,,,,https://osf.io/79dey/,,,,,,,,,,,,,,,,,,OS not significant,,,,,,,,,,,,,,,-0.032815983,0.511645052,-0.082594476,0.37661764,0,0,0.709,Journal of Personality and Social Psychology,,,,,,,,,,,,,,,,,,,2008,0.019320221,0.081030484,0.01380127,0.198952879,0.708517913,no signal,OS not significant,no signal - OS not significant,1.744697898,0.15249857
osc201527,osc201527,2.0,,1,CD,OSC 2015,,,"Adolescent, Adult, Attention, Decision Making, Discrimination Learning, Female, Humans, Male, Mental Recall, Phonetics, Reaction Time, Reading, Semantics",On the additive effects of stimulus quality and word frequency in lexical decision: Evidence for opposing interactive influences revealed by RT distributional analyses.,,,,,only contact author listed as contributor,Chartier,44927.0,,,,0.378068955,0.379573968,32,71,"MJ Yap, DA Balota, CS Tse, D Besner. (2008) On the additive effects of
stimulus quality and word frequency in lexical decision: evidence for opposing
interactive influences revealed by RT distributional analyses. Journal
of Experimental Psychology: Learning, Memory, and Cognition, 34(3), 495-513.",10.1037/0278-7393.34.3.495,"MJ Yap, DA Balota, CS Tse, D Besner. (2008) On the additive effects of stimulus quality and word frequency in lexical decision: evidence for opposing interactive influences revealed by RT distributional analyses. Journal of Experimental Psychology: Learning, Memory, and Cognition, 34(3), 495-513. https://doi.org/10.1037/0278-7393.34.3.495",,"Chartier, C. R., & Nervi, T. (2023, September 28). Replication of MJ Yap, DA Balota, CS Tse, D Besner (2008, JEPLMC 34(3), Exp 4). Retrieved from osf.io/ahpik ",10.1126/science.aac4716,"Open Science Collaboration. (2015). Estimating the reproducibility of psychological science. Science, 349(6251), aac4716. https://doi.org/10.1126/science.aac4716","Chartier, C. R., & Nervi, T. (2023, September 28). Replication of MJ Yap, DA Balota, CS Tse, D Besner (2008, JEPLMC 34(3), Exp 4). Retrieved from osf.io/ahpik ",,,,,,,,,,,,,,,,,https://osf.io/ahpik/,,,,,,,,,,,,,,,,,,Success,,,,,,,,,,,,,,,0.033835536,0.642112942,0.16048187,0.56301898,1,1,0.951,Journal of Experimental Psychology,,,,,,,,,,,,,,,,,,,2008,0.023695434,0.03288402,0.010465789,0.001095886,0.951386954,signal,consistent,signal - consistent,2.142243504,0.185695338
XPHI3,,2.0,,1,LKasseckert,XPHI,Experimental Philosophy,,experimental philosophy,Westerners are more likely than East Asians to report intuitions that are consistent with the causal-historical view,,,,,,"Sprenger, Colombo, Romero & Van Dongen",45331.0,,added study numbers in original ref,,0.29,0,72,181,"Machery, E., Mallon, R., Nichols, S., & Stich, S. P. (2004). Semantics,
cross-cultural style. Cognition, 92(3), B1-B12.",10.003,"Machery, E., Mallon, R., Nichols, S., & Stich, S. P. (2004). Semantics, cross-cultural style. Cognition, 92(3), B1-B12. https://doi.org/10.1016/j.cognition.2003.10.003",1+2,"Cova, F., Strickland, B., Abatista, A., Allard, A., Andow, J., Attie, M., ... & Zhou, X. (2021). Estimating the reproducibility of experimental philosophy. Review of Philosophy and Psychology, 12, 9-44.",10.1007/s13164-018-0400-9,"Cova, F., Strickland, B., Abatista, A., Allard, A., Andow, J., Attie, M., ... & Zhou, X. (2021). Estimating the reproducibility of experimental philosophy. Review of Philosophy and Psychology, 12, 9-44. https://doi.org/10.1007/s13164-018-0400-9",,,,,,,,,,,,,,,,,,osf.io/qdekc/,,2,,,,,,,,t(70) = -2.55 p < .05,"t(179) = 0.004, p =.99",,,,,,,Failure,,,,,,,,,,,,,,,0.062532628,0.488827245,-0.145857755,0.145857755,,,,Cognition,,,,,,,,,,,,,,,,,,,2004,0.01181511,0.013472966,0.005555556,1,0.990600694,no signal,inconsistent,no signal - inconsistent,2.48007765,0.120385853
Boyce_etal202392,,2.0,,1,Veronica Boyce,Boyce_etal2023,Psychology,,,Realistic threat explains negativity toward Asian Americans,,,,,subfield: social,LR,45429.0,,,,0.96917388,0.60910844,40,77,"Maddux, W. W., Galinsky, A. D., Cuddy, A. J., & Polifroni, M. (2008). When
being a model minority is good... and bad: Realistic threat explains negativity
toward Asian Americans. Personality and Social Psychology Bulletin, 34(1),
74-89.",10.1177/0146167207309195,"Maddux, W. W., Galinsky, A. D., Cuddy, A. J., & Polifroni, M. (2008). When being a model minority is good... and bad: Realistic threat explains negativity toward Asian Americans. Personality and Social Psychology Bulletin, 34(1), 74-89.",3.0,"Boyce, V., Mathur, M., & Frank, M. C. (2023). Eleven years of student replication projects provide evidence on the correlates of replicability in psychology. Royal Society Open Science, 10(11), 231240. https://doi.org/10.1098/rsos.231240",10.1098/rsos.231331,"Boyce, V., Mathur, M., & Frank, M. C. (2023). Eleven years of student replication projects provide evidence on the correlates of replicability in psychology. Royal Society Open Science, 10(11), 231240. https://doi.org/10.1098/rsos.231240",,,,,,,,,,,,,,,,,,https://osf.io/xwn9m/,,2,,,0.0,,0,,,"MSD2: m1=62.11(22.91), m2=78.57(17.90)","MSD2: m1 = 71.2 (17.4), m2= 79.9 (17.5)",,,,,,,Success,,,,,,,,,,,,far,,,0.942086902,0.983698144,0.445972471,0.733075667,,,,,,,,,,,,,,,,,,,,,,,2008,9.44803E-05,1.00681E-24,0.005205586,4.15174E-09,1,signal,"inconsistent, smaller","signal - inconsistent, smaller",12.64304321,0.164398987
OpenMKT10,OpenMKT10,2.0,,1,LK,openmkt,Marketing,,Anchoring; Packaging; Food consumption,The effect of product units displayed on the package on the serving size,,,,,,"Kaiser, Leonard",45143.0,,,,0.348,0.054,37,823,"Madzharov, a V., and Block, L. G. (2010). Effects of product unit image
on consumption of snack foods. J. Consum. Psychol. 20, 398–409. doi: 10.1016/j.jcps.2010.06.007
Study 1a",10.06.007,"Madzharov, a V., and Block, L. G. (2010). Effects of product unit image on consumption of snack foods. J. Consum. Psychol. 20, 398–409. https://doi.org/10.1016/j.jcps.2010.06.007",1a,"Motoki, K., & Iseki, S. (2022). Evaluating replicability of ten influential research on sensory marketing. Frontiers in Communication, 7, 1048896.",10.3389/fcomm.2022.1048896,"Motoki, K., & Iseki, S. (2022). Evaluating replicability of ten influential research on sensory marketing. Frontiers in Communication, 7, 1048896. https://doi.org/10.3389/fcomm.2022.1048896",,,,0.348,r,0.054,r,,,,,,,,,,,https://osf.io/tnmvq/,,2,openMKT10,,,,,,,,,,,,,,,Failure,,,,,,,,,,,,,,,0.02702873,0.603921629,-0.014391338,0.121888429,,,,Journal of Consumer Psychology,,,,,,,,,,,,,,,,,,,2010,0.021457172,0.034804889,0.00120946,0.121640186,1,no signal,inconsistent,no signal - inconsistent,2.117605603,0.171498585
OpenMKT10,OpenMKT10,2.0,,1,LK,openmkt,Marketing,,Anchoring; Packaging; Food consumption,The effect of product units displayed on the package on perceived product quantity,,,,,,"Kaiser, Leonard",45143.0,,,,0.407,0.026,37,823,"Madzharov, a V., and Block, L. G. (2010). Effects of product unit image
on consumption of snack foods. J. Consum. Psychol. 20, 398–409. doi: 10.1016/j.jcps.2010.06.007
Study 1a",10.06.007,"Madzharov, a V., and Block, L. G. (2010). Effects of product unit image on consumption of snack foods. J. Consum. Psychol. 20, 398–409. https://doi.org/10.1016/j.jcps.2010.06.007",1a,"Motoki, K., & Iseki, S. (2022). Evaluating replicability of ten influential research on sensory marketing. Frontiers in Communication, 7, 1048896.",10.3389/fcomm.2022.1048896,"Motoki, K., & Iseki, S. (2022). Evaluating replicability of ten influential research on sensory marketing. Frontiers in Communication, 7, 1048896. https://doi.org/10.3389/fcomm.2022.1048896",,,,0.407,r,0.026,r,,,,,,,,,,,https://osf.io/tnmvq/,,2,openMKT10,,,,,,,,,,,,,,,Failure,,,,,,,,,,,,,,,0.095586554,0.645847396,-0.04241359,0.094170907,,,,Journal of Consumer Psychology,,,,,,,,,,,,,,,,,,,2010,0.019337266,0.012419267,0.001214901,0.456344483,1,no signal,inconsistent,no signal - inconsistent,2.519031447,0.171498585
soscisubmission54,,2.0,,1,LK,Individual submissions,Social Psychology,Disease Threat and Out-Group Categorization,"pathogen avoidance, germ aversion, social categorization, ageism, minimal group","Concerns about disease, pathogens, germs can bias people toward categorizing social targets as members of an unfamiliar out-group",,,,,,"Zaneva, Mirela",45274.0,,,,0.31622777,0.109544512,44,489,"Makhanova, A., Miller, S. L., & Maner, J. K. (2015). Germs and the out-group:
Chronic and situational disease concerns affect intergroup categorization.
Evolutionary Behavioral Sciences, 9(1), 8–19. Study 2",10.1037/ebs0000028,"Makhanova, A., Miller, S. L., & Maner, J. K. (2015). Germs and the out-group: Chronic and situational disease concerns affect intergroup categorization. Evolutionary Behavioral Sciences, 9(1), 8–19.",2.0,"Makhanova, A., Eubanks, A. D., & Maner, J. K. (2023). Does pathogen avoidance affect intergroup categorization? Replication of Makhanova, Miller, and Maner (2015). Evolutionary Behavioral Sciences, 17(2), 171–186.",10.1037/ebs0000279,"Makhanova, A., Eubanks, A. D., & Maner, J. K. (2023). Does pathogen avoidance affect intergroup categorization? Replication of Makhanova, Miller, and Maner (2015). Evolutionary Behavioral Sciences, 17(2), 171–186. https://doi.org/10.1037/ebs0000279",,,,,etasq,0.012,etasq,,,,,,,,,,,,,2,sosci_24,1,,1,1,,,"F(1, 38) = 4.31, p = .045","F(1, 485) = 5.87, p = .016","Sample size original study: Method section, Participants sub-section, p 14
 Test statistic and partial eta squared from original study: Result section, end of first paragraph, p 14
 
 Sample size replicated study: p. 175, Method section, Participants sub-section
 Test statistic and partial eta squared from original study: p. 176, Results section, Replication analyses sub-section, end of first paragraph
 
 These results are for their three-way interaction between target type, germ aversion, and priming condition.",,,,,,Success,,2.0,2.0,2.0,2.0,2.0,2.0,2.0,2.0,2.0,2.0,"Original study used a news article about the H1N1 influence virus to experimentally increase pathogen avoidance , whereas the replication study used an article about the Covid-19 virus",,,0.02135196,0.560488465,0.021076978,0.196309909,1,1,1,Evolutionary Behavioral Sciences,,,,,,,,,,,,,,,,,,,2015,0.018837209,0.036507491,0.002000295,0.015372035,0.999999988,signal,"inconsistent, smaller","signal - inconsistent, smaller",2.096704022,0.156173762
osc201537,osc201537,2.0,,1,CD,OSC 2015,,,"Adolescent, Adult, Attention, Color Perception, Cues, Discrimination Learning, Female, Humans, Inhibition (Psychology), Male, Memory, Short-Term, Orientation, Pattern Recognition, Visual, Psychophysics, Reaction Time, Retention (Psychology)",Orienting attention in visual working memory reduces interference from memory probes.,,,,,only contact author listed as contributor,Moore,44927.0,,,,0.551178255,0.349791589,12,18,"Makovski, Tal; Sussman, Rachel; Jiang, Yuhong V. (2008). Orienting attention
in visual working memory reduces interference from memory probes. Journal
of Experimental Psychology: Learning, Memory, and Cognition, 34.2: 369-380.",10.1037/0278-7393.34.2.369,"Makovski, Tal; Sussman, Rachel; Jiang, Yuhong V. (2008). Orienting attention in visual working memory reduces interference from memory probes. Journal of Experimental Psychology: Learning, Memory, and Cognition, 34.2: 369-380. https://doi.org/10.1037/0278-7393.34.2.369",,"Moore, K. (2023, September 28). Replication of Makovski, Sussman, & Jiang (2008, JEP:LMC). Retrieved from osf.io/0pxro",10.1126/science.aac4716,"Open Science Collaboration. (2015). Estimating the reproducibility of psychological science. Science, 349(6251), aac4716. https://doi.org/10.1126/science.aac4716","Moore, K. (2023, September 28). Replication of Makovski, Sussman, & Jiang (2008, JEP:LMC). Retrieved from osf.io/0pxro",,,,,,,,,,,,,,,,,https://osf.io/0pxro/,,,,,,,,,,,,,,,,,,OS not significant,,,,,,,,,,,,,,,-0.033236941,0.854714723,-0.139930077,0.702017184,0,0,0.795,Journal of Experimental Psychology,,,,,,,,,,,,,,,,,,,2008,0.044063451,0.063242386,0.045309543,0.154759876,0.794861001,no signal,OS not significant,no signal - OS not significant,1.860216422,0.333333333
Boyce_etal202393,,2.0,,1,Veronica Boyce,Boyce_etal2023,Psychology,,,Poverty impedes cognitive function,,,,,subfield: non-psych,LR,45429.0,,,,0.2196994,-0.01023518,101,45,"Mani, A., Mullainathan, S., Shafir, E., & Zhao, J. (2013). Poverty impedes
cognitive function. science, 341(6149), 976-980.",10.1126/science.1238041,"Mani, A., Mullainathan, S., Shafir, E., & Zhao, J. (2013). Poverty impedes cognitive function. science, 341(6149), 976-980.",1.0,"Boyce, V., Mathur, M., & Frank, M. C. (2023). Eleven years of student replication projects provide evidence on the correlates of replicability in psychology. Royal Society Open Science, 10(11), 231240. https://doi.org/10.1098/rsos.231240",10.1098/rsos.231332,"Boyce, V., Mathur, M., & Frank, M. C. (2023). Eleven years of student replication projects provide evidence on the correlates of replicability in psychology. Royal Society Open Science, 10(11), 231240. https://doi.org/10.1098/rsos.231240",,,,,,,,,,,,,,,,,,https://osf.io/xwn9m/,,2,,,0.0,,0,,,"F(1,97) = 7.86","F(1,41)=1.268",,,,,,,Failure,,,,,,,,,,,,very close,,,0.02534855,0.39804735,-0.30285919,0.284152432,,,,,,,,,,,,,,,,,,,,,,,2013,0.009057941,0.02727816,0.022722511,0.946797233,0.428521995,no signal,consistent,no signal - consistent,2.210955594,0.101015254
Boyce_etal202394,,2.0,,1,Veronica Boyce,Boyce_etal2023,Psychology,,"gender inclusivity, web design",Learning via active and passive hypothesis testing,,,,,subfield: cognitive,LR,45429.0,,,,0.230560098,0.325495259,30,48,"Markant, D. B., & Gureckis, T. M. (2014). Is it better to select or to
receive? Learning via active and passive hypothesis testing. Journal of
Experimental Psychology: General, 143(1), 94.",,"Markant, D. B., & Gureckis, T. M. (2014). Is it better to select or to receive? Learning via active and passive hypothesis testing. Journal of Experimental Psychology: General, 143(1), 94.",1.0,"Boyce, V., Mathur, M., & Frank, M. C. (2023). Eleven years of student replication projects provide evidence on the correlates of replicability in psychology. Royal Society Open Science, 10(11), 231240. https://doi.org/10.1098/rsos.231240",10.1098/rsos.231333,"Boyce, V., Mathur, M., & Frank, M. C. (2023). Eleven years of student replication projects provide evidence on the correlates of replicability in psychology. Royal Society Open Science, 10(11), 231240. https://doi.org/10.1098/rsos.231240",,,,0.473887636,d,0.68848276,d,,,,,,,,,,,https://osf.io/xwn9m/,,2,,,0.0,,0,,,t(57)=1.82,t(45)=2.36,,,,,,,OS not significant,,,,,,,,,,,,close,,,-0.141459254,0.545516683,0.045575597,0.558021609,,,,,,,,,,,,,,,,,,,,,,,2014,0.030914133,0.220286359,0.017007031,0.023975646,0.479104464,signal,OS not significant,signal - OS not significant,1.219957497,0.19245009
osc201512,osc201512,2.0,,1,CD,OSC 2015,,,"Attention, Humans, Mental Recall, Phonetics, Psychoacoustics, Semantics, Serial Learning, Speech Perception, Verbal Learning",When does between-sequence phonological similarity promote irrelevant sound disruption?,,,,,only contact author listed as contributor,Bell,44927.0,,,,0.178477629,0.08323764,48,118,"Marsh, J.E., Vachon, F., & Jones, D.M. (2008). When does between-sequence
phonological similarity promote irrelevant sound disruption? Journal of
Experimental Psychology: Learning, Memory, and Cognition, 34(1), 243-248.",10.1037/0278-7393.34.1.243,"Marsh, J.E., Vachon, F., & Jones, D.M. (2008). When does between-sequence phonological similarity promote irrelevant sound disruption? Journal of Experimental Psychology: Learning, Memory, and Cognition, 34(1), 243-248. https://doi.org/10.1037/0278-7393.34.1.243",,"Ricker, A. A., & Saide, A. (2023, September 28). Replication of JI Campbell, ND Robert (2008, JEPLMC 34(3), Exp 3). Retrieved from osf.io/gxvd3",10.1126/science.aac4716,"Open Science Collaboration. (2015). Estimating the reproducibility of psychological science. Science, 349(6251), aac4716. https://doi.org/10.1126/science.aac4716","Ricker, A. A., & Saide, A. (2023, September 28). Replication of JI Campbell, ND Robert (2008, JEPLMC 34(3), Exp 3). Retrieved from osf.io/gxvd3",,,,,,,,,,,,,,,,,"Ricker, A. A., & Saide, A. (2016, August 19). Replication of JI Campbell, ND Robert (2008, JEPLMC 34(3), Exp 3). Retrieved from osf.io/gxvd3 ",,1,,,,,,,,,,,,,,,,OS not significant,,,,,,,,,,,,,,,-0.111301348,0.440284745,-0.099011442,0.260083781,0,0,0.617,Journal of Experimental Psychology,,,,,,,,,,,,,,,,,,,2008,0.019942684,0.22485909,0.008428983,0.370186921,0.61729274,no signal,OS not significant,no signal - OS not significant,1.210225631,0.149071198
osc2015118,osc2015118,2.0,,1,CD,OSC 2015,,,"Adult, Association, Attention [physiology], Beverages, Blood Glucose [metabolism], Brain [physiology], Female, Humans, Inhibition (Psychology), Interpersonal Relations, Intuition [physiology], Judgment [physiology], Logic, Male, Motivation, Physical Exertion [physiology], Problem Solving [physiology], Set (Psychology)","Toward a physiology of dual-process reasoning and judgment: lemonade, willpower, and expensive rule-based analysis.",,,,,only contact author listed as contributor,Osborne,44927.0,,,,0.21368683,-0.048918238,115,166,"Masicampo, E.J., & Baumeister, R.F. (2008). Toward a physiology of dual-process
reasoning and judgment: Lemonade, willpower, and expensive rule-based analysis.
Psychological Science, 19(3), 255-260.",10.1111/j.1467-9280.2008.02077.x,"Masicampo, E.J., & Baumeister, R.F. (2008). Toward a physiology of dual-process reasoning and judgment: Lemonade, willpower, and expensive rule-based analysis. Psychological Science, 19(3), 255-260. https://doi.org/10.1111/j.1467-9280.2008.02077.x",,"Osborne, C., Vuu, G., & Henninger, F. (2023, September 28). Replication of EJ Masicampo, RF Baumeister (2008, PS 19(3)). Retrieved from osf.io/3h29d",10.1126/science.aac4716,"Open Science Collaboration. (2015). Estimating the reproducibility of psychological science. Science, 349(6251), aac4716. https://doi.org/10.1126/science.aac4716","Osborne, C., Vuu, G., & Henninger, F. (2023, September 28). Replication of EJ Masicampo, RF Baumeister (2008, PS 19(3)). Retrieved from osf.io/3h29d",,,,,,,,,,,,,,,,,https://osf.io/3h29d/,,,,,,,,,,,,,,,,,,Failure,,,,,,,,,,,,,,,0.031821476,0.381855932,-0.199751335,0.104179539,1,0,0.872,Psychological Science,,,,,,,,,,,,,,,,,,,2008,0.007989131,0.021844797,0.006031635,0.531393811,0.871716743,no signal,inconsistent,no signal - inconsistent,2.296844575,0.094491118
OpenMKT15,OpenMKT15,2.0,,1,LK,openmkt,Marketing,,"creativity, innovativeness, product use, scarcity, abundance, resource constraints",Participants who encounter scarcity salience in a prior unrelated context would be more likely to use the provided products in novel but appropriate ways to solve the given task.,,,,,,"Kaiser, Leonard",45158.0,,,,0.2545049,0.09189366,88,225,"Mehta, R., & Zhu, M. (2016). Creating when you have less: The impact of
resource scarcity on product use creativity. Journal of Consumer Research,
42(5), 767-782. Study 2",10.1093/jcr/ucv051,"Mehta, R., & Zhu, M. (2016). Creating when you have less: The impact of resource scarcity on product use creativity. Journal of Consumer Research, 42(5), 767-782.",2.0,"O’Donnell, M., Dev, A. S., Antonoplis, S., Baum, S. M., Benedetti, A. H., Brown, N. D., Carrillo, B., Choi, A. L., Connor, P., Donnelly, K., Ellwood-Lowe, M. E., Foushee, R., Jansen, R., Jarvis, S. N., Lundell-Creagh, R., Ocampo, J. M., Okafor, G. N., Azad, Z. R., Rosenblum, M., … Nelson, L. D. (2021). Empirical audit and review and an assessment of evidentiary value in research on the psychological consequences of scarcity. Proceedings of the National Academy of Sciences, 118(44), e2103313118. 
",10.1073/pnas.2103313118,"O’Donnell, M., Dev, A. S., Antonoplis, S., Baum, S. M., Benedetti, A. H., Brown, N. D., Carrillo, B., Choi, A. L., Connor, P., Donnelly, K., Ellwood-Lowe, M. E., Foushee, R., Jansen, R., Jarvis, S. N., Lundell-Creagh, R., Ocampo, J. M., Okafor, G. N., Azad, Z. R., Rosenblum, M., … Nelson, L. D. (2021). Empirical audit and review and an assessment of evidentiary value in research on the psychological consequences of scarcity. Proceedings of the National Academy of Sciences, 118(44), e2103313118. https://doi.org/10.1073/pnas.2103313118",,,,0.2545049,r,0.09189366,r,,,,,,,,,,,https://osf.io/a2e96/,,2,openMKT14,,,,,,,,,,,,,,,Failure,,,,,,,,,,,,,,,0.047599914,0.440468393,-0.039370167,0.220039684,,,,Journal of Consumer Research,,,,,,,,,,,,,,,,,,,2016,0.010053449,0.016716903,0.004389207,0.16955484,0.987488472,no signal,inconsistent,no signal - inconsistent,2.399145402,0.108465229
Boyce_etal202396,,2.0,,1,Veronica Boyce,Boyce_etal2023,Psychology,,,Measuring receptiveness to opposing views,,,,,subfield: non-psych,LR,45429.0,,,,0.41413396,0.50347298,327,79,"Minson, J. A., Chen, F. S., & Tinsley, C. H. (2020). Why won’t you listen
to me? Measuring receptiveness to opposing views. Management Science, 66(7),
3069-3094.",10.1287/mnsc.2019.3362,"Minson, J. A., Chen, F. S., & Tinsley, C. H. (2020). Why won’t you listen to me? Measuring receptiveness to opposing views. Management Science, 66(7), 3069-3094.",2.0,"Boyce, V., Mathur, M., & Frank, M. C. (2023). Eleven years of student replication projects provide evidence on the correlates of replicability in psychology. Royal Society Open Science, 10(11), 231240. https://doi.org/10.1098/rsos.231240",10.1098/rsos.231335,"Boyce, V., Mathur, M., & Frank, M. C. (2023). Eleven years of student replication projects provide evidence on the correlates of replicability in psychology. Royal Society Open Science, 10(11), 231240. https://doi.org/10.1098/rsos.231240",,,,,,,,,,,,,,,,,,https://osf.io/xwn9m/,,2,,,0.0,,0,,,bse: b=-.27 (.08),bse b=.06(.13),,,,,,,Success,,,,,,,,,,,,close,,,0.320050904,0.500128578,0.317733681,0.652000641,,,,,,,,,,,,,,,,,,,,,,,2020,0.002105524,5.54971E-15,0.007144674,2.25092E-06,0.98678559,signal,consistent,signal - consistent,7.930632758,0.055555556
Boyce_etal202397,,2.0,,1,Veronica Boyce,Boyce_etal2023,Psychology,,"morality, rebel",transposed-word effect in grammaticality judgments,,,,,subfield: cognitive,LR,45429.0,,,,0.20346873,-0.09477577,94,24,"Mirault, J., Snell, J., & Grainger, J. (2018). You that read wrong again!
A transposed-word effect in grammaticality judgments. Psychological Science,
29(12), 1922-1929.",10.1177/0956797618806296,"Mirault, J., Snell, J., & Grainger, J. (2018). You that read wrong again! A transposed-word effect in grammaticality judgments. Psychological Science, 29(12), 1922-1929.",2.0,"Boyce, V., Mathur, M., & Frank, M. C. (2023). Eleven years of student replication projects provide evidence on the correlates of replicability in psychology. Royal Society Open Science, 10(11), 231240. https://doi.org/10.1098/rsos.231240",10.1098/rsos.231336,"Boyce, V., Mathur, M., & Frank, M. C. (2023). Eleven years of student replication projects provide evidence on the correlates of replicability in psychology. Royal Society Open Science, 10(11), 231240. https://doi.org/10.1098/rsos.231240",,,,,,,,,,,,,,,,,,https://osf.io/xwn9m/,,2,,,1.0,,0,,,bse: b=.03 (.004),bse b= 0.0548801 (0.0136369),,,,,,,Failure,,,,,,,,,,,,close,,,0.00088839,0.390007174,-0.479827599,0.320889253,,,,,,,,,,,,,,,,,,,,,,,1929,0.009880805,0.049190678,0.042700687,0.6595662,0.249391154,no signal,consistent,no signal - consistent,1.968438692,0.104828484
osc201511,osc201511,2.0,,1,CD,OSC 2015,,,"Association Learning, Attention, Humans, Inhibition (Psychology), Orientation, Reaction Time, Reading, Semantics",Attractor dynamics and semantic neighborhood density: Processing is slowed by near neighbors and speeded by distant neighbors.,,,,,only contact author listed as contributor,Bosco,44927.0,,,,0.672084167,0.466443576,22,30,"Mirman, D., & Magnuson, J. S. (2008). Attractor dynamics and semantic neighborhood
density: Processing is slowed by near neighbors and speeded by distant
neighbors. Journal of Experimental Psychology: Learning, Memory, and Cognition,
34, 65-79.",10.1037/0278-7393.34.1.65,"Mirman, D., & Magnuson, J. S. (2008). Attractor dynamics and semantic neighborhood density: Processing is slowed by near neighbors and speeded by distant neighbors. Journal of Experimental Psychology: Learning, Memory, and Cognition, 34, 65-79. https://doi.org/10.1037/0278-7393.34.1.65",,"Bosco, F., & Field, J. G. (2016, August 19). Replication of Mirman & Magnuson (2008, JEP:LMC, Study 2). Retrieved from osf.io/rvkc5",10.1126/science.aac4716,"Open Science Collaboration. (2015). Estimating the reproducibility of psychological science. Science, 349(6251), aac4716. https://doi.org/10.1126/science.aac4716","Bosco, F., & Field, J. G. (2016, August 19). Replication of Mirman & Magnuson (2008, JEP:LMC, Study 2). Retrieved from osf.io/rvkc5",,,,,,,,,,,,,,,,,https://osf.io/rvkc5/,,1,,,,,,,,,,,,,,,,Success,,,,,,,,,,,,,,,0.349512236,0.852212718,0.127620349,0.707774625,1,1,0.996,Journal of Experimental Psychology,,,,,,,,,,,,,,,,,,,2008,0.014316002,0.000612733,0.021110252,0.009370816,0.99597175,signal,consistent,signal - consistent,3.550473926,0.229415734
osc2015155,osc2015155,2.0,,1,CD,OSC 2015,,,"Adult, Attention, Choice Behavior, Female, Humans, Male, Metaphor, Personality, Social Dominance, Space Perception, Spatial Behavior",Personality dominance and preferential use of the vertical dimension of space,,,,,only contact author listed as contributor,Levitan,44927.0,,,,0.31,-0.034,53,72,"Moeller, S.K., Robinson, M.D., Zabelina, D.L. (2008). Personality dominance
and preferential use of the vertical dimension of space. Psychological
Science, 19, 355-361.",10.1111/j.1467-9280.2008.02093.x,"Moeller, S.K., Robinson, M.D., Zabelina, D.L. (2008). Personality dominance and preferential use of the vertical dimension of space. Psychological Science, 19, 355-361. https://doi.org/10.1111/j.1467-9280.2008.02093.x",,"Levitan, C., & Fernández, B. (2023, September 28). Replication of SK Moeller, MD Robinson, DL Zabelina (2008, Psychological Science, Experiment 2). Retrieved from osf.io/tg2wd",10.1126/science.aac4716,"Open Science Collaboration. (2015). Estimating the reproducibility of psychological science. Science, 349(6251), aac4716. https://doi.org/10.1126/science.aac4716","Levitan, C., & Fernández, B. (2023, September 28). Replication of SK Moeller, MD Robinson, DL Zabelina (2008, Psychological Science, Experiment 2). Retrieved from osf.io/tg2wd",,,,,,,,,,,,,,,,,https://osf.io/tg2wd/,,,,,,,,,,,,,,,,,,Failure,,,,,,,,,,,,,,,0.043337483,0.535429588,-0.263592311,0.1992379,1,0,0.85,Psychological Science,,,,,,,,,,,,,,,,,,,2008,0.015712216,0.023884215,0.014051962,0.776768766,0.850033464,no signal,inconsistent,no signal - inconsistent,2.266598326,0.141421356
OpenMKT13,OpenMKT13,2.0,,1,LK,openmkt,Marketing,,"time, money, scarcity, time-money tradeoffs, wage rates, procedural invariance","By manipulating the timing of an activity, the Time-Elicit (TEL) procedure of stating the maximum amount of hours required for a task should be more sensitive to a change in time scarcity, because time of money required for a task). Analogously, the TEL procedure should be more sensitive to a change in the timing of the activity. That is, distant activitiesscarcity receives a higher weight in TEL vs. Money-Elicit (MEL) procedure - stating the minimum amount should yield lower wage rates, particularly in the TEL (vs. MEL) procedure, which should diminish the wage rate asymmetry",,,,,,"Kaiser, Leonard",45158.0,,,,0.2164277,0.01732414,179,467,"Monga, A., May, F., & Bagchi, R. (2017). Eliciting time versus money: time
scarcity underlies asymmetric wage rates. Journal of consumer research,
44(4), 833-852. Study 4",10.1093/jcr/ucx066,"Monga, A., May, F., & Bagchi, R. (2017). Eliciting time versus money: time scarcity underlies asymmetric wage rates. Journal of consumer research, 44(4), 833-852.",4.0,"O’Donnell, M., Dev, A. S., Antonoplis, S., Baum, S. M., Benedetti, A. H., Brown, N. D., Carrillo, B., Choi, A. L., Connor, P., Donnelly, K., Ellwood-Lowe, M. E., Foushee, R., Jansen, R., Jarvis, S. N., Lundell-Creagh, R., Ocampo, J. M., Okafor, G. N., Azad, Z. R., Rosenblum, M., … Nelson, L. D. (2021). Empirical audit and review and an assessment of evidentiary value in research on the psychological consequences of scarcity. Proceedings of the National Academy of Sciences, 118(44), e2103313118. 
",10.1073/pnas.2103313118,"O’Donnell, M., Dev, A. S., Antonoplis, S., Baum, S. M., Benedetti, A. H., Brown, N. D., Carrillo, B., Choi, A. L., Connor, P., Donnelly, K., Ellwood-Lowe, M. E., Foushee, R., Jansen, R., Jarvis, S. N., Lundell-Creagh, R., Ocampo, J. M., Okafor, G. N., Azad, Z. R., Rosenblum, M., … Nelson, L. D. (2021). Empirical audit and review and an assessment of evidentiary value in research on the psychological consequences of scarcity. Proceedings of the National Academy of Sciences, 118(44), e2103313118. https://doi.org/10.1073/pnas.2103313118",,,,0.2164277,r,0.01732414,r,,,,,,,,,,,https://osf.io/a2e96/,,2,openMKT13,,,,,,,,,,,,,,,Failure,,,,,,,,,,,,,,,0.072042327,0.351928386,-0.07353022,0.107893308,,,,Journal of Consumer Research,,,,,,,,,,,,,,,,,,,2017,0.005104001,0.003615576,0.002144635,0.708848871,0.999023011,no signal,inconsistent,no signal - inconsistent,2.917372098,0.075377836
Boyce_etal202398,,2.0,,1,Veronica Boyce,Boyce_etal2023,Psychology,,,resenting those who do the right thing,,,,,subfield: social,LR,45429.0,,,,0.05125105,,67,75,"Monin, B., Sawyer, P. J., & Marquez, M. J. (2008). The rejection of moral
rebels: resenting those who do the right thing. Journal of personality
and social psychology, 95(1), 76.",,"Monin, B., Sawyer, P. J., & Marquez, M. J. (2008). The rejection of moral rebels: resenting those who do the right thing. Journal of personality and social psychology, 95(1), 76.",4.0,"Boyce, V., Mathur, M., & Frank, M. C. (2023). Eleven years of student replication projects provide evidence on the correlates of replicability in psychology. Royal Society Open Science, 10(11), 231240. https://doi.org/10.1098/rsos.231240",10.1098/rsos.231337,"Boyce, V., Mathur, M., & Frank, M. C. (2023). Eleven years of student replication projects provide evidence on the correlates of replicability in psychology. Royal Society Open Science, 10(11), 231240. https://doi.org/10.1098/rsos.231240",,,,,,,,,,,,,,,,,,https://osf.io/xwn9m/,,2,,,0.0,,1,,,"MSD2: m1=2.54 (1.95), m2=.02 (2.38)","MSD2: m1=.02 (1.88), m2=.27 (1.72)",,,,,,,OS not significant,,,,,,,,,,,,very close,,,-0.191312814,0.287915165,,,,,,,,,,,,,,,,,,,,,,,,,2008,0.015072024,0.680424383,,,0.113901529,,OS not significant,NA - OS not significant,0.410367952,0.125
Camereretal2018_14,,2.0,,1,LKasseckert,SSRP,Psychology,,"Social Science Replication Project, Science, Nature, Human Behavior",imagined consumption reduces actual consumption,,,,,Effect sizes available here: https://osf.io/7286p,Lukas Röseler,45384.0,,,,0.453113467,0.354691803,32,89,"Morewedge, C. K., Huh, Y. E., & Vosgerau, J. (2010). Thought for food:
Imagined consumption reduces actual consumption. Science, 330(6010), 1530-1533.",10.1126/science.1195701,"Morewedge, C. K., Huh, Y. E., & Vosgerau, J. (2010). Thought for food: Imagined consumption reduces actual consumption. Science, 330(6010), 1530-1533. https://doi.org/10.1126/science.1195701",,"Camerer, C. F., Dreber, A., Holzmeister, F., Ho, T. H., Huber, J., Johannesson, M., ... & Wu, H. (2018). Evaluating the replicability of social science experiments in Nature and Science between 2010 and 2015. Nature human behaviour, 2(9), 637-644.",10.1038/s41562-018-0399-z,"Camerer, C. F., Dreber, A., Holzmeister, F., Ho, T. H., Huber, J., Johannesson, M., ... & Wu, H. (2018). Evaluating the replicability of social science experiments in Nature and Science between 2010 and 2015. Nature human behaviour, 2(9), 637-644.",,,,,,,,,,,,,,,,,,https://osf.io/pfdyw/,,2,Camereretal2018_14,,,,,,,,,,,,,,,Success,https://osf.io/zsmsx,,,,,,,,,,,,,,0.12401335,0.692408349,0.158114506,0.524225588,,,,Science,,,,,,,,,,,,,,,,,,,2010,0.020371913,0.00920594,0.008684258,0.000648563,0.998197039,signal,consistent,signal - consistent,2.631251855,0.185695338
osc20152,osc20152,2.0,,1,LK,OSC 2015,,Repetition Blindness,"Attentional Blink, Humans, Judgment, Memory, Short-Term, Pattern Recognition, Visual, Reading, Semantics, Serial Learning, Verbal Learning","Now you see it, now you don't: repetition blindness for nonwords",,,,,only contact author listed as contributor,Goodbourn,44927.0,,,,0.611120054,0.229604631,24,24,"Morris, A.L., Still, M.L. (2008). Now you see it, now you don't: Repetition
blindness for nonwords. Journal of Experimental Psychology: Learning Memory
and Cognition, 34(1), 146–166.",10.1037/0278-7393.34.1.146,"Morris, A.L., Still, M.L. (2008). Now you see it, now you don't: Repetition blindness for nonwords. Journal of Experimental Psychology: Learning Memory and Cognition, 34(1), 146–166. https://doi.org/10.1037/0278-7393.34.1.146",,"Goodbourn, P. T. (2023, September 28). Replication of Morris and Still (2008). Retrieved from osf.io/rmvk5",10.1126/science.aac4716,"Open Science Collaboration. (2015). Estimating the reproducibility of psychological science. Science, 349(6251), aac4716. https://doi.org/10.1126/science.aac4716","Goodbourn, P. T. (2023, September 28). Replication of Morris and Still (2008). Retrieved from osf.io/rmvk5",,,,,,,,,,,,,,,,,https://osf.io/rmvk5/,,1,,,,,,,,,,,,,,,,Failure,,,,,,,,,,,,,,,0.275686677,0.813876757,-0.191532119,0.579341697,1,0,0.953,Journal of Experimental Psychology,,,,,,,,,,,,,,,,,,,2008,0.017067074,0.001511766,0.039014898,0.280462021,0.953078538,no signal,inconsistent,no signal - inconsistent,3.256869147,0.21821789
osc201573,osc201573,2.0,,1,CD,OSC 2015,,,"Conflict (Psychology), Culture, Female, Group Processes, Humans, Individuality, Male, Motivation, Personal Satisfaction, Social Conformity, Social Dominance, Social Identification",Distinguishing between silent and vocal minorities: Not all deviants feel marginal.,,,,,only contact author listed as contributor,Motyl,44927.0,,,,0.322574106,0.2,37,120,"Morrison, Kimberly Rios, and Dale T. Miller. ""Distinguishing between silent
and vocal minorities: Not all deviants feel marginal."" Journal of Personality
and Social Psychology 94.5 (2008): 871",10.1037/0022-3514.94.5.871,"Morrison, Kimberly Rios, and Dale T. Miller. ""Distinguishing between silent and vocal minorities: Not all deviants feel marginal."" Journal of Personality and Social Psychology 94.5 (2008): 871. https://doi.org/10.1037/0022-3514.94.5.871",,"Motyl, M., & Nosek, B. A. (2023, September 28). Replication of Morrison & Miller (2008, JPSP, Study 3). Retrieved from osf.io/nhwv5",10.1126/science.aac4716,"Open Science Collaboration. (2015). Estimating the reproducibility of psychological science. Science, 349(6251), aac4716. https://doi.org/10.1126/science.aac4716","Motyl, M., & Nosek, B. A. (2023, September 28). Replication of Morrison & Miller (2008, JPSP, Study 3). Retrieved from osf.io/nhwv5",,,,,,,,,,,,,,,,,https://osf.io/nhwv5/,,,,,,,,,,,,,,,,,,OS not significant,,,,,,,,,,,,,,,-0.001613533,0.585406347,0.021530492,0.36611669,0,1,0.977,Journal of Personality and Social Psychology,,,,,,,,,,,,,,,,,,,2008,0.022297754,0.051510546,0.007744538,0.02851435,0.97662363,signal,OS not significant,signal - OS not significant,1.950555543,0.171498585
osc201593,osc201593,2.0,,1,CD,OSC 2015,,,"Adolescent, Adult, Conflict (Psychology), Courtship [psychology], Female, Goals, Humans, Intention, Interpersonal Relations, Male, Models, Psychological, Questionnaires, Rejection (Psychology), Risk Reduction Behavior, Self Concept, Students [psychology], Trust [psychology]",Balancing connectedness and self-protection goals in close relationships: A levels-of-processing perspective on risk regulation.,,,,,only contact author listed as contributor,Sinclair,44927.0,,,,0.317462994,-0.1351,91,76,"Murray, S.L., Derrick, J.L., Leder, S., & Holmes, J.G. (2008). Balancing
connectedness and self-protection goals in close relationships: A levels-of-processing
perspective on risk regulation. Journal of Personality and Social Psychology,
94(3), 429-459.",10.1037/0022-3514.94.3.429,"Murray, S.L., Derrick, J.L., Leder, S., & Holmes, J.G. (2008). Balancing connectedness and self-protection goals in close relationships: A levels-of-processing perspective on risk regulation. Journal of Personality and Social Psychology, 94(3), 429-459. https://doi.org/10.1037/0022-3514.94.3.429",,"Sinclair, H. C., Goldberg, R. M., Wu, S., & Smith, M. M. (2016, August 19). Replication of SL Murray, JL Derrick, S Leder, JG Holmes (2008, JPSP 94(3), Exp. 8). Retrieved from osf.io/cxmf6",10.1126/science.aac4716,"Open Science Collaboration. (2015). Estimating the reproducibility of psychological science. Science, 349(6251), aac4716. https://doi.org/10.1126/science.aac4716","Sinclair, H. C., Goldberg, R. M., Wu, S., & Smith, M. M. (2016, August 19). Replication of SL Murray, JL Derrick, S Leder, JG Holmes (2008, JPSP 94(3), Exp. 8). Retrieved from osf.io/cxmf6",,,,,,,,,,,,,,,,,https://osf.io/cxmf6/,,,,,,,,,,,,,,,,,,Failure,,,,,,,,,,,,,,,0.119319221,0.491287528,-0.349897985,0.093194148,1,0,0.882,Journal of Personality and Social Psychology,,,,,,,,,,,,,,,,,,,2008,0.008984352,0.002167453,0.012851055,0.244586671,0.881655575,no signal,inconsistent,no signal - inconsistent,3.084635251,0.106600358
acykd,acykd,2.0,,1,LR,OSF Registries,Psychology,Judgment and Decision Making,"subliminal anchoring, anchoring effect, anchor, subliminal, threshold",The effect of subiminal anchoring on the estimation of the costs of a middle class car ,,,,,,"Lukas Röseler, Sophie Janiczek , Evgenia Burlakovas",44927.0,,,,0.3261363,0.07379822,76,165,"Mussweiler, T., & Englich, B. (2005). Subliminal anchoring: Judgmental
consequences and underlying mechanisms. Organizational Behavior and Human
Decision Processes, 98(2), 133-143. Study 2",10.1016/j.obhdp.2004.12.002,"Mussweiler, T., & Englich, B. (2005). Subliminal anchoring: Judgmental consequences and underlying mechanisms. Organizational Behavior and Human Decision Processes, 98(2), 133-143. Study 2 https://doi.org/10.1016/j.obhdp.2004.12.002",2.0,"Röseler, L., Schütz, A., Burlakovas, E., Dück, M., Fels, S., Janiczek, S., … Seida, C. (2022, September 15). Replication Mussweiler & Englich, 2005, Study 2. https://doi.org/10.17605/OSF.IO/ACYKD",10.17605/OSF.IO/ACYKD,"Röseler, L., Schütz, A., Burlakovas, E., Dück, M., Fels, S., Janiczek, S., … Seida, C. (2022, September 15). Replication Mussweiler & Englich, 2005, Study 2. https://doi.org/10.17605/OSF.IO/ACYKD",,,,,,,,,,,,,,,,,,https://www.osf.io/acykd,,,,,,,,,,,,,,,,,,Failure,https://www.osf.io/acykd,,,,,,,,,,,,,,0.108671273,0.513811664,-0.079886089,0.22405554,1,0,0.996,Organizational Behavior and Human Decision Processes,,,,,,,,,,,,,,,,,,,2005,0.010647783,0.004038636,0.006031325,0.346175254,0.996279616,no signal,inconsistent,no signal - inconsistent,2.89213284,0.117041147
OpAQ_263,,2.0,,1,LR,OpAQ,Judgment and Decision Making,Subliminal Anchoring Effect,"anchoring, anchor, numerical estimates, anchoring and adjustment, heuristics and biases, subliminal anchoring","When giving numerical estimates, people are biased towards a previously subliminally presented value",,,,,,LR,45253.0,,,,0.326136346,0.073798216,76,158,"Mussweiler, T., & Englich, B. (2005). Subliminal anchoring: Judgmental
consequences and underlying mechanisms. Organizational Behavior and Human
Decision Processes, 98(2), 133–143. https://doi.org/10.1016/j.obhdp.2004.12.002",10.1016/j.obhdp.2004.12.002,"Mussweiler, T., & Englich, B. (2005). Subliminal anchoring: Judgmental consequences and underlying mechanisms. Organizational Behavior and Human Decision Processes, 98(2), 133–143. https://doi.org/10.1016/j.obhdp.2004.12.002",,"Röseler, L., Schütz, A., Blank, P. A., Dück, M., Fels, S., Kupfer, J., Scheelje, L., & Seida, C. (2021). Evidence against subliminal anchoring: Two close, highly powered, preregistered, and failed replication attempts. Journal of Experimental Social Psychology, 92, 104066. https://doi.org/10.1016/j.jesp.2020.104066",10.1016/j.jesp.2020.104066,"Röseler, L., Schütz, A., Blank, P. A., Dück, M., Fels, S., Kupfer, J., Scheelje, L., & Seida, C. (2021). Evidence against subliminal anchoring: Two close, highly powered, preregistered, and failed replication attempts. Journal of Experimental Social Psychology, 92, 104066. https://doi.org/10.1016/j.jesp.2020.104066",,,,0.69,d,-0.148,d,,,,,,,,,,,https://osf.io/ygnvb/,,,"Röseler et al., 2021, Study 1",,,,0,Studies 1&2 (pooled),1.0,,,,,Table 2 in the Replication Report,Table 2 in the Replication Report,,,Failure,https://osf.io/8urxv,,,,,,,,,,,,,,0.108671323,0.513811701,-0.083301977,0.227319161,,,,Organizational Behavior and Human Decision Processes,,,,,,,,,,,,,,,,,,,2004,0.010647782,0.00403863,0.006300238,0.356778568,0.995097389,no signal,inconsistent,no signal - inconsistent,2.892133275,0.117041147
osc201528,osc201528,2.0,,1,CD,OSC 2015,,,"Attention, Conflict (Psychology), Field Dependence-Independence, Humans, Inhibition (Psychology), Pattern Recognition, Visual, Reaction Time, Reading, Semantics",Semantic interference in a delayed naming task: Evidence for the response exclusion hypothesis.,,,,,only contact author listed as contributor,Galak,44927.0,,,,0.341773488,0.103261105,32,91,"N Janssen, W Schirm, BZ Mahon, A Caramazza (2008).“Semantic Interference
in a Delayed Naming Task: Evidence for the Response Exclusion Hypothesis.”
Journal of Experimental Psychology: Learning Memory and Cognition, 34(1),
249-256.",10.1037/0278-7393.34.1.249,"N Janssen, W Schirm, BZ Mahon, A Caramazza (2008).“Semantic Interference in a Delayed Naming Task: Evidence for the Response Exclusion Hypothesis.” Journal of Experimental Psychology: Learning Memory and Cognition, 34(1), 249-256. https://doi.org/10.1037/0278-7393.34.1.249",,"Galak, J. (2023, September 28). Replication of Janssen and colleagues (2008, JEP:LMC, Study 1). Retrieved from osf.io/uhpyr",10.1126/science.aac4716,"Open Science Collaboration. (2015). Estimating the reproducibility of psychological science. Science, 349(6251), aac4716. https://doi.org/10.1126/science.aac4716","Galak, J. (2023, September 28). Replication of Janssen and colleagues (2008, JEP:LMC, Study 1). Retrieved from osf.io/uhpyr",,,,,,,,,,,,,,,,,https://osf.io/uhpyr/,,,,,,,,,,,,,,,,,,OS not significant,,,,,,,,,,,,,,,-0.007856813,0.616943603,-0.104914873,0.302767276,0,0,0.957,Journal of Experimental Psychology,,,,,,,,,,,,,,,,,,,2008,0.025162133,0.055550669,0.010875422,0.330037732,0.95673207,no signal,OS not significant,no signal - OS not significant,1.917652883,0.185695338
Boyce_etal2023101,,2.0,,1,Veronica Boyce,Boyce_etal2023,Psychology,,,Moderated mediation of cognitive elaboration and perceived source credibility on personalness of source,,,,,subfield: social,LR,45429.0,,,,0.10285773,0.32064436,208,58,"Nekmat, E., Gower, K. K., Zhou, S., & Metzger, M. (2019). Connective-collective
action on social media: Moderated mediation of cognitive elaboration and
perceived source credibility on personalness of source. Communication Research,
46(1), 62-87.",10.1177/0093650215609676,"Nekmat, E., Gower, K. K., Zhou, S., & Metzger, M. (2019). Connective-collective action on social media: Moderated mediation of cognitive elaboration and perceived source credibility on personalness of source. Communication Research, 46(1), 62-87.",1.0,"Boyce, V., Mathur, M., & Frank, M. C. (2023). Eleven years of student replication projects provide evidence on the correlates of replicability in psychology. Royal Society Open Science, 10(11), 231240. https://doi.org/10.1098/rsos.231240",10.1098/rsos.231340,"Boyce, V., Mathur, M., & Frank, M. C. (2023). Eleven years of student replication projects provide evidence on the correlates of replicability in psychology. Royal Society Open Science, 10(11), 231240. https://doi.org/10.1098/rsos.231240",,,,,,,,,,,,,,,,,,https://osf.io/xwn9m/,,2,,,0.0,,0,,,"MSD2: m1=5.44(1.21), m2=4.02(1.41)","MSD2: m1=2.48(1.17), m2=2.32(1.20)",,,,,,,OS not significant,,,,,,,,,,,,close,,,-0.033654323,0.235602109,0.067978651,0.53465909,,,,,,,,,,,,,,,,,,,,,,,2019,0.004729239,0.139295483,0.01412184,0.014128858,0.191655596,signal,OS not significant,signal - OS not significant,1.477925368,0.06984303
soscisubmission78,,2.0,,1,LK,Individual submissions,Psychology,own-age bias (correlation),"ambiguous figure, face perception, social group bias, own-age anchor effect, cognitive penetrability",There is a positive association between participants’ age and their age estimate of the ‘my wife/mother-in-law’ ambiguous figure.,,,,,,"Verheyen, Steven",45296.0,,,,0.237,0.22,393,246,"Nicholls, M. E. R., Churches, O. & Loetscher, T. (2018). Perception of
an ambiguous figure is affected by own-age social biases. Scientific Reports,
8, 12661. https://doi.org/10.1038/s41598-018-31129-7",10.1038/s41598-018-31129-7,"Nicholls, M. E. R., Churches, O. & Loetscher, T. (2018). Perception of an ambiguous figure is affected by own-age social biases. Scientific Reports, 8, 12661. https://doi.org/10.1038/s41598-018-31129-7",,"Brouwer, A., Jin, X., Waldi, A. H., & Verheyen, S. (2021). Age biases the judgment rather than the perception of an ambiguous figure. Scientific Reports, 11, 8627. https://doi.org/10.1038/s41598-021-88139-1",10.1038/s41598-021-88139-1,"Brouwer, A., Jin, X., Waldi, A. H., & Verheyen, S. (2021). Age biases the judgment rather than the perception of an ambiguous figure. Scientific Reports, 11, 8627. https://doi.org/10.1038/s41598-021-88139-1",,,,0.237,r,0.22,r,,,,,,,,,,,osf.io/y3bqa/,,2,"sosci_Nicholls,.Churches,.&.Loetscher.(2018)",1,independent,1,0,,,"r(393) = 0.237, p < 0.001","r(244) = 0.22, p < 0.001","original = Nicholls, M. E. R., Churches, O. & Loetscher, T. (2018). Perception of an ambiguous figure is affected by own-age social biases. Scientific Reports, 8, 12661. https://doi.org/10.1038/s41598-018-31129-7
- number of participants: page 3
- effect size: page 4
replication = Brouwer, A., Jin, X., Waldi, A. H., & Verheyen, S. (2021). Age biases the judgment rather than the perception of an ambiguous figure. Scientific Reports, 11, 8627. https://doi.org/10.1038/s41598-021-88139-1
- number of participants: page 3
- effect size: page 4",,,,,,Success,http://osf.io/xqc35,2.0,1.0,1.0,2.0,2.0,1.0,2.0,1.0,1.0,1.0,"- Instructions: Informed consent was adapted to the requirements of the university where the replication took place.
- Procedure: Prior to estimating the age of the ambiguous figure, participants indicated whether or not they had seen the figure before. After estimating the age, they performed additional tasks not included in the original study.
 
- Location: The original study was conducted on Mechanical Turk, while the replication was conducted on Prolific
- Participants populations: Participants in both studies were US adults, but there may exist differences between participants on Mechanical Turk and on Prolific. In the original study, the age groups were formed using a median split. In the replication study, two separate samples were recruited (one younger than the median from the original study and one older than the median from the original study).",0.00227249,0.00369609,0.141392831,0.328226931,0.097612552,0.335832553,1,1,,Scientific Reports,,,,,,,,,,,,,,,,,,,2018,0.002272492,2.02177E-06,0.003696092,0.000509578,0.983369642,signal,consistent,signal - consistent,4.771082835,0.050636968
soscisubmission78,,2.0,,1,LK,Individual submissions,Psychology,own-age bias (group difference),"ambiguous figure, face perception, social group bias, own-age anchor effect, cognitive penetrability","Older participants who are briefly presented with the ‘my wife/mother-in-law’ ambiguous figure
estimate its age to be higher than young participants do.",,,,,,"Verheyen, Steven",45296.0,,,,0.189502872,0.228768027,393,246,"Nicholls, M. E. R., Churches, O. & Loetscher, T. (2018). Perception of
an ambiguous figure is affected by own-age social biases. Scientific Reports,
8, 12661. https://doi.org/10.1038/s41598-018-31129-7",10.1038/s41598-018-31129-7,"Nicholls, M. E. R., Churches, O. & Loetscher, T. (2018). Perception of an ambiguous figure is affected by own-age social biases. Scientific Reports, 8, 12661. https://doi.org/10.1038/s41598-018-31129-7",,"Brouwer, A., Jin, X., Waldi, A. H., & Verheyen, S. (2021). Age biases the judgment rather than the perception of an ambiguous figure. Scientific Reports, 11, 8627. https://doi.org/10.1038/s41598-021-88139-1",10.1038/s41598-021-88139-1,"Brouwer, A., Jin, X., Waldi, A. H., & Verheyen, S. (2021). Age biases the judgment rather than the perception of an ambiguous figure. Scientific Reports, 11, 8627. https://doi.org/10.1038/s41598-021-88139-1",,,,0.386,d,0.47,d,,,,,,,,,,,osf.io/y3bqa/,,2,"sosci_Nicholls,.Churches,.&.Loetscher.(2018)",1,independent,1,0,,,"t(391) = 3.82, p < 0.001, Cohen’s d = 0.386","t(234.76) = 3.67; p < 0.001, Cohen’s d = 0.47","original = Nicholls, M. E. R., Churches, O. & Loetscher, T. (2018). Perception of an ambiguous figure is affected by own-age social biases. Scientific Reports, 8, 12661. https://doi.org/10.1038/s41598-018-31129-7
- number of participants: page 3
- effect size: page 4
replication = Brouwer, A., Jin, X., Waldi, A. H., & Verheyen, S. (2021). Age biases the judgment rather than the perception of an ambiguous figure. Scientific Reports, 11, 8627. https://doi.org/10.1038/s41598-021-88139-1
- number of participants: page 3
- effect size: page 4",,,,,,Success,http://osf.io/xqc35,2.0,1.0,1.0,2.0,2.0,1.0,2.0,1.0,1.0,1.0,"- Instructions: Informed consent was adapted to the requirements of the university where the replication took place.
- Procedure: Prior to estimating the age of the ambiguous figure, participants indicated whether or not they had seen the figure before. After estimating the age, they performed additional tasks not included in the original study.
 
- Location: The original study was conducted on Mechanical Turk, while the replication was conducted on Prolific
- Participants populations: Participants in both studies were US adults, but there may exist differences between participants on Mechanical Turk and on Prolific. In the original study, the age groups were formed using a median split. In the replication study, two separate samples were recruited (one younger than the median from the original study and one older than the median from the original study).",0.00237109,,0.092311284,0.283117602,0.106749046,0.343998636,1,1,,Scientific Reports,,,,,,,,,,,,,,,,,,,2018,0.002371089,0.000157409,0.003665589,0.000296995,0.911739858,signal,consistent,signal - consistent,3.788170573,0.050636968
XPHI5,,2.0,,1,LKasseckert,XPHI,Experimental Philosophy,,experimental philosophy,participants who respond as nonobjectivists about canonical moral violations still treat such violations in typical ways,,,,,,Viciana & Gaitan,45331.0,,,,0.83,0.77,10,9,"Nichols, S. (2004). After objectivity: An empirical study of moral judgment.
Philosophical Psychology, 17(1), 3-26. Chicago.",10.1080/0951508042000202354,"Nichols, S. (2004). After objectivity: An empirical study of moral judgment. Philosophical Psychology, 17(1), 3-26. Chicago. https://doi.org/10.1080/0951508042000202354",3.0,"Cova, F., Strickland, B., Abatista, A., Allard, A., Andow, J., Attie, M., ... & Zhou, X. (2021). Estimating the reproducibility of experimental philosophy. Review of Philosophy and Psychology, 12, 9-44.",10.1007/s13164-018-0400-9,"Cova, F., Strickland, B., Abatista, A., Allard, A., Andow, J., Attie, M., ... & Zhou, X. (2021). Estimating the reproducibility of experimental philosophy. Review of Philosophy and Psychology, 12, 9-44. https://doi.org/10.1007/s13164-018-0400-9",,,,,,,,,,,,,,,,,,osf.io/bv4ep,,2,,,,,,,,"F(1,8) = 18, p = 0.01","F(1,8) = 12, p = .008",,,,,,,Success,,,,,,,,,,,,,,,0.419709742,0.958647084,0.216685625,0.948886231,,,,Philosophical Psychology,,,,,,,,,,,,,,,,,,,2004,0.01075369,0.002960137,0.020716301,0.015214582,0.920218457,signal,consistent,signal - consistent,3.14351345,0.377964473
Camereretal2018_15,,2.0,,1,LKasseckert,SSRP,Psychology,,"Social Science Replication Project, Science, Nature, Human Behavior",Inequality and visibility of wealth in experimental social networks,,,,,Effect sizes available here: https://osf.io/7286p,Lukas Röseler,45384.0,,,,0.200582698,0.11604169,200,480,"Nishi, A., Shirado, H., Rand, D. G., & Christakis, N. A. (2015). Inequality
and visibility of wealth in experimental social networks. Nature, 526(7573),
426-429.",10.1038/nature15392,"Nishi, A., Shirado, H., Rand, D. G., & Christakis, N. A. (2015). Inequality and visibility of wealth in experimental social networks. Nature, 526(7573), 426-429. https://doi.org/10.1038/nature15392",,"Camerer, C. F., Dreber, A., Holzmeister, F., Ho, T. H., Huber, J., Johannesson, M., ... & Wu, H. (2018). Evaluating the replicability of social science experiments in Nature and Science between 2010 and 2015. Nature human behaviour, 2(9), 637-644.",10.1038/s41562-018-0399-z,"Camerer, C. F., Dreber, A., Holzmeister, F., Ho, T. H., Huber, J., Johannesson, M., ... & Wu, H. (2018). Evaluating the replicability of social science experiments in Nature and Science between 2010 and 2015. Nature human behaviour, 2(9), 637-644.",,,,,,,,,,,,,,,,,,https://osf.io/pfdyw/,,2,Camereretal2018_15,,,,,,,,,,,,,,,Success,https://osf.io/g7ygm,,,,,,,,,,,,,,0.063611943,0.330136334,0.02681978,0.203429371,,,,Nature,,,,,,,,,,,,,,,,,,,2015,0.004628904,0.004401039,0.002031837,0.010949134,0.997451267,signal,consistent,signal - consistent,2.854007358,0.07124705
osc2015115,osc2015115,2.0,,1,CD,OSC 2015,,,"Attention, Child, Preschool, Comprehension, Female, Humans, Language Development, Male, Personal Construct Theory, Semantics, Verbal Learning, Visual Perception",Preschoolers' perspective taking in word learning: do they blindly follow eye gaze?,,,,,only contact author listed as contributor,Brown,44927.0,,,,0.501799075,-0.450187899,32,8,"Nurmsoo, E., & Bloom, P. (2008). Preschoolers' Perspective Taking in Word
Learning Do They Blindly Follow Eye Gaze?. Psychological Science, 19(3),
211-215.",10.1111/j.1467-9280.2008.02069.x,"Nurmsoo, E., & Bloom, P. (2008). Preschoolers' Perspective Taking in Word Learning Do They Blindly Follow Eye Gaze?. Psychological Science, 19(3), 211-215. https://doi.org/10.1111/j.1467-9280.2008.02069.x",,"Brown, B. T., Kleinberg, B., Hicks, G., Bentley, H., Attridge, P. R., Eboigbe, S., … Brown, K. (2023, September 28). Replication of Nurmsoo & Bloom (2008, PS, Study 1). Retrieved from osf.io/aczvt",10.17605/OSF.IO%2FVK6D9,"Open Science Collaboration. (2015). Estimating the reproducibility of psychological science. Science, 349(6251), aac4716. https://doi.org/10.1126/science.aac4716","Brown, B. T., Kleinberg, B., Hicks, G., Bentley, H., Attridge, P. R., Eboigbe, S., … Brown, K. (2023, September 28). Replication of Nurmsoo & Bloom (2008, PS, Study 1). Retrieved from osf.io/aczvt",,,,,,,,,,,,,,,,,https://osf.io/aczvt/,,,,,,,,,,,,,,,,,,Failure,,,,,,,,,,,,,,,0.185576167,0.723839693,-0.876730902,0.372727239,1,0,0.377,Psychological Science,,,,,,,,,,,,,,,,,,,2008,0.018058057,0.003431907,0.090819499,0.263012421,0.377225734,no signal,inconsistent,no signal - inconsistent,2.971037407,0.185695338
Boyce_etal2023104,,2.0,,1,Veronica Boyce,Boyce_etal2023,Psychology,,,perceived trajectory of rationality versus emotionality over time,,,,,subfield: social,LR,45429.0,,,,0.20291986,-0.04341145,224,148,"O'Brien, E. (2015). Mapping out past and future minds: The perceived trajectory
of rationality versus emotionality over time. Journal of Experimental Psychology:
General, 144(3), 624.",,"O'Brien, E. (2015). Mapping out past and future minds: The perceived trajectory of rationality versus emotionality over time. Journal of Experimental Psychology: General, 144(3), 624.",4.0,"Boyce, V., Mathur, M., & Frank, M. C. (2023). Eleven years of student replication projects provide evidence on the correlates of replicability in psychology. Royal Society Open Science, 10(11), 231240. https://doi.org/10.1098/rsos.231240",10.1098/rsos.231343,"Boyce, V., Mathur, M., & Frank, M. C. (2023). Eleven years of student replication projects provide evidence on the correlates of replicability in psychology. Royal Society Open Science, 10(11), 231240. https://doi.org/10.1098/rsos.231240",,,,,,,,,,,,,,,,,,https://osf.io/xwn9m/,,2,,,0.0,,0,,,"MSD4: m1=6.90(3.57), m2=5.03(3.43), m3=3.45(2.74), m4=4.63(2.97)","MSE4: m1=4.8(.6), m2=5.5(.6), m3=3.8(.5), m4=3.7(.5)",,,,,,,Failure,,,,,,,,,,,,exact,,,0.073800068,0.325348634,-0.203331126,0.118764237,,,,,,,,,,,,,,,,,,,,,,,2015,0.004122612,0.002274366,0.006777105,0.600353496,0.799999714,no signal,inconsistent,no signal - inconsistent,3.059079205,0.067267279
osc201519,osc201519,2.0,,1,CD,OSC 2015,,,"Adolescent, Adult, Association Learning, Attention, Color Perception, Cues, Discrimination Learning, Female, Humans, Male, Memory, Short-Term, Orientation, Reaction Time, Serial Learning",How to say no: Single-and dual-process theories of short-term recognition tested on negative probes.,,,,,only contact author listed as contributor,Neijenhuijs,44927.0,,,,0.560499145,0.401939168,32,21,"Oberauer, Klaus. ""How to say no: Single-and dual-process theories of short-term
recognition tested on negative probes."" Journal of Experimental Psychology:
Learning, Memory, and Cognition 34.3 (2008): 439",10.1037/0278-7393.34.3.439,"Oberauer, Klaus. ""How to say no: Single-and dual-process theories of short-term recognition tested on negative probes."" Journal of Experimental Psychology: Learning, Memory, and Cognition 34.3 (2008): 439. https://doi.org/10.1037/0278-7393.34.3.439",,"Neijenhuijs, K. I., Luteijn, I., Bosch, A., van der Hulst, M., Dorsthorst, A. t, van de Ven, M., & Weerdmeester, J. W. (2023, September 28). Replication of K Oberauer (2008, JEPLMC 34(3), Exp 3). Retrieved from osf.io/gcj7x",10.1126/science.aac4716,"Open Science Collaboration. (2015). Estimating the reproducibility of psychological science. Science, 349(6251), aac4716. https://doi.org/10.1126/science.aac4716","Neijenhuijs, K. I., Luteijn, I., Bosch, A., van der Hulst, M., Dorsthorst, A. t, van de Ven, M., & Weerdmeester, J. W. (2023, September 28). Replication of K Oberauer (2008, JEPLMC 34(3), Exp 3). Retrieved from osf.io/gcj7x",,,,,,,,,,,,,,,,,https://osf.io/gcj7x/,,,,,,,,,,,,,,,,,,Failure,,,,,,,,,,,,,,,0.263256784,0.760549323,-0.035992785,0.710368596,1,0,0.866,Journal of Experimental Psychology,,,,,,,,,,,,,,,,,,,2008,0.015173467,0.000848396,0.035149493,0.07088971,0.865568682,no signal,consistent,no signal - consistent,3.411828654,0.185695338
Boyce_etal2023105,,2.0,,1,Veronica Boyce,Boyce_etal2023,Psychology,,,hidden gender biases in competence impressions of faces,,,,,subfield: social,LR,45429.0,,,,0.30278664,0.526549981,30,27,"Oh, D., Buck, E. A., & Todorov, A. (2019). Revealing hidden gender biases
in competence impressions of faces. Psychological Science, 30(1), 65-79.",10.1177/0956797618813092,"Oh, D., Buck, E. A., & Todorov, A. (2019). Revealing hidden gender biases in competence impressions of faces. Psychological Science, 30(1), 65-79.",3.0,"Boyce, V., Mathur, M., & Frank, M. C. (2023). Eleven years of student replication projects provide evidence on the correlates of replicability in psychology. Royal Society Open Science, 10(11), 231240. https://doi.org/10.1098/rsos.231240",10.1098/rsos.231344,"Boyce, V., Mathur, M., & Frank, M. C. (2023). Eleven years of student replication projects provide evidence on the correlates of replicability in psychology. Royal Society Open Science, 10(11), 231240. https://doi.org/10.1098/rsos.231240",,,,,,1.238731022,d,,,,,,,,,,,https://osf.io/xwn9m/,,2,,,1.0,,0,,,,"F(1,11)=16.879",,,,,,,OS not significant,,,,,,,,,,,,close,,,-0.064520817,0.597840596,0.183192082,0.755409305,,,,,,,,,,,,,,,,,,,,,,,2019,0.028449851,0.103864788,0.020090789,0.004779192,0.467004333,signal,OS not significant,signal - OS not significant,1.624237597,0.19245009
Boyce_etal2023106,,2.0,,1,Veronica Boyce,Boyce_etal2023,Psychology,,,Costs and benefits of graph literacy,,,,,subfield: cognitive,LR,45429.0,,,,0.44952343,0.51145451,611,81,"Okan, Y., Garcia-Retamero, R., Cokely, E. T., & Maldonado, A. (2018). Biasing
and debiasing health decisions with bar graphs: Costs and benefits of graph
literacy. Quarterly Journal of Experimental Psychology, 71(12), 2506-2519.",10.1177/1747021817744546,"Okan, Y., Garcia-Retamero, R., Cokely, E. T., & Maldonado, A. (2018). Biasing and debiasing health decisions with bar graphs: Costs and benefits of graph literacy. Quarterly Journal of Experimental Psychology, 71(12), 2506-2519.",3.0,"Boyce, V., Mathur, M., & Frank, M. C. (2023). Eleven years of student replication projects provide evidence on the correlates of replicability in psychology. Royal Society Open Science, 10(11), 231240. https://doi.org/10.1098/rsos.231240",10.1098/rsos.231345,"Boyce, V., Mathur, M., & Frank, M. C. (2023). Eleven years of student replication projects provide evidence on the correlates of replicability in psychology. Royal Society Open Science, 10(11), 231240. https://doi.org/10.1098/rsos.231240",,,,,,,,,,,,,,,,,,https://osf.io/xwn9m/,,2,,,0.0,,0,,,"MSD4: m1=2.62(1.62), m2=5.26(1.82), m3=2.72(1.67), m4=4.41(2.21)","MSD4: m1=3.26(1.91), m2=5.40(1.59), m3=3.67(2.00), m4=4.67(2.06)",,,,,,,Success,,,,,,,,,,,,very close,,,0.383891498,0.510636128,0.32995285,0.656489889,,,,,,,,,,,,,,,,,,,,,,,2018,0.001043754,1.00462E-31,0.006815696,1.06359E-06,0.996046384,signal,consistent,signal - consistent,11.93684178,0.040555355
Boyce_etal2023108,,2.0,,1,Veronica Boyce,Boyce_etal2023,Psychology,,,Brief intervention to encourage empathic discipline cuts suspension rates in half among adolescents,,,,,subfield: social,LR,45429.0,,,,0.21986838,0.52616251,300,12,"Okonofua, J. A., Paunesku, D., & Walton, G. M. (2016). Brief intervention
to encourage empathic discipline cuts suspension rates in half among adolescents.
Proceedings of the National Academy of Sciences, 113(19), 5221-5226.",10.1073/pnas.1523698113,"Okonofua, J. A., Paunesku, D., & Walton, G. M. (2016). Brief intervention to encourage empathic discipline cuts suspension rates in half among adolescents. Proceedings of the National Academy of Sciences, 113(19), 5221-5226.",2.0,"Boyce, V., Mathur, M., & Frank, M. C. (2023). Eleven years of student replication projects provide evidence on the correlates of replicability in psychology. Royal Society Open Science, 10(11), 231240. https://doi.org/10.1098/rsos.231240",10.1098/rsos.231347,"Boyce, V., Mathur, M., & Frank, M. C. (2023). Eleven years of student replication projects provide evidence on the correlates of replicability in psychology. Royal Society Open Science, 10(11), 231240. https://doi.org/10.1098/rsos.231240",,,,,,,,,,,,,,,,,,https://osf.io/xwn9m/,,2,,,0.0,,1,,,"MSD2: m1=5.23 (1.14), m2=2.47 (1.09)","MSD2: m1=4.041667(1.32662), m2=2.818182(1.621821)",,,,,,,Failure,,,,,,,,,,,,exact,,,0.10935015,0.325016922,-0.068390757,0.844925702,,,,,,,,,,,,,,,,,,,,,,,2016,0.003028939,0.000123325,0.047540935,0.078878436,0.174517728,no signal,consistent,no signal - consistent,3.852035994,0.058025885
Boyce_etal2023109,,2.0,,1,Veronica Boyce,Boyce_etal2023,Psychology,,,Cognitive Control Mode Predicts Behavioral Expression of Model-Based Reinforcement-Learning,,,,,subfield: cognitive,LR,45429.0,,,,0.47849149,0.34011768,45,45,"Otto, R. A., Skatova, A., Madlon-Kay, S., & Daw, N. (2014). Cognitive Control
Mode Predicts Behavioral Expression of Model-Based Reinforcement-Learning.
In Proceedings of the Annual Meeting of the Cognitive Science Society (Vol.
36, No. 36).",,"Otto, R. A., Skatova, A., Madlon-Kay, S., & Daw, N. (2014). Cognitive Control Mode Predicts Behavioral Expression of Model-Based Reinforcement-Learning. In Proceedings of the Annual Meeting of the Cognitive Science Society (Vol. 36, No. 36).",1.0,"Boyce, V., Mathur, M., & Frank, M. C. (2023). Eleven years of student replication projects provide evidence on the correlates of replicability in psychology. Royal Society Open Science, 10(11), 231240. https://doi.org/10.1098/rsos.231240",10.1098/rsos.231348,"Boyce, V., Mathur, M., & Frank, M. C. (2023). Eleven years of student replication projects provide evidence on the correlates of replicability in psychology. Royal Society Open Science, 10(11), 231240. https://doi.org/10.1098/rsos.231240",,,,,,,,,,,,,,,,,,https://osf.io/xwn9m/,,2,,,1.0,,0,,,bse b=-.06 (.03),,,,,,,,Success,,,,,,,,,,,,close,,,0.215180416,0.676945983,0.051750317,0.57613276,,,,,,,,,,,,,,,,,,,,,,,2014,0.013511631,0.000885012,0.017773223,0.0222544,0.96148163,signal,consistent,signal - consistent,3.376634373,0.15430335
Boyce_etal2023107,,2.0,,1,Veronica Boyce,Boyce_etal2023,Psychology,,,Implicit theories of interest: Finding your passion or developing it?,,,,,subfield: social,LR,45429.0,,,,0.9380832,0.1476,141,74,"O’Keefe, P. A., Dweck, C. S., & Walton, G. M. (2018). Implicit theories
of interest: Finding your passion or developing it?. Psychological science,
29(10), 1653-1664.",10.1177/0956797618780643,"O’Keefe, P. A., Dweck, C. S., & Walton, G. M. (2018). Implicit theories of interest: Finding your passion or developing it?. Psychological science, 29(10), 1653-1664.",2.0,"Boyce, V., Mathur, M., & Frank, M. C. (2023). Eleven years of student replication projects provide evidence on the correlates of replicability in psychology. Royal Society Open Science, 10(11), 231240. https://doi.org/10.1098/rsos.231240",10.1098/rsos.231346,"Boyce, V., Mathur, M., & Frank, M. C. (2023). Eleven years of student replication projects provide evidence on the correlates of replicability in psychology. Royal Society Open Science, 10(11), 231240. https://doi.org/10.1098/rsos.231240",,,,,,,,,,,,,,,,,,https://osf.io/xwn9m/,,2,,,1.0,,1,,,"F(1, 137) = 7.46","F(1,70)=2.4602",,,,,,,Failure,,,,,,,,,,,,very close,,,0.914604811,0.955257336,-0.083722396,0.363828122,,,,,,,,,,,,,,,,,,,,,,,2018,0.000102857,7.24545E-66,0.013108262,0.209488345,1,no signal,inconsistent,no signal - inconsistent,20.22694129,0.085125653
osc201584,osc201584,2.0,,1,CD,OSC 2015,,,"Adolescent, Adult, Choice Behavior, Decision Making, Female, Humans, Male, Mental Processes, Middle Aged",Selective exposure and information quantity: How different information quantities moderate decision makers' preference for consistent and inconsistent information.,,,,,only contact author listed as contributor,Ratliff,44927.0,,,,0.503449638,0.217562252,52,150,"P Fischer, S Schulz-Hardt, D Frey (2008). Selective exposure and information
quantity: how different information quantities moderate decision makers'
preference for consistent and inconsistent information. Journal of Personality
and Social Psychology, 94.2: 231-244.",10.1037/0022-3514.94.2.94.2.231,"P Fischer, S Schulz-Hardt, D Frey (2008). Selective exposure and information quantity: how different information quantities moderate decision makers' preference for consistent and inconsistent information. Journal of Personality and Social Psychology, 94.2: 231-244. https://doi.org/10.1037/0022-3514.94.2.94.2.231",,"Ratliff, K. A. (2023, September 28). Replication of Fischer et al. (2008, JPSP, Study 4). Retrieved from osf.io/v8vft",10.1126/science.aac4716,"Open Science Collaboration. (2015). Estimating the reproducibility of psychological science. Science, 349(6251), aac4716. https://doi.org/10.1126/science.aac4716","Ratliff, K. A. (2023, September 28). Replication of Fischer et al. (2008, JPSP, Study 4). Retrieved from osf.io/v8vft",,,,,,,,,,,,,,,,,https://osf.io/v8vft/,,,,,,,,,,,,,,,,,,Success,,,,,,,,,,,,,,,0.267269957,0.682570523,0.059370799,0.365094094,1,1,1,Journal of Personality and Social Psychology,,,,,,,,,,,,,,,,,,,2008,0.010927837,0.000142142,0.006091099,0.007486186,0.999999823,signal,"inconsistent, smaller","signal - inconsistent, smaller",3.877414075,0.142857143
osc201536,osc201536,2.0,,1,CD,OSC 2015,,,"Association Learning, Attention, Field Dependence-Independence, Humans, Orientation, Pattern Recognition, Visual, Problem Solving, Reproducibility of Results",An attention-based associative account of adjacent and nonadjacent dependency learning.,,,,,only contact author listed as contributor,Jahn,44927.0,,,,0.713921386,0.681560537,24,24,"Pacton, S., & Perruchet, P. (2008). An attention-based associative account
of adjacent and nonadjacent dependency learning. Journal of Experimental
Psychology: Learning, Memory, and Cognition, 34, 80-96.",10.1037/0278-7393.34.1.80,"Pacton, S., & Perruchet, P. (2008). An attention-based associative account of adjacent and nonadjacent dependency learning. Journal of Experimental Psychology: Learning, Memory, and Cognition, 34, 80-96. https://doi.org/10.1037/0278-7393.34.1.80",,"Jahn, G. (2023, September 28). Replication of Pacton & Perruchet (2008, JEP:LMC, Study 4b). Retrieved from osf.io/vmz2e",10.1126/science.aac4716,"Open Science Collaboration. (2015). Estimating the reproducibility of psychological science. Science, 349(6251), aac4716. https://doi.org/10.1126/science.aac4716","Jahn, G. (2023, September 28). Replication of Pacton & Perruchet (2008, JEP:LMC, Study 4b). Retrieved from osf.io/vmz2e",,,,,,,,,,,,,,,,,https://osf.io/vmz2e/,,,,,,,,,,,,,,,,,,Success,,,,,,,,,,,,,,,0.436126205,0.867487346,0.383642113,0.850987388,1,1,0.994,Journal of Experimental Psychology,,,,,,,,,,,,,,,,,,,2008,0.01045261,8.94011E-05,0.012466684,0.000245176,0.994310958,signal,consistent,signal - consistent,4.102029818,0.21821789
datareplicada6,datareplicada6,2.0,,1,LK,datareplicada,Marketing,,"scarcity, resource, price-quality judgments, price-quality perception, categorization, desire for abundance",Scarcity decreases consumers’ tendency to use price to judge product quality.,,,,,,"Kaiser, Leonard",45167.0,,,,0.205517234,0.074789948,149,773,"Park, H., Lalwani, A.K., & Silvera, D.H. (2020). The Impact of Resource
Scarcity on Price-Quality Judgments. Journal of Consumer Research. Study
2a",10.1093/jcr/ucz031,"Park, H., Lalwani, A.K., & Silvera, D.H. (2020). The Impact of Resource Scarcity on Price-Quality Judgments. Journal of Consumer Research.",2a,"Simmons, J. &. Nelson, L.D. (2020). [89] Data Replicada #6: The Problem of (Weird) Differential Attrition. Data Colada.  https://datacolada.org/89 ",,"Simmons, J. &. Nelson, L.D. (2020). [89] Data Replicada #6: The Problem of (Weird) Differential Attrition. Data Colada.  https://datacolada.org/89 ",,,,0.42,d,0.15,d,,,,,,,,,,,,,3,6.0,,,,,,,,,,,,,,,Success,,,,,,,,,,,,,,,0.046245566,0.354598706,0.004297639,0.144542632,,,,Journal of Consumer Research,,,,,,,,,,,,,,,,,,,2020,0.006198036,0.011922475,0.001280886,0.037624432,0.999982946,signal,"inconsistent, smaller","signal - inconsistent, smaller",2.519150153,0.082760589
Boyce_etal2023110,,2.0,,1,Veronica Boyce,Boyce_etal2023,Psychology,,,Reflection and reasoning in moral judgment,,,,,subfield: cognitive,LR,45429.0,,,,0.31410639,0.3483682,92,82,"Paxton, J. M., Ungar, L., & Greene, J. D. (2012). Reflection and reasoning
in moral judgment. Cognitive science, 36(1), 163-177.",10.x,"Paxton, J. M., Ungar, L., & Greene, J. D. (2012). Reflection and reasoning in moral judgment. Cognitive science, 36(1), 163-177.",1.0,"Boyce, V., Mathur, M., & Frank, M. C. (2023). Eleven years of student replication projects provide evidence on the correlates of replicability in psychology. Royal Society Open Science, 10(11), 231240. https://doi.org/10.1098/rsos.231240",10.1098/rsos.231349,"Boyce, V., Mathur, M., & Frank, M. C. (2023). Eleven years of student replication projects provide evidence on the correlates of replicability in psychology. Royal Society Open Science, 10(11), 231240. https://doi.org/10.1098/rsos.231240",,,,,,,,,,,,,,,,,,https://osf.io/xwn9m/,,2,,,0.0,,0,,,t(90) = 2.03,t(80)=-0.35568,,,,,,,Success,,,,,,,,,,,,exact,,,0.116803474,0.487557075,0.142103899,0.525637948,,,,,,,,,,,,,,,,,,,,,,,2012,0.008927568,0.002294687,0.009530957,0.001339962,0.896605394,signal,consistent,signal - consistent,3.06693837,0.105999788
osc201544,osc201544,2.0,,1,CD,OSC 2015,,,"Adolescent, Adult, Alcohol Drinking, Analysis of Variance, Attitude, Behavioral Research [methods], Cognition, Emotions, Factor Analysis, Statistical, Female, Humans, Male, Prejudice, Psychological Tests, Reproducibility of Results, Social Conformity, Social Perception, Truth Disclosure",Why do implicit and explicit attitude tests diverge? The role of structural fit.,,,,,only contact author listed as contributor,Vianello,44927.0,,,,0.352175067,0.150236955,70,180,"Payne, B. K. Burkley, M. A. Stokes, M. B. (2008). Why Do Implicit and Explicit
Attitude Tests Diverge? The Role of Structural Fit. Journal of Personality
and Social Psychology, 94, 16–31.",10.1037/0022-3514.94.1.16,"Payne, B. K. Burkley, M. A. Stokes, M. B. (2008). Why Do Implicit and Explicit Attitude Tests Diverge? The Role of Structural Fit. Journal of Personality and Social Psychology, 94, 16–31. https://doi.org/10.1037/0022-3514.94.1.16",,"Vianello, M. (2023, September 28). Replication of Payne, Burkley & Stokes (2008, JPSP, Study 4). Retrieved from osf.io/rc6mv",10.1126/science.aac4716,"Open Science Collaboration. (2015). Estimating the reproducibility of psychological science. Science, 349(6251), aac4716. https://doi.org/10.1126/science.aac4716","Vianello, M. (2023, September 28). Replication of Payne, Burkley & Stokes (2008, JPSP, Study 4). Retrieved from osf.io/rc6mv",,,,,,,,,,,,,,,,,https://osf.io/rc6mv/,,,,,,,,,,,,,,,,,,Success,,,,,,,,,,,,,,,0.127774652,0.542274771,0.004062917,0.29012502,1,1,0.999,Journal of Personality and Social Psychology,,,,,,,,,,,,,,,,,,,2008,0.011120699,0.002790924,0.005337247,0.044110633,0.999449561,signal,"inconsistent, smaller","signal - inconsistent, smaller",3.011592812,0.122169444
Boyce_etal2023112,,2.0,,1,Veronica Boyce,Boyce_etal2023,Psychology,,,Data quality of platforms and panels for online behavioral research,,,,,subfield: other-psych,LR,45429.0,,,,0.34921426,0.05358305,500,235,"Peer, E., Rothschild, D., Gordon, A., Evernden, Z., & Damer, E. (2022).
Data quality of platforms and panels for online behavioral research. Behavior
Research Methods, 54(4), 1643-1662.",,"Peer, E., Rothschild, D., Gordon, A., Evernden, Z., & Damer, E. (2022). Data quality of platforms and panels for online behavioral research. Behavior Research Methods, 54(4), 1643-1662.",2.0,"Boyce, V., Mathur, M., & Frank, M. C. (2023). Eleven years of student replication projects provide evidence on the correlates of replicability in psychology. Royal Society Open Science, 10(11), 231240. https://doi.org/10.1098/rsos.231240",10.1098/rsos.231351,"Boyce, V., Mathur, M., & Frank, M. C. (2023). Eleven years of student replication projects provide evidence on the correlates of replicability in psychology. Royal Society Open Science, 10(11), 231240. https://doi.org/10.1098/rsos.231240",,,,,,,,,,,,,,,,,,https://osf.io/xwn9m/,,2,,,0.0,,0,,,"MSD2: m1=5.87 (1.0), m2=4.55(1.9)","MSD2: m1=6.26(1.41), m2=4.57(2.47)",,,,,,,Failure,,,,,,,,,,,,close,,,0.269785253,0.423923133,-0.074902966,0.180318971,,,,,,,,,,,,,,,,,,,,,,,2022,0.001545032,8.71345E-16,0.004249,0.413574074,0.999955602,no signal,inconsistent,no signal - inconsistent,8.127063149,0.04485613
soscisubmission93,,2.0,,1,LK,individual submissions,Human Genetics,Chronic Fatigue Syndrome,"CFS, human genetics ,","Genetic predisposition for CFS, GPBAR1 gene",,,,,,"Greshake, Tzovaras, Bastian",45422.0,,,,0.95562346,0.061396697,383,383,"Perez, M., Jaundoo, R., Hilton, K., Del Alamo, A., Gemayel, K., Klimas,
N. G., ... & Nathanson, L. (2019). Genetic predisposition for immune system,
hormone, and metabolic dysfunction in myalgic encephalomyelitis/chronic
fatigue syndrome: a pilot study. Frontiers in Pediatrics, 7, 423831.",10.3389/fped.2019.00206,"Perez, M., Jaundoo, R., Hilton, K., Del Alamo, A., Gemayel, K., Klimas, N. G., ... & Nathanson, L. (2019). Genetic predisposition for immune system, hormone, and metabolic dysfunction in myalgic encephalomyelitis/chronic fatigue syndrome: a pilot study. Frontiers in Pediatrics, 7, 423831.",,"Bedford, F. L., & Greshake Tzovaras, B. (2021). Re-analysis of genetic risks for Chronic Fatigue Syndrome from 23andMe data finds few remain. Frontiers in Pediatrics, 9, 590040.",10.3389/fped.2021.590040,,,,,129000,or,0.8,or,,,,,,,,,,,,,2,sosci_40,1,no nesting,0,0,,,,,Table 1 in https://www.frontiersin.org/articles/10.3389/fped.2021.590040/full,,,,,,Failure,,4.0,1.0,4.0,3.0,2.0,2.0,2.0,2.0,2.0,2.0,Replication uses a different data set for comparison (control) that is more comparable to the case data used in original study than original studies control data.,,,0.946006205,0.963559788,-0.039050146,0.160615128,,,,Frontiers in Pediatrics,,,,,,,,,,,,,,,,,,,2019,1.97158E-05,2.5314E-204,0.002598102,0.230620971,1,no signal,inconsistent,no signal - inconsistent,36.89895955,0.051298918
Boyce_etal2023113,,2.0,,1,Veronica Boyce,Boyce_etal2023,Psychology,,,Healthy out-group members are represented psychologically as infected in-group members,,,,,subfield: social,LR,45429.0,,,,0.43255537,-0.1198443,600,224,"Petersen, M. B. (2017). Healthy out-group members are represented psychologically
as infected in-group members. Psychological Science, 28(12), 1857-1863.",10.1177/0956797617728270,"Petersen, M. B. (2017). Healthy out-group members are represented psychologically as infected in-group members. Psychological Science, 28(12), 1857-1863.",1.0,"Boyce, V., Mathur, M., & Frank, M. C. (2023). Eleven years of student replication projects provide evidence on the correlates of replicability in psychology. Royal Society Open Science, 10(11), 231240. https://doi.org/10.1098/rsos.231240",10.1098/rsos.231352,"Boyce, V., Mathur, M., & Frank, M. C. (2023). Eleven years of student replication projects provide evidence on the correlates of replicability in psychology. Royal Society Open Science, 10(11), 231240. https://doi.org/10.1098/rsos.231240",,,,,,,,,,,,,,,,,,https://osf.io/xwn9m/,,2,,,0.0,,0,,,"bci: b=.34 [.10,.61]",bse b=0.3661 (0.2423),,,,,,,Failure,,,,,,,,,,,,close,,,0.365153948,0.495445622,-0.247046144,0.011417892,,,,,,,,,,,,,,,,,,,,,,,1863,0.001103171,9.43438E-29,0.004356417,0.073439878,0.999999925,no signal,inconsistent,no signal - inconsistent,11.31362782,0.040927275
Boyce_etal2023114,,2.0,,1,Veronica Boyce,Boyce_etal2023,Psychology,,,Higher social class predicts increased unethical behavior,,,,,subfield: social,LR,45429.0,,,,0.20705567,-0.03924802,90,84,"Piff, P. K., Stancato, D. M., Côté, S., Mendoza-Denton, R., & Keltner,
D. (2012). Higher social class predicts increased unethical behavior. Proceedings
of the National Academy of Sciences, 109(11), 4086-4091.",10.1073/pnas.1118373109,"Piff, P. K., Stancato, D. M., Côté, S., Mendoza-Denton, R., & Keltner, D. (2012). Higher social class predicts increased unethical behavior. Proceedings of the National Academy of Sciences, 109(11), 4086-4091.",7.0,"Boyce, V., Mathur, M., & Frank, M. C. (2023). Eleven years of student replication projects provide evidence on the correlates of replicability in psychology. Royal Society Open Science, 10(11), 231240. https://doi.org/10.1098/rsos.231240",10.1098/rsos.231353,"Boyce, V., Mathur, M., & Frank, M. C. (2023). Eleven years of student replication projects provide evidence on the correlates of replicability in psychology. Royal Society Open Science, 10(11), 231240. https://doi.org/10.1098/rsos.231240",,,,,,,,,,,,,,,,,,https://osf.io/xwn9m/,,2,,,0.0,,0,,,t(84) = -2.34,,,,,,,,OS not significant,,,,,,,,,,,,close,,,-3.70329E-05,0.397118583,-0.25152671,0.176633461,,,,,,,,,,,,,,,,,,,,,,,2012,0.01029319,0.050215904,0.012011103,0.722993604,0.601701448,no signal,OS not significant,no signal - OS not significant,1.959618564,0.107211253
Boyce_etal2023120,,2.0,,1,Veronica Boyce,Boyce_etal2023,Psychology,,,Linguistic intergroup bias informs social categorization,,,,,subfield: social,LR,45429.0,,,,0.43184517,0.63377075,145,126,"Porter, S. C., Rheinschmidt-Same, M., & Richeson, J. A. (2016). Inferring
identity from language: Linguistic intergroup bias informs social categorization.
Psychological science, 27(1), 94-102.",10.1177/0956797615612202,"Porter, S. C., Rheinschmidt-Same, M., & Richeson, J. A. (2016). Inferring identity from language: Linguistic intergroup bias informs social categorization. Psychological science, 27(1), 94-102.",3.0,"Boyce, V., Mathur, M., & Frank, M. C. (2023). Eleven years of student replication projects provide evidence on the correlates of replicability in psychology. Royal Society Open Science, 10(11), 231240. https://doi.org/10.1098/rsos.231240",10.1098/rsos.231359,"Boyce, V., Mathur, M., & Frank, M. C. (2023). Eleven years of student replication projects provide evidence on the correlates of replicability in psychology. Royal Society Open Science, 10(11), 231240. https://doi.org/10.1098/rsos.231240",,,,,,,,,,,,,,,,,,https://osf.io/xwn9m/,,2,,,0.0,,0,,,"F(1, 121) = 8.67","F(1,112)=3.9020",,,,,,,Success,,,,,,,,,,,,close,,,0.289193654,0.555733669,0.51607073,0.727980395,,,,,,,,,,,,,,,,,,,,,,,2016,0.00459582,5.84665E-08,0.002864035,1.65183E-15,0.999767618,signal,"inconsistent, larger","signal - inconsistent, larger",5.507303287,0.083918136
Boyce_etal2023119,,2.0,,1,Veronica Boyce,Boyce_etal2023,Psychology,,,Linguistic intergroup bias informs social categorization,,,,,subfield: social,LR,45429.0,,,,0.35798265,0.42084129,88,87,"Porter, S. C., Rheinschmidt-Same, M., & Richeson, J. A. (2016). Inferring
identity from language: Linguistic intergroup bias informs social categorization.
Psychological science, 27(1), 94-102.",10.1177/0956797615612202,"Porter, S. C., Rheinschmidt-Same, M., & Richeson, J. A. (2016). Inferring identity from language: Linguistic intergroup bias informs social categorization. Psychological science, 27(1), 94-102.",1a,"Boyce, V., Mathur, M., & Frank, M. C. (2023). Eleven years of student replication projects provide evidence on the correlates of replicability in psychology. Royal Society Open Science, 10(11), 231240. https://doi.org/10.1098/rsos.231240",10.1098/rsos.231358,"Boyce, V., Mathur, M., & Frank, M. C. (2023). Eleven years of student replication projects provide evidence on the correlates of replicability in psychology. Royal Society Open Science, 10(11), 231240. https://doi.org/10.1098/rsos.231240",,,,,,,,,,,,,,,,,,https://osf.io/xwn9m/,,2,,,0.0,,0,,,t(86) = 2.89,t(82.92) = 0.65,,,,,,,Success,,,,,,,,,,,,exact,,,0.160580164,0.527848565,0.230639072,0.580066911,,,,,,,,,,,,,,,,,,,,,,,2016,0.008737008,0.000616187,0.007873863,4.93369E-05,0.96467615,signal,consistent,signal - consistent,3.453365706,0.108465229
Boyce_etal2023118,,2.0,,1,Veronica Boyce,Boyce_etal2023,Psychology,,,Linguistic intergroup bias informs social categorization,,,,,subfield: social,LR,45429.0,,,,0.32633104,0.00442322,118,78,"Porter, S. C., Rheinschmidt-Same, M., & Richeson, J. A. (2016). Inferring
identity from language: Linguistic intergroup bias informs social categorization.
Psychological science, 27(1), 94-102.",10.1177/0956797615612202,"Porter, S. C., Rheinschmidt-Same, M., & Richeson, J. A. (2016). Inferring identity from language: Linguistic intergroup bias informs social categorization. Psychological science, 27(1), 94-102.",2.0,"Boyce, V., Mathur, M., & Frank, M. C. (2023). Eleven years of student replication projects provide evidence on the correlates of replicability in psychology. Royal Society Open Science, 10(11), 231240. https://doi.org/10.1098/rsos.231240",10.1098/rsos.231357,"Boyce, V., Mathur, M., & Frank, M. C. (2023). Eleven years of student replication projects provide evidence on the correlates of replicability in psychology. Royal Society Open Science, 10(11), 231240. https://doi.org/10.1098/rsos.231240",,,,,,,,,,,,,,,,,,https://osf.io/xwn9m/,,2,,,0.0,,0,,,"MSD2: m1= 4.90 (0.99), m2=4.33 (.90)","MSD2: m1= 5.45(0.89), m2= 4.83 (1.28)",,,,,,,Failure,,,,,,,,,,,,close,,,0.154696846,0.478844604,-0.218322431,0.226730804,,,,,,,,,,,,,,,,,,,,,,,2016,0.006823561,0.000310504,0.012986505,0.969341419,0.904471489,no signal,inconsistent,no signal - inconsistent,3.63232958,0.093250481
Boyce_etal2023116,,2.0,,1,Veronica Boyce,Boyce_etal2023,Psychology,,,Linguistic intergroup bias informs social categorization,,,,,subfield: social,LR,45429.0,,,,0.69565621,0.69146798,145,168,"Porter, S. C., Rheinschmidt-Same, M., & Richeson, J. A. (2016). Inferring
identity from language: Linguistic intergroup bias informs social categorization.
Psychological science, 27(1), 94-102.",10.1177/0956797615612202,"Porter, S. C., Rheinschmidt-Same, M., & Richeson, J. A. (2016). Inferring identity from language: Linguistic intergroup bias informs social categorization. Psychological science, 27(1), 94-102.",3.0,"Boyce, V., Mathur, M., & Frank, M. C. (2023). Eleven years of student replication projects provide evidence on the correlates of replicability in psychology. Royal Society Open Science, 10(11), 231240. https://doi.org/10.1098/rsos.231240",10.1098/rsos.231355,"Boyce, V., Mathur, M., & Frank, M. C. (2023). Eleven years of student replication projects provide evidence on the correlates of replicability in psychology. Royal Society Open Science, 10(11), 231240. https://doi.org/10.1098/rsos.231240",,,,,,,,,,,,,,,,,,https://osf.io/xwn9m/,,2,,,0.0,,0,,,,,,,,,,,Success,,,,,,,,,,,,close,,,0.600773752,0.771211323,0.603211423,0.762995898,,,,,,,,,,,,,,,,,,,,,,,2016,0.001849447,2.73018E-22,0.001630841,3.20993E-25,1,signal,consistent,signal - consistent,10.23418312,0.083918136
Boyce_etal2023121,,2.0,,1,Veronica Boyce,Boyce_etal2023,Psychology,,,A gender bias in the attribution of creativity: perceived association between masculinity and creative thinking,,,,,subfield: non-psych,LR,45429.0,,,,0.3246242,-0.23270135,80,84,"Proudfoot, D., Kay, A. C., & Koval, C. Z. (2015). A gender bias in the
attribution of creativity: Archival and experimental evidence for the perceived
association between masculinity and creative thinking. Psychological science,
26(11), 1751-1761.",10.1177/0956797615598739,"Proudfoot, D., Kay, A. C., & Koval, C. Z. (2015). A gender bias in the attribution of creativity: Archival and experimental evidence for the perceived association between masculinity and creative thinking. Psychological science, 26(11), 1751-1761.",1.0,"Boyce, V., Mathur, M., & Frank, M. C. (2023). Eleven years of student replication projects provide evidence on the correlates of replicability in psychology. Royal Society Open Science, 10(11), 231240. https://doi.org/10.1098/rsos.231240",10.1098/rsos.231360,"Boyce, V., Mathur, M., & Frank, M. C. (2023). Eleven years of student replication projects provide evidence on the correlates of replicability in psychology. Royal Society Open Science, 10(11), 231240. https://doi.org/10.1098/rsos.231240",,,,,,,,,,,,,,,,,,https://osf.io/xwn9m/,,2,,,0.0,,0,,,"F(1, 78) = 75.02","F(1,82)=76.959",,,,,,,Failure (reversal),,,,,,,,,,,,close,,,0.112964548,0.508100606,-0.425850815,-0.019267419,,,,,,,,,,,,,,,,,,,,,,,2015,0.010130929,0.00330512,0.010778703,0.033161592,0.91992331,signal,"inconsistent, smaller","signal - inconsistent, smaller",2.955472935,0.113960576
osc201597,osc201597,2.0,,1,CD,OSC 2015,,,"Adolescent, Adult, African Continental Ancestry Group [psychology], Cues, Cultural Diversity, Female, Hierarchy, Social, Humans, Judgment, Male, Organizational Culture, Prejudice, Rejection (Psychology), Social Identification, Social Values, Stereotyping, Trust",Social identity contingencies: How diversity cues signal threat or safety for African Americans in mainstream institutions.,,,,,only contact author listed as contributor,Schmidt,44927.0,,,,0.378274916,-0.036935346,90,1490,"Purdie-Vaughns, V., Steele, C.M., Davies, P.G., Ditlmann, R., & Crosby,
J.R. (2008). Social identity contingencies: How diversity cues signal threat
or safety for african americans in mainstream institutions. Journal of
Personality and Social Psychology, 94(4), 615-630.",10.1037/0022-3514.94.4.615,"Purdie-Vaughns, V., Steele, C.M., Davies, P.G., Ditlmann, R., & Crosby, J.R. (2008). Social identity contingencies: How diversity cues signal threat or safety for african americans in mainstream institutions. Journal of Personality and Social Psychology, 94(4), 615-630. https://doi.org/10.1037/0022-3514.94.4.615",,"Schmidt, K. (2023, September 28). Secondary Replication of V Purdie-Vaughns, CM Steele, PG Davies, R Ditlmann, JR Crosby (2008, JPSP 94(4), Exp. 3). ",10.17605/OSF.IO/ETG7C,"Open Science Collaboration. (2015). Estimating the reproducibility of psychological science. Science, 349(6251), aac4716. https://doi.org/10.1126/science.aac4716","Schmidt, K. (2023, September 28). Secondary Replication of V Purdie-Vaughns, CM Steele, PG Davies, R Ditlmann, JR Crosby (2008, JPSP 94(4), Exp. 3). ",,,,,,,,,,,,,,,,,https://osf.io/etg7c/,,,,,,,,,,,,,,,,,,Failure,,,,,,,,,,,,,,,0.185733691,0.542841271,-0.08755418,0.013873735,1,0,1,Journal of Personality and Social Psychology,,,,,,,,,,,,,,,,,,,2008,0.008250466,0.00023687,0.000669761,0.15415339,1,no signal,inconsistent,no signal - inconsistent,3.712716257,0.107211253
Camereretal2018_16,,2.0,,1,LKasseckert,SSRP,Psychology,,"Social Science Replication Project, Science, Nature, Human Behavior",testing improves memory,,,,,Effect sizes available here: https://osf.io/7286p,Lukas Röseler,45384.0,,,,0.376537383,0.149730161,36,306,"Pyc, M. A., & Rawson, K. A. (2010). Why testing improves memory: Mediator
effectiveness hypothesis. Science, 330(6002), 335-335.",10.1126/science.1191465,"Pyc, M. A., & Rawson, K. A. (2010). Why testing improves memory: Mediator effectiveness hypothesis. Science, 330(6002), 335-335. https://doi.org/10.1126/science.1191465",,"Camerer, C. F., Dreber, A., Holzmeister, F., Ho, T. H., Huber, J., Johannesson, M., ... & Wu, H. (2018). Evaluating the replicability of social science experiments in Nature and Science between 2010 and 2015. Nature human behaviour, 2(9), 637-644.",10.1038/s41562-018-0399-z,"Camerer, C. F., Dreber, A., Holzmeister, F., Ho, T. H., Huber, J., Johannesson, M., ... & Wu, H. (2018). Evaluating the replicability of social science experiments in Nature and Science between 2010 and 2015. Nature human behaviour, 2(9), 637-644.",,,,,,,,,,,,,,,,,,https://osf.io/pfdyw/,,2,Camereretal2018_16,,,,,,,,,,,,,,,Success,https://osf.io/h6ddq,,,,,,,,,,,,,,0.054778013,0.627453381,0.03824874,0.257530224,,,,Science,,,,,,,,,,,,,,,,,,,2010,0.021044025,0.023603488,0.003133326,0.008708437,0.999999928,signal,"inconsistent, smaller","signal - inconsistent, smaller",2.274955023,0.174077656
Camereretal2018_17,,2.0,,1,LKasseckert,SSRP,Psychology,,"Social Science Replication Project, Science, Nature, Human Behavior",Writing about testing worries boosts exam performance in the classroom,,,,,Effect sizes available here: https://osf.io/7286p,Lukas Röseler,45384.0,,,,0.793155372,-0.09818399,20,79,"Ramirez, G., & Beilock, S. L. (2011). Writing about testing worries boosts
exam performance in the classroom. science, 331(6014), 211-213.",10.1126/science.1199427,"Ramirez, G., & Beilock, S. L. (2011). Writing about testing worries boosts exam performance in the classroom. science, 331(6014), 211-213. https://doi.org/10.1126/science.1199427",,"Camerer, C. F., Dreber, A., Holzmeister, F., Ho, T. H., Huber, J., Johannesson, M., ... & Wu, H. (2018). Evaluating the replicability of social science experiments in Nature and Science between 2010 and 2015. Nature human behaviour, 2(9), 637-644.",10.1038/s41562-018-0399-z,"Camerer, C. F., Dreber, A., Holzmeister, F., Ho, T. H., Huber, J., Johannesson, M., ... & Wu, H. (2018). Evaluating the replicability of social science experiments in Nature and Science between 2010 and 2015. Nature human behaviour, 2(9), 637-644.",,,,,,,,,,,,,,,,,,https://osf.io/pfdyw/,,2,Camereretal2018_17,,,,,,,,,,,,,,,Failure,https://osf.io/at3jy,,,,,,,,,,,,,,0.540258804,0.914646463,-0.312509956,0.125654304,,,,Science,,,,,,,,,,,,,,,,,,,2011,0.007240536,3.02154E-05,0.012574522,0.389320027,1,no signal,inconsistent,no signal - inconsistent,4.452467967,0.242535625
Camereretal2018_18,,2.0,,1,LKasseckert,SSRP,Psychology,,"Social Science Replication Project, Science, Nature, Human Behavior",Spontaneous giving and calculated greed,,,,,Effect sizes available here: https://osf.io/7286p,Lukas Röseler,45384.0,,,,0.140981421,0.025786534,343,2136,"Rand, D. G., Greene, J. D., & Nowak, M. A. (2012). Spontaneous giving and
calculated greed. Nature, 489(7416), 427-430.",10.1038/nature11467,"Rand, D. G., Greene, J. D., & Nowak, M. A. (2012). Spontaneous giving and calculated greed. Nature, 489(7416), 427-430. https://doi.org/10.1038/nature11467",,"Camerer, C. F., Dreber, A., Holzmeister, F., Ho, T. H., Huber, J., Johannesson, M., ... & Wu, H. (2018). Evaluating the replicability of social science experiments in Nature and Science between 2010 and 2015. Nature human behaviour, 2(9), 637-644.",10.1038/s41562-018-0399-z,"Camerer, C. F., Dreber, A., Holzmeister, F., Ho, T. H., Huber, J., Johannesson, M., ... & Wu, H. (2018). Evaluating the replicability of social science experiments in Nature and Science between 2010 and 2015. Nature human behaviour, 2(9), 637-644.",,,,,,,,,,,,,,,,,,https://osf.io/pfdyw/,,2,Camereretal2018_18,,,,,,,,,,,,,,,Failure,https://osf.io/2smkq,,,,,,,,,,,,,,0.035617714,0.243245394,-0.016643992,0.068124351,,,,Nature,,,,,,,,,,,,,,,,,,,2012,0.002808899,0.008934456,0.000467761,0.233546192,0.999999548,no signal,inconsistent,no signal - inconsistent,2.617000112,0.054232614
osc2015135,osc2015135,2.0,,1,CD,OSC 2015,,,"Adult, Association, Attitude, Decision Making, Feedback, Psychological, Female, Generalization, Response, Humans, Individuality, Interpersonal Relations, Judgment, Male, Mental Recall, Middle Aged, Personality Inventory, Social Behavior, Social Identification",Implicit attitude generalization occurs immediately; explicit attitude generalization takes time,,,,,only contact author listed as contributor,Cohn,44927.0,,,,0.00464002,0.105891025,564,3597,"Ranganath, K. A., & Nosek, B. A. (2008). Implicit attitude generalization
occurs immediately; explicit attitude generalization takes time. Psychological
Science, 19(3), 249-254.",10.1111/j.1467-9280.2008.02076.x,"Ranganath, K. A., & Nosek, B. A. (2008). Implicit attitude generalization occurs immediately; explicit attitude generalization takes time. Psychological Science, 19(3), 249-254. https://doi.org/10.1111/j.1467-9280.2008.02076.x",,"Cohn, M. (2023, September 28). Replication of Ratliff (Ranganath) & Nosek, 2008, Psych Science. Retrieved from osf.io/2gkjt",10.1126/science.aac4716,"Open Science Collaboration. (2015). Estimating the reproducibility of psychological science. Science, 349(6251), aac4716. https://doi.org/10.1126/science.aac4716","Cohn, M. (2023, September 28). Replication of Ratliff (Ranganath) & Nosek, 2008, Psych Science. Retrieved from osf.io/2gkjt",,,,,,,,,,,,,,,,,https://osf.io/2gkjt/,,,,,,,,,,,,,,,,,,OS not significant,,,,,,,,,,,,,,,-0.077951225,0.08716801,0.073463581,0.1380948,0,1,0.086,Psychological Science,,,,,,,,,,,,,,,,,,,2008,0.001776122,0.912448642,0.000271885,1.93375E-10,0.085870247,signal,OS not significant,signal - OS not significant,0.109901697,0.042220033
Boyce_etal2023122,,2.0,,1,Veronica Boyce,Boyce_etal2023,Psychology,,,Neural mechanisms of attentional shifts due to irrelevant spatial and numerical cues,,,,,subfield: other-psych,LR,45429.0,,,,0.261188886,0.65028455,15,17,"Ranzini, M., Dehaene, S., Piazza, M., & Hubbard, E. M. (2009). Neural mechanisms
of attentional shifts due to irrelevant spatial and numerical cues. Neuropsychologia,
47(12), 2615-2624.",,"Ranzini, M., Dehaene, S., Piazza, M., & Hubbard, E. M. (2009). Neural mechanisms of attentional shifts due to irrelevant spatial and numerical cues. Neuropsychologia, 47(12), 2615-2624.",1.0,"Boyce, V., Mathur, M., & Frank, M. C. (2023). Eleven years of student replication projects provide evidence on the correlates of replicability in psychology. Royal Society Open Science, 10(11), 231240. https://doi.org/10.1098/rsos.231240",10.1098/rsos.231361,"Boyce, V., Mathur, M., & Frank, M. C. (2023). Eleven years of student replication projects provide evidence on the correlates of replicability in psychology. Royal Society Open Science, 10(11), 231240. https://doi.org/10.1098/rsos.231240",,,,0.541162769,d,,,,,,,,,,,,,https://osf.io/xwn9m/,,2,,,1.0,,0,,,"F(1,14)=4.1","F(1,16)=0.24",,,,,,,OS not significant,,,,,,,,,,,,exact,,,-0.289855915,0.6821781,0.246768829,0.861623757,,,,,,,,,,,,,,,,,,,,,,,2009,0.062015332,0.347070724,0.02081744,0.004709611,0.271083889,signal,OS not significant,signal - OS not significant,0.92624504,0.288675135
Boyce_etal2023123,,2.0,,1,Veronica Boyce,Boyce_etal2023,Psychology,,,Weighing accumulated outcomes against outcome-adjusted delays,,,,,subfield: cognitive,LR,45429.0,,,,0.13234175,0.02753524,277,292,"Read, D., & Scholten, M. (2012). Tradeoffs between sequences: Weighing
accumulated outcomes against outcome-adjusted delays. Journal of Experimental
Psychology: Learning, Memory, and Cognition, 38(6), 1675.",,"Read, D., & Scholten, M. (2012). Tradeoffs between sequences: Weighing accumulated outcomes against outcome-adjusted delays. Journal of Experimental Psychology: Learning, Memory, and Cognition, 38(6), 1675.",2.0,"Boyce, V., Mathur, M., & Frank, M. C. (2023). Eleven years of student replication projects provide evidence on the correlates of replicability in psychology. Royal Society Open Science, 10(11), 231240. https://doi.org/10.1098/rsos.231240",10.1098/rsos.231362,"Boyce, V., Mathur, M., & Frank, M. C. (2023). Eleven years of student replication projects provide evidence on the correlates of replicability in psychology. Royal Society Open Science, 10(11), 231240. https://doi.org/10.1098/rsos.231240",,,,,,,,,,,,,,,,,,https://osf.io/xwn9m/,,2,,,0.0,,0,,,,,,,,,,,Failure,,,,,,,,,,,,exact,,,0.014715781,0.246354798,-0.087525263,0.141870714,,,,,,,,,,,,,,,,,,,,,,,2012,0.003497384,0.027641214,0.003431217,0.639360546,0.73310776,no signal,consistent,no signal - consistent,2.203571095,0.060412209
soscisubmission3,soscisubmission3,2.0,,1,LR,Individual submissions,Consumer Psychology,Variety reduces perceived quantity,"gestalt, heterogeneity, homogeneity, quantity estimation, variety",Variety reduces perceived quantity,,,,,The authors of the original study report their own replication in their study 2. We picked the first reported effect size.,"Röseler, Lukas",44991.73814814815,,,,0.76517826,0.020995371,80,45,"Redden, J. P., & Hoch, S. J. (2009). The presence of variety reduces perceived
quantity. Journal of Consumer Research, 36(3), 406-417., Study 1",10.1086/598971,"Redden, J. P., & Hoch, S. J. (2009). The presence of variety reduces perceived quantity. Journal of Consumer Research, 36(3), 406-417. https://doi.org/10.1086/598971",1.0,"Röseler, L., Felser, G., Asberger, J., & Schütz, A. (2020, October 23). No effect of variety on perceived quantity: Evidence from six studies. (Study 5)",10.31234/osf.io/v643q,"Röseler, L., Felser, G., Asberger, J., & Schütz, A. (2020, October 23). No effect of variety on perceived quantity: Evidence from six studies. https://doi.org/10.31234/osf.io/v643q",5.0,,,2.377,d,0.042,d,,,,,,,,,,,https://osf.io/9s4w7/,,2,sosci_3,1,,0,1,,,,,,,,,,,Failure,,,,,,,,,,,,,,,0.655699215,0.843143658,-0.274228571,0.312602758,1,0,1,Journal of Consumer Research,,,,,,,,,,,,,,,,,,,2009,0.002174837,1.41424E-16,0.022707241,0.891115431,0.999999627,no signal,inconsistent,no signal - inconsistent,8.850342588,0.113960576
soscisubmission2,soscisubmission2,2.0,,1,LR,Individual submissions,Consumer Psychology,Variety reduces perceived quantity,"gestalt, heterogeneity, homogeneity, quantity estimation, variety",Variety reduces perceived quantity,,,,,The original authors replicated their own effect in Study 2 of their paper. We picked the first effect as original effect size.,"Röseler, Lukas",44991.734768518516,,,,0.76517826,0.014998313,80,82,"Redden, J. P., & Hoch, S. J. (2009). The presence of variety reduces perceived
quantity. Journal of Consumer Research, 36(3), 406-417., Study 1",10.1086/598971,"Redden, J. P., & Hoch, S. J. (2009). The presence of variety reduces perceived quantity. Journal of Consumer Research, 36(3), 406-417. https://doi.org/10.1086/598971",1.0,"Röseler, L., Felser, G., Asberger, J., & Schütz, A. (2020, October 23). No effect of variety on perceived quantity: Evidence from six studies. (Study 4)",10.31234/osf.io/v643q,"Röseler, L., Felser, G., Asberger, J., & Schütz, A. (2020, October 23). No effect of variety on perceived quantity: Evidence from six studies. https://doi.org/10.31234/osf.io/v643q",4.0,,,2.377,d,-0.03,d,,,,,,,,,,,https://osf.io/9s4w7/,,2,sosci_2,1,,0,,,,,,,,,,,,Failure,,,,,,,,,,,,,,,0.655699215,0.843143658,-0.202668446,0.231252771,1,0,1,Journal of Consumer Research,,,,,,,,,,,,,,,,,,,2009,0.002174837,1.41424E-16,0.012340125,0.893609782,1,no signal,inconsistent,no signal - inconsistent,8.850342588,0.113960576
soscisubmission1,soscisubmission1,2.0,,1,LR,Individual submissions,Consumer Psychology,Variety reduces perceived quantity,"gestalt, heterogeneity, homogeneity, quantity estimation, variety",Variety reduces perceived quantity,,,,,This original effect has been replicated by the original authors in their Study 4 with a different effect size and with a smaller sample size. We picked the first instances where the effect was reported.,"Röseler, Lukas",44991.730891203704,,,,0.193285099,0.028488432,105,144,"Redden, J. P., & Hoch, S. J. (2009). The presence of variety reduces perceived
quantity. Journal of Consumer Research, 36(3), 406-417., Study 3",10.1086/598971,"Redden, J. P., & Hoch, S. J. (2009). The presence of variety reduces perceived quantity. Journal of Consumer Research, 36(3), 406-417. https://doi.org/10.1086/598971",3.0,"Röseler, L., Felser, G., Asberger, J., & Schütz, A. (2020, October 23). No effect of variety on perceived quantity: Evidence from six studies. (Study 3)",10.31234/osf.io/v643q,"Röseler, L., Felser, G., Asberger, J., & Schütz, A. (2020, October 23). No effect of variety on perceived quantity: Evidence from six studies. https://doi.org/10.31234/osf.io/v643q",3.0,,,0.394,d,0.057,d,,,,,,,,,,,https://osf.io/9s4w7/,,2,sosci_1,0,,0,,,,,,,,,,,,Failure,,,,,,,,,,,,,,,0.00168217,0.371198899,-0.135719951,0.191173486,1,0,0.754,Journal of Consumer Research,,,,,,,,,,,,,,,,,,,2009,0.00891036,0.048206264,0.006981661,0.734646991,0.754224918,no signal,inconsistent,no signal - inconsistent,1.97695308,0.099014754
Boyce_etal2023124,,2.0,,1,Veronica Boyce,Boyce_etal2023,Psychology,,,Predicting users' first impressions of website aesthetics with a quantification of perceived visual complexity and colorfulness,,,,,subfield: non-psych,LR,45429.0,,,,0.42378886,0.28868296,184,82,"Reinecke, K., Yeh, T., Miratrix, L., Mardiko, R., Zhao, Y., Liu, J., &
Gajos, K. Z. (2013, April). Predicting users' first impressions of website
aesthetics with a quantification of perceived visual complexity and colorfulness.
In Proceedings of the SIGCHI conference on human factors in computing systems
(pp. 2049-2058).",10.1145/2470654.2481281,"Reinecke, K., Yeh, T., Miratrix, L., Mardiko, R., Zhao, Y., Liu, J., & Gajos, K. Z. (2013, April). Predicting users' first impressions of website aesthetics with a quantification of perceived visual complexity and colorfulness. In Proceedings of the SIGCHI conference on human factors in computing systems (pp. 2049-2058).",1.0,"Boyce, V., Mathur, M., & Frank, M. C. (2023). Eleven years of student replication projects provide evidence on the correlates of replicability in psychology. Royal Society Open Science, 10(11), 231240. https://doi.org/10.1098/rsos.231240",10.1098/rsos.231363,"Boyce, V., Mathur, M., & Frank, M. C. (2023). Eleven years of student replication projects provide evidence on the correlates of replicability in psychology. Royal Society Open Science, 10(11), 231240. https://doi.org/10.1098/rsos.231240",,,,,,,,,,,,,,,,,,https://osf.io/xwn9m/,,2,,,1.0,,0,,,,,,,,,,,Success,,,,,,,,,,,,close,,,0.297357567,0.535613689,0.076466153,0.475878103,,,,,,,,,,,,,,,,,,,,,,,2058,0.003677929,2.04385E-09,0.010373697,0.00853205,0.991782232,signal,consistent,signal - consistent,6.085091999,0.074329415
Boyce_etal2023125,,2.0,,1,Veronica Boyce,Boyce_etal2023,Psychology,,,Perceived partner responsiveness promotes intellectual humility,,,,,subfield: social,LR,45429.0,,,,0.57162051,0.26354941,350,208,"Reis, H. T., Lee, K. Y., O'Keefe, S. D., & Clark, M. S. (2018). Perceived
partner responsiveness promotes intellectual humility. Journal of Experimental
Social Psychology, 79, 21-33.",,"Reis, H. T., Lee, K. Y., O'Keefe, S. D., & Clark, M. S. (2018). Perceived partner responsiveness promotes intellectual humility. Journal of Experimental Social Psychology, 79, 21-33.",5.0,"Boyce, V., Mathur, M., & Frank, M. C. (2023). Eleven years of student replication projects provide evidence on the correlates of replicability in psychology. Royal Society Open Science, 10(11), 231240. https://doi.org/10.1098/rsos.231240",10.1098/rsos.231364,"Boyce, V., Mathur, M., & Frank, M. C. (2023). Eleven years of student replication projects provide evidence on the correlates of replicability in psychology. Royal Society Open Science, 10(11), 231240. https://doi.org/10.1098/rsos.231240",,,,,,,,,,,,,,,,,,https://osf.io/xwn9m/,,2,,,0.0,,0,,,"MSD2: m1=12.27(4.38), m2=10.51(5.04)","MSD2: m1=12.3(4.38), m2=10.5(5.04)",,,,,,,Success,,,,,,,,,,,,close,,,0.496545096,0.638207128,0.132249908,0.385759684,,,,,,,,,,,,,,,,,,,,,,,2018,0.001298755,9.41665E-32,0.00418313,0.000119925,1,signal,"inconsistent, smaller","signal - inconsistent, smaller",12.10678996,0.053682813
soscisubmission47,,2.0,,1,CD,Individual submissions,,,,behavioral age group differences in Theory of Mind (ToM) in adulthood,,,,,,,45203.0,,,,0.741619849,0.749666593,107,86,"Reiter, A. M. F., Kanske, P., Eppinger, B., & Li, S. C. (2017). The Aging
of the Social Mind - Differential Effects on Components of Social Understanding.
Scientific reports, 7(1), 11046. https://doi.org/10.1038/s41598-017-10669-4",10.1038/s41598-017-10669-4,"Reiter, A. M. F., Kanske, P., Eppinger, B., & Li, S. C. (2017). The Aging of the Social Mind - Differential Effects on Components of Social Understanding. Scientific reports, 7(1), 11046. https://doi.org/10.1038/s41598-017-10669-4",,"Stietz, J., Pollerhoff, L., Kurtz, M., Li, S. C., Reiter, A. M. F., & Kanske, P. (2021). The ageing of the social mind: replicating the preservation of socio-affective and the decline of socio-cognitive processes in old age. Royal Society open science, 8(8), 210641. https://doi.org/10.1098/rsos.210641",10.1098/rsos.210641,"Stietz, J., Pollerhoff, L., Kurtz, M., Li, S. C., Reiter, A. M. F., & Kanske, P. (2021). The ageing of the social mind: replicating the preservation of socio-affective and the decline of socio-cognitive processes in old age. Royal Society open science, 8(8), 210641. https://doi.org/10.1098/rsos.210641",,,,0.55,etasq,0.562,etasq,,,,,,,,,,,,,,"sosci_Stietz,.Pollerhoff,.Kurtz,.Li,.Reiter,.&.Kanske.(2021)",1,,1,1,,,"F(1,105) = 126.03","F(1,84) = 107.831","Reiter, A. M. F., Kanske, P., Eppinger, B., & Li, S. C. (2017). The Aging of the Social Mind - Differential Effects on Components of Social Understanding. Scientific reports, 7(1), 11046. https://doi.org/10.1038/s41598-017-10669-4
 
 page 5 (sample), page 2 (effect size)
 
 Stietz, J., Pollerhoff, L., Kurtz, M., Li, S. C., Reiter, A. M. F., & Kanske, P. (2021). The ageing of the social mind: replicating the preservation of socio-affective and the decline of socio-cognitive processes in old age. Royal Society open science, 8(8), 210641. https://doi.org/10.1098/rsos.210641
 
 page 3 (sample), page 8 (effect size)",,,,,,Success,,,,,,,,,,,,,0.00191038,,0.642182512,0.816511221,0.639341645,0.82974816,1,,,Scientific Reports,,,,,,,,,,,,,,,,,,,2017,0.001910377,6.46437E-20,0.002256988,1.00392E-16,1,signal,consistent,signal - consistent,9.729637749,0.098058068
soscisubmission49,,2.0,,1,CD,Individual submissions,,,,behavioral age group differences in compassion in adulthood,,,,,,"Stietz, Julia",45203.0,,,,0.443625154,0.612571665,107,85,"Reiter, A.M.F., Kanske, P., Eppinger, B. et al. The Aging of the Social
Mind - Differential Effects on Components of Social Understanding. Sci
Rep 7, 11046 (2017). https://doi.org/10.1038/s41598-017-10669-4",10.1038/s41598-017-10669-4,"Reiter, A.M.F., Kanske, P., Eppinger, B. et al. The Aging of the Social Mind - Differential Effects on Components of Social Understanding. Sci Rep 7, 11046 (2017). https://doi.org/10.1038/s41598-017-10669-4",,"Stietz, J., Pollerhoff, L., Kurtz, M., Li, S. C., Reiter, A. M. F., & Kanske, P. (2021). The ageing of the social mind: replicating the preservation of socio-affective and the decline of socio-cognitive processes in old age. Royal Society open science, 8(8), 210641. https://doi.org/10.1098/rsos.210641",10.1098/rsos.210641,"Stietz, J., Pollerhoff, L., Kurtz, M., Li, S. C., Reiter, A. M. F., & Kanske, P. (2021). The ageing of the social mind: replicating the preservation of socio-affective and the decline of socio-cognitive processes in old age. Royal Society open science, 8(8), 210641. https://doi.org/10.1098/rsos.210641",,,,0.99,d,-1.55,d,,,,,,,,,,,,,,"sosci_Stietz,.Pollerhoff,.Kurtz,.Li,.Reiter,.&.Kanske.(2021)",1,,1,1,,,t(82.74) = 5.20,t(72) = 7.087,"page 3 (original study)
 page 7 (replication study)",,,,,,Success,,,,,,,,,,,,,0.00608608,,0.277106288,0.584272637,0.459427588,0.730346284,1,,,Scientific Reports,,,,,,,,,,,,,,,,,,,2017,0.006086085,1.70295E-06,0.004646667,4.65354E-10,0.996497589,signal,"inconsistent, larger","signal - inconsistent, larger",4.86176441,0.098058068
soscisubmission48,,2.0,,1,CD,Individual submissions,,,,behavioral age group differences in empathy in adulthood,,,,,,"Stietz, Julia",45203.0,,,,0.141421356,0.161245155,107,83,"Reiter, A.M.F., Kanske, P., Eppinger, B. et al. The Aging of the Social
Mind - Differential Effects on Components of Social Understanding. Sci
Rep 7, 11046 (2017). https://doi.org/10.1038/s41598-017-10669-4",10.1038/s41598-017-10669-4,"Reiter, A.M.F., Kanske, P., Eppinger, B. et al. The Aging of the Social Mind - Differential Effects on Components of Social Understanding. Sci Rep 7, 11046 (2017). https://doi.org/10.1038/s41598-017-10669-4",,"Stietz, J., Pollerhoff, L., Kurtz, M., Li, S. C., Reiter, A. M. F., & Kanske, P. (2021). The ageing of the social mind: replicating the preservation of socio-affective and the decline of socio-cognitive processes in old age. Royal Society open science, 8(8), 210641. https://doi.org/10.1098/rsos.210641",10.1098/rsos.210641,"Stietz, J., Pollerhoff, L., Kurtz, M., Li, S. C., Reiter, A. M. F., & Kanske, P. (2021). The ageing of the social mind: replicating the preservation of socio-affective and the decline of socio-cognitive processes in old age. Royal Society open science, 8(8), 210641. https://doi.org/10.1098/rsos.210641",,,,0.02,etasq,0.026,etasq,,,,,,,,,,,,,,"sosci_Stietz,.Pollerhoff,.Kurtz,.Li,.Reiter,.Kanske",1,,1,1,,,"F(1,105) = 2.45","F1,81 = 2.164","Page 2 (original study)
 Page 7 (replication study)",,,,,,OS not significant,,,,,,,,,,,,,0.00906038,0.01156922,-0.049773474,0.322617476,-0.056405873,0.364265708,0,0,0.358,Scientific Reports,,,,,,,,,,,,,,,,,,,2017,0.009060377,0.146222313,0.01156922,0.145314436,0.358248611,no signal,OS not significant,no signal - OS not significant,1.451952366,0.098058068
gh52k,gh52k,2.0,,1,LR,OSF Registries,,,"anchoring, anchoring effect, numeric priming, replication, subliminal",interaction effect of high vs. low anchor and time pressure vs. no time pressure.,,,,,,"Lukas Röseler, Astrid Schütz, Evgenia Burlakovas, Marieluisa Dück, Sabine Fels, Sophie Janiczek , Jana Kupfer, Elena Prinz, Sarah Wieczorek, Christian Seida",44927.0,,,,0.2118311,0.02499219,62,170,"Reitsma-van Rooijen, M., & Daamen, D. D. (2006). Subliminal anchoring:
The effects of subliminally presented numbers on probability estimates.
Journal of Experimental Social Psychology, 42(3), 380-387.",10.1016/j.jesp.2005.05.001,"Reitsma-van Rooijen, M., & Daamen, D. D. (2006). Subliminal anchoring: The effects of subliminally presented numbers on probability estimates. Journal of Experimental Social Psychology, 42(3), 380-387. https://doi.org/10.1016/j.jesp.2005.05.001",,"Röseler, L., Schütz, A., Burlakovas, E., Dück, M., Fels, S., Janiczek, S., … Seida, C. (2022, September 15). Replication of Reitsma-van Rooijen and Daamen  (2006). https://doi.org/10.17605/OSF.IO/GH52K",10.17605/OSF.IO/GH52K,"Röseler, L., Schütz, A., Burlakovas, E., Dück, M., Fels, S., Janiczek, S., … Seida, C. (2022, September 15). Replication of Reitsma-van Rooijen and Daamen  (2006). https://doi.org/10.17605/OSF.IO/GH52K",,,,,,,,,,,,,,,,,,https://www.osf.io/gh52k,,,,,,,,,,,,,,,,,,OS not significant,https://www.osf.io/gh52k,,,,,,,,,,,,,,-0.040056436,0.438403932,-0.125996019,0.174848717,0,0,0.873,Journal of Experimental Social Psychology,,,,,,,,,,,,,,,,,,,2006,0.014955225,0.098365277,0.00590977,0.746313071,0.873489668,no signal,OS not significant,no signal - OS not significant,1.652119947,0.130188911
OpAQ_264,,2.0,,1,LR,OpAQ,Judgment and Decision Making,Subliminal Anchoring Effect,"anchoring, anchor, numerical estimates, anchoring and adjustment, heuristics and biases, subliminal anchoring","When giving numerical estimates, people are biased towards a previously subliminally presented value",,,,,Sample size is either 32 or 30,LR,45253.0,,,,0.397736176,0.051929838,31,169,"Reitsma-van Rooijen, M., & Daamen, D. D. L. (2006). Subliminal anchoring:
The effects of subliminally presented numbers on probability estimates.
Journal of Experimental Social Psychology, 42(3), 380–387. https://doi.org/10.1016/j.jesp.2005.05.001",10.1016/j.jesp.2005.05.001,"Reitsma-van Rooijen, M., & Daamen, D. D. L. (2006). Subliminal anchoring: The effects of subliminally presented numbers on probability estimates. Journal of Experimental Social Psychology, 42(3), 380–387. https://doi.org/10.1016/j.jesp.2005.05.001",,"Röseler, L., Schütz, A., Blank, P. A., Dück, M., Fels, S., Kupfer, J., Scheelje, L., & Seida, C. (2021). Evidence against subliminal anchoring: Two close, highly powered, preregistered, and failed replication attempts. Journal of Experimental Social Psychology, 92, 104066. https://doi.org/10.1016/j.jesp.2020.104066",10.1016/j.jesp.2020.104066,"Röseler, L., Schütz, A., Blank, P. A., Dück, M., Fels, S., Kupfer, J., Scheelje, L., & Seida, C. (2021). Evidence against subliminal anchoring: Two close, highly powered, preregistered, and failed replication attempts. Journal of Experimental Social Psychology, 92, 104066. https://doi.org/10.1016/j.jesp.2020.104066",,,,0.867,d,0.104,d,,,,,,,,,,,https://osf.io/ygnvb/,,,"Röseler et al., 2021, Study 2",,,,0,Subsample with time pressure present,2.0,,,,,Table 2 in the Replication Report,Table 2 in the Replication Report,,,Failure,https://osf.io/qxwhv,,,,,,,,,,,,,,0.050515385,0.659176054,-0.099812655,0.201311718,,,,Journal of Experimental Social Psychology,,,,,,,,,,,,,,,,,,,2005,0.023621241,0.026703906,0.005920321,0.502519869,0.99992597,no signal,inconsistent,no signal - inconsistent,2.227493993,0.188982237
osc201526,osc201526,2.0,,1,CD,OSC 2015,,,"Attention, Humans, Phonetics, Reaction Time, Reading, Semantics, Speech, Writing",Contextual effects on reading aloud: Evidence for pathway control.,,,,,only contact author listed as contributor,Lai,44927.0,,,,0.160955695,0.14406846,16,20,"Reynolds, M., & Besner, D. (2008). Contextual effects on reading aloud:
Evidence for pathway control. Journal of Experimental Psychology: Learning,
Memory, and Cognition, 34(1), 50.",10.1037/0278-7393.34.1.50,"Reynolds, M., & Besner, D. (2008). Contextual effects on reading aloud: Evidence for pathway control. Journal of Experimental Psychology: Learning, Memory, and Cognition, 34(1), 50. https://doi.org/10.1037/0278-7393.34.1.50",,"Lai, C. K., & Simpson, W. B. (2023, September 28). Replication of Reynolds & Besner (2008, JEP:LMC, Study 5). Retrieved from osf.io/hasfu",10.1126/science.aac4716,"Open Science Collaboration. (2015). Estimating the reproducibility of psychological science. Science, 349(6251), aac4716. https://doi.org/10.1126/science.aac4716","Lai, C. K., & Simpson, W. B. (2023, September 28). Replication of Reynolds & Besner (2008, JEP:LMC, Study 5). Retrieved from osf.io/hasfu",,,,,,,,,,,,,,,,,https://osf.io/hasfu/,,,,,,,,,,,,,,,,,,OS not significant,,,,,,,,,,,,,,,-0.363773917,0.608139634,-0.318775295,0.551433541,0,0,0.17,Journal of Experimental Psychology,,,,,,,,,,,,,,,,,,,2008,0.063257179,0.551508325,0.05046944,0.544526013,0.169896178,no signal,OS not significant,no signal - OS not significant,0.585424902,0.277350098
osc2015129,osc2015129,2.0,,1,CD,OSC 2015,,,"Adult, Anxiety [psychology], Arousal [physiology], Attention, Attitude, Bias (Epidemiology), Facial Expression, Female, Humans, Male, Prejudice",The threat of appearing prejudiced and race-based attentional biases.,,,,,only contact author listed as contributor,Lai,44927.0,,,,0.371775163,0.017674908,28,66,"Richeson, J. A., & Trawalter, S. (2008). The threat of appearing prejudiced
and race-based attentional biases. Psychological Science, 19(2), 98-102.",10.1111/j.1467-9280.2008.02052.x,"Richeson, J. A., & Trawalter, S. (2008). The threat of appearing prejudiced and race-based attentional biases. Psychological Science, 19(2), 98-102. https://doi.org/10.1111/j.1467-9280.2008.02052.x",,,10.1126/science.aac4716,"Open Science Collaboration. (2015). Estimating the reproducibility of psychological science. Science, 349(6251), aac4716. https://doi.org/10.1126/science.aac4716",,,,,,,,,,,,,,,,,,https://osf.io/c5fza/,,,,,,,,,,,,,,,,,,OS not significant,,,,,,,,,,,,,,,-0.001511398,0.654124537,-0.225321772,0.258601409,0,0,0.93,Psychological Science,,,,,,,,,,,,,,,,,,,2008,0.027506309,0.051411614,0.015375005,0.887981301,0.930284001,no signal,OS not significant,no signal - OS not significant,1.952406991,0.2
Boyce_etal2023126,,2.0,,1,Veronica Boyce,Boyce_etal2023,Psychology,,,Memory and cognitive control in task switching,,,,,subfield: cognitive,LR,45429.0,,,,0.44320731,0.42278122,18,45,"Richter, F. R., & Yeung, N. (2012). Memory and cognitive control in task
switching. Psychological Science, 23(10), 1256-1263.",10.1177/0956797612444613,"Richter, F. R., & Yeung, N. (2012). Memory and cognitive control in task switching. Psychological Science, 23(10), 1256-1263.",1.0,"Boyce, V., Mathur, M., & Frank, M. C. (2023). Eleven years of student replication projects provide evidence on the correlates of replicability in psychology. Royal Society Open Science, 10(11), 231240. https://doi.org/10.1098/rsos.231240",10.1098/rsos.231365,"Boyce, V., Mathur, M., & Frank, M. C. (2023). Eleven years of student replication projects provide evidence on the correlates of replicability in psychology. Royal Society Open Science, 10(11), 231240. https://doi.org/10.1098/rsos.231240",,,,,,,,,,,,,,,,,,https://osf.io/xwn9m/,,2,,,1.0,,0,,,t(17) = -2.60,t(44) = 3.32,,,,,,,OS not significant,,,,,,,,,,,,very close,,,-0.029836549,0.754049324,0.147559539,0.637233995,,,,,,,,,,,,,,,,,,,,,,,2012,0.037983551,0.065453514,0.01532867,0.003811911,0.929912328,signal,OS not significant,signal - OS not significant,1.844373218,0.25819889
Manylabs2_18,,2.0,,1,LK asseckert,ML2,Psychology,,Many Labs 2,Reluctance to tempt fate,,,,,,Lukas Röseler,45384.0,,,,0.191395051,0.089637699,120,8000,"Risen, J. L., & Gilovich, T. (2008). Why people are reluctant to  tempt
fate. Journal of Personality and Social Psychology, 95, 293–307. doi:10.1037/0022-3514.95.2.293
Study 2",10.1037/0022-3514.95.2.293,"Risen, J. L., & Gilovich, T. (2008). Why people are reluctant to  tempt fate. Journal of Personality and Social Psychology, 95, 293–307. https://doi.org/10.1037/0022-3514.95.2.293",2.0,"Klein, R. A., Vianello, M., Hasselman, F., Adams, B. G., Adams Jr, R. B., Alper, S., ... & Sowden, W. (2018). Many Labs 2: Investigating variation in replicability across samples and settings. Advances in Methods and Practices in Psychological Science, 1(4), 443-490.",10.1177/2515245918810225,"Klein, R. A., Vianello, M., Hasselman, F., Adams, B. G., Adams Jr, R. B., Alper, S., ... & Sowden, W. (2018). Many Labs 2: Investigating variation in replicability across samples and settings. Advances in Methods and Practices in Psychological Science, 1(4), 443-490. https://doi.org/10.1177/2515245918810225",,,,0.39,d,0.18,d,,,,,,,,,,,https://osf.io/8cd4r/,,2,manylabs2,,,1,,,,,,,,,,,,Success,,,,,,,,,,,,,,,0.012585468,0.358343106,0.067857326,0.111332674,,,,Journal of Personality and Social Psychology,,,,,,,,,,,,,,,,,,,2008,0.007798973,0.036252614,0.000123015,9.56155E-16,1,signal,"inconsistent, smaller","signal - inconsistent, smaller",2.096103826,0.092450033
Boyce_etal2023127,,2.0,,1,Veronica Boyce,Boyce_etal2023,Psychology,,,Why people are reluctant to tempt fate,,,,,subfield: social,LR,45429.0,,,,0.75,0.5293166,120,226,"Risen, J. L., & Gilovich, T. (2008). Why people are reluctant to tempt
fate. Journal of personality and social psychology, 95(2), 293.",,"Risen, J. L., & Gilovich, T. (2008). Why people are reluctant to tempt fate. Journal of personality and social psychology, 95(2), 293.",6.0,"Boyce, V., Mathur, M., & Frank, M. C. (2023). Eleven years of student replication projects provide evidence on the correlates of replicability in psychology. Royal Society Open Science, 10(11), 231240. https://doi.org/10.1098/rsos.231240",10.1098/rsos.231366,"Boyce, V., Mathur, M., & Frank, M. C. (2023). Eleven years of student replication projects provide evidence on the correlates of replicability in psychology. Royal Society Open Science, 10(11), 231240. https://doi.org/10.1098/rsos.231240",,,,,,,,,,,,,,,,,,https://osf.io/xwn9m/,,2,,,0.0,,0,,,"F(1, 116) = 4.15",,,,,,,,Success,,,,,,,,,,,,exact,,,0.659402848,0.819125478,0.428408983,0.617184362,,,,,,,,,,,,,,,,,,,,,,,2008,0.001608456,6.38192E-23,0.002302873,1.01661E-17,1,signal,"inconsistent, smaller","signal - inconsistent, smaller",10.52411823,0.092450033
osc20151,osc20151,2.0,,1,LR,OSC 2015,,,"Association Learning, Attention, Color Perception, Computer Simulation, Eye Movements, Field Dependence-Independence, Humans, Pattern Recognition, Visual, Phonetics, Reaction Time, Reading, Semantics, Verbal Behavior",Tracing attention and the activation flow in spoken word planning using eye movements.,,,,,only contact author listed as contributor,van Rijn,44927.0,,,,0.594605285,0.148340453,24,29,"Roelofs, A. (2008). Tracing attention and the activation flow in spoken
word planning using eye movements. Journal of Experimental Psychology:
Learning, Memory, and Cognition, 34(2), 353-368.",10.1037/0278-7393.34.2.353,"Roelofs, A. (2008). Tracing attention and the activation flow in spoken word planning using eye movements. Journal of Experimental Psychology: Learning, Memory, and Cognition, 34(2), 353-368. https://doi.org/10.1037/0278-7393.34.2.353",,"Van Rijn, H., & Scholz, S. (2023, September 28). Replication of A Roelofs (2008, JEPLMC 34(2), Exp 3). Retrieved from osf.io/qwkum",10.1126/science.aac4716,"Open Science Collaboration. (2015). Estimating the reproducibility of psychological science. Science, 349(6251), aac4716. https://doi.org/10.1126/science.aac4716","Van Rijn, H., & Scholz, S. (2023, September 28). Replication of A Roelofs (2008, JEPLMC 34(2), Exp 3). Retrieved from osf.io/qwkum",,,,,,,,,,,,,,,,,https://osf.io/qwkum/,,1,,,,,,,,,,,,,,,,Failure,,,,,,,,,,,,,,,0.251544494,0.804930019,-0.230708285,0.488298504,1,0,0.971,Journal of Experimental Psychology,,,,,,,,,,,,,,,,,,,2008,0.018169155,0.002181492,0.034159801,0.442509378,0.971471264,no signal,inconsistent,no signal - inconsistent,3.137965259,0.21821789
Data (editable)_1,,2.0,,1,LK,Individual submissions,Marketing,,Freezing response to social threat,"Freezing is an adaptive defensive response to a stressful event. It is characterized by reduced body motion, reduced heart rate (bradycardia), and increased muscle tonus. Social threats in the context of these studies are stimuli of angry faces. ",,,,,"""To conclude, the current research has largely replicated the freezing-to-social-threat effect initially demonstrated by Roelofs et al. (2010). We hope our work strengthens the confidence in the effect and paves the way for further research and applications in the context of (social) threat and physiology"", but in a personal correspondence, Hilbert wrote that the results were ambiguous, thats why we decided to label it as an inconclusive result",Leon P. Hilbert,45216.0,,"Among the effects reported in the original paper, only the effect on heart rate slowing (bradycardia) was tested in the replication study.",,0.316227766,0.282842712,47,54,"Roelofs, K., Hagenaars, M. A., & Stins, J. (2010). Facing freeze: Social
threat induces bodily freeze in humans. Psychological Science, 21, 1575–1581.
https://doi.org/10.1177/0956797610384746",10.1177/0956797610384746,"Roelofs, K., Hagenaars, M. A., & Stins, J. (2010). Facing freeze: Social threat induces bodily freeze in humans. Psychological Science, 21, 1575–1581. https://doi.org/10.1177/0956797610384746",,"Noordewier, M. K., Scheepers, D. T., & Hilbert, L. P. (2020). Freezing in response to social threat: a replication. Psychological Research, 84, 1890-1896. https://doi.org/10.1007/s00426-019-01203-4",10.1007/s00426-019-01203-4,"Noordewier, M. K., Scheepers, D. T., & Hilbert, L. P. (2020). Freezing in response to social threat: a replication. Psychological Research, 84, 1890-1896. https://doi.org/10.1007/s00426-019-01203-4",,,,0.1,etasq,0.08,etasq,,,,,,,,,,,,,2,,1,,1,0,,,"F(2, 45) = 3.14","F(2,52) = 2.10",,,,,,,Success,,,,,,,,,,,,,,,0.03196357,0.553161881,0.016317987,0.511839548,,,,Psychological Science,,,,,,,,,,,,,,,,,,,2010,0.017608696,0.030350989,0.015969811,0.038232582,0.762947601,signal,consistent,signal - consistent,2.172058572,0.150755672
Boyce_etal2023128,,2.0,,1,Veronica Boyce,Boyce_etal2023,Psychology,,,The risks and rewards of using truthful statements to mislead others,,,,,subfield: social,LR,45429.0,,,,0.20469731,0.13399404,155,152,"Rogers, T., Zeckhauser, R., Gino, F., Norton, M. I., & Schweitzer, M. E.
(2017). Artful paltering: The risks and rewards of using truthful statements
to mislead others. Journal of personality and social psychology, 112(3),
456.",,"Rogers, T., Zeckhauser, R., Gino, F., Norton, M. I., & Schweitzer, M. E. (2017). Artful paltering: The risks and rewards of using truthful statements to mislead others. Journal of personality and social psychology, 112(3), 456.",3.0,"Boyce, V., Mathur, M., & Frank, M. C. (2023). Eleven years of student replication projects provide evidence on the correlates of replicability in psychology. Royal Society Open Science, 10(11), 231240. https://doi.org/10.1098/rsos.231240",10.1098/rsos.231367,"Boyce, V., Mathur, M., & Frank, M. C. (2023). Eleven years of student replication projects provide evidence on the correlates of replicability in psychology. Royal Society Open Science, 10(11), 231240. https://doi.org/10.1098/rsos.231240",,,,,,,,,,,,,,,,,,https://osf.io/xwn9m/,,2,,,0.0,,0,,,bse b=.04 (.34),bse b=0.04378 (0.35011),,,,,,,Failure,,,,,,,,,,,,exact,,,0.048617985,0.351018131,-0.025756089,0.28707096,,,,,,,,,,,,,,,,,,,,,,,2017,0.005960738,0.010620452,0.006386845,0.099808495,0.815448905,no signal,consistent,no signal - consistent,2.559839706,0.081110711
Boyce_etal2023162,,2.0,,1,Veronica Boyce,Boyce_etal2023,Psychology,,,Choice boosts curiosity,,,,,subfield: cognitive,LR,45429.0,,,,0.27304673,0.19555301,34,31,"Romero Verdugo, P., van Lieshout, L. L., de Lange, F. P., & Cools, R. (2020).
Choice boosts curiosity. Psychological Science, 09567976221082637.",10.1177/09567976221082637,"Romero Verdugo, P., van Lieshout, L. L., de Lange, F. P., & Cools, R. (2020). Choice boosts curiosity. Psychological Science, 09567976221082637.",1.0,"Boyce, V., Mathur, M., & Frank, M. C. (2023). Eleven years of student replication projects provide evidence on the correlates of replicability in psychology. Royal Society Open Science, 10(11), 231240. https://doi.org/10.1098/rsos.231240",10.1098/rsos.231401,"Boyce, V., Mathur, M., & Frank, M. C. (2023). Eleven years of student replication projects provide evidence on the correlates of replicability in psychology. Royal Society Open Science, 10(11), 231240. https://doi.org/10.1098/rsos.231240",,,,,,,,,,,,,,,,,,https://osf.io/xwn9m/,,2,,,1.0,,0,,,"MSD2: m1=2.94(.33), m2=2.78(.3)","MSD2: m1=3.045977(.9111772), m2=2.940476(.9737666)",,,,,,,OS not significant,,,,,,,,,,,,exact,,,-0.071743397,0.559546665,-0.170608996,0.514258956,,,,,,,,,,,,,,,,,,,,,,,2020,0.02595301,0.118187368,0.03083268,0.291758737,0.445699595,no signal,OS not significant,no signal - OS not significant,1.559826193,0.179605302
OpenMKT4,OpenMKT4,2.0,,1,LK,openmkt,Marketing,,Sensory Marketing,Participants tend to prefer the healthy item (broccoli salad) when it is on the left (vs. right) of the images,,,,,,"Kaiser, Leonard",45142.0,,,,0.241,-0.011,93,823,"Romero, M., and Biswas, D. (2016). Healthy-left, unhealthy-right: can displaying
healthy. items to the left (vs. right) of unhealthy items nudge healthier
choices? J. Consum. Res. 43, 103–112. doi: 10.1093/jcr/ucw008 Study 1b",10.1093/jcr/ucw008,"Romero, M., and Biswas, D. (2016). Healthy-left, unhealthy-right: can displaying healthy. items to the left (vs. right) of unhealthy items nudge healthier choices? J. Consum. Res. 43, 103–112. https://doi.org/10.1093/jcr/ucw008",1b,"Motoki, K., & Iseki, S. (2022). Evaluating replicability of ten influential research on sensory marketing. Frontiers in Communication, 7, 1048896.",10.3389/fcomm.2022.1048896,"Motoki, K., & Iseki, S. (2022). Evaluating replicability of ten influential research on sensory marketing. Frontiers in Communication, 7, 1048896. https://doi.org/10.3389/fcomm.2022.1048896",,,,0.241,r,-0.011,r,,,,,,,,,,,https://osf.io/tnmvq/,,2,openMKT4,,,,,,,,,,,,,,,Failure,,,,,,,,,,,,,,,0.039217036,0.423897575,-0.079278634,0.057381364,,,,Journal of Consumer Research,,,,,,,,,,,,,,,,,,,2016,0.009643602,0.019960001,0.001216251,0.752687516,0.999999967,no signal,inconsistent,no signal - inconsistent,2.332200366,0.105409255
soscisubmission88,,2.0,,1,LK,Individual submissions,Cognitive Psychology,posture attention effect/Stroop posture effect,"Stroop, posture, standing, attention, cognitive control",Standing is better than sitting for attention performance on the Stroop task,,,,,,"LaPlume, Annalise",45331.0,,,,0.447213595,0.519615242,83,14,"Rosenbaum, D., Mama, Y., & Algom, D. (2017). Stand by your Stroop: Standing
up enhances selective attention and cognitive control. Psychological Science,
28, 1864–1867.",10.1177/0956797617721270,"Rosenbaum, D., Mama, Y., & Algom, D. (2017). Stand by your Stroop: Standing up enhances selective attention and cognitive control. Psychological Science, 28, 1864–1867. https://doi.org/10.1177/0956797617721270",,"Smith, K.C., Davoli, C.C., Knapp, W.H., Abrams, R.A.A. (2019). Standing enhances cognitive control and alters visual search. Attention, Perception, & Psychophysics, 81, 2320–2329",10.3758/s13414-019-01723-6,"Smith, K.C., Davoli, C.C., Knapp, W.H., Abrams, R.A.A. (2019). Standing enhances cognitive control and alters visual search. Attention, Perception, & Psychophysics, 81, 2320–2329. https://doi.org/10.3758/s13414-019-01723-6",,,,0.2,etasq,0.27,etasq,,,,,,,,,,,http://rabrams.net (under Resources tab),,2,sosci_35,1,not independent,1,0,,,"F = 3.65, p = .056 (Experiment 1); F = 1.56, p = .211(Experiment 2); F = 4.70, p = .030(Experiment 3)","F(2, 26) = 4.73, p = .018","Rosenbaum et al: pgs 2-3 (sample size, effect size, test statistic)
 Smith et al (2019): pg 2321 (sample size), pg 2322 (effect size, test statistic)",,,,,,Failure,N/A,1.0,1.0,1.0,1.0,1.0,2.0,2.0,1.0,1.0,3.0,"time, researchers, participants, participant nationality",,0.04099231,0.256241107,0.604585105,-0.015137675,0.823231992,,,,Psychological Science,,,,,,,,,,,,,,,,,,,1867,0.007804878,2.24948E-05,0.040992308,0.056860014,0.505645941,no signal,consistent,no signal - consistent,4.30408941,0.111803399
soscisubmission87,,2.0,,1,LK,Individual submissions,Cognitive Psychology,posture attention effect/Stroop posture effect,"Stroop, posture, standing, attention, cognitive control",Standing is better than sitting for attention performance on the Stroop task,,,,,,"LaPlume, Annalise",45331.0,,,,0.447213595,0.054772256,83,443,"Rosenbaum, D., Mama, Y., & Algom, D. (2017). Stand by your Stroop: Standing
up enhances selective attention and cognitive control. Psychological Science,
28, 1864–1867.",10.1177/0956797617721270,"Rosenbaum, D., Mama, Y., & Algom, D. (2017). Stand by your Stroop: Standing up enhances selective attention and cognitive control. Psychological Science, 28, 1864–1867. https://doi.org/10.1177/0956797617721270",,"Caron, E. E., Reynolds, M. G., Ralph, B. C., Carriere, J. S., Besner, D., & Smilek, D. (2020). Does posture influence the Stroop effect?. Psychological Science, 31(11), 1452-1460.",10.1177/0956797620953842,"Caron, E. E., Reynolds, M. G., Ralph, B. C., Carriere, J. S., Besner, D., & Smilek, D. (2020). Does posture influence the Stroop effect?. Psychological Science, 31(11), 1452-1460. https://doi.org/10.1177/0956797620953842",,,,0.2,etasq,0.003,etasq,,,,,,,,,,,t http:// journals.sagepub.com/doi/suppl/10.1177/0956797620953842,,2,sosci_34,1,not independent,1,0,,,"F = 3.65, p = .056 (Experiment 1); F = 1.56, p = .211(Experiment 2); F = 4.70, p = .030(Experiment 3)","F = 0.67, p = .415 (Experiment 1); F = 0.87, p = .351 (Experiment 2); F = 0.06, p = .810 (Experiment 3); F = 0.26, p = .609 (Experiment 4); F = 0.01, p = .916(Experiment 5)","Rosenbaum et al: pgs 2-3 (sample size, effect size, test statistic)
 Caron et al (2020): pg 1459 (sample size, effect size, test statistic)",,,,,,Failure,https://osf.io/43qtn,1.0,1.0,1.0,1.0,1.0,2.0,2.0,1.0,2.0,3.0,"time, participant samples (different nationalities)",,,0.256241107,0.604585105,-0.038591315,0.147187805,,,,Psychological Science,,,,,,,,,,,,,,,,,,,1867,0.007804878,2.24948E-05,0.002248889,0.24996712,1,no signal,inconsistent,no signal - inconsistent,4.30408941,0.111803399
Manylabs2_09,,2.0,,1,LKasseckert,ML2,Psychology,False consensus,Many Labs 2,False consensus: traffic-ticket scenario,,,,,,Lukas Röseler,45384.0,,,,0.371390676,0.429056815,320,7827,"Ross, L., Greene, D., & House, P. (1977). The “false consensus effect”:
An egocentric bias in social perception and attribution processes. Journal
of Experimental Social Psychology, 13, 279–301. doi:10.1016/0022-1031(77)90049-X
Study 1",10.1016/0022-1031(77)90049-X,"Ross, L., Greene, D., & House, P. (1977). The “false consensus effect”: An egocentric bias in social perception and attribution processes. Journal of Experimental Social Psychology, 13, 279–301. https://doi.org/10.1016/0022-1031(77)90049-X",1.0,"Klein, R. A., Vianello, M., Hasselman, F., Adams, B. G., Adams Jr, R. B., Alper, S., ... & Sowden, W. (2018). Many Labs 2: Investigating variation in replicability across samples and settings. Advances in Methods and Practices in Psychological Science, 1(4), 443-490.",10.1177/2515245918810225,"Klein, R. A., Vianello, M., Hasselman, F., Adams, B. G., Adams Jr, R. B., Alper, S., ... & Sowden, W. (2018). Many Labs 2: Investigating variation in replicability across samples and settings. Advances in Methods and Practices in Psychological Science, 1(4), 443-490. https://doi.org/10.1177/2515245918810225",,,,0.8,d,0.95,d,,,,,,,,,,,https://osf.io/8cd4r/,,2,manylabs2,,,1,,,,,,,,,,,,Success,,,,,,,,,,,,,,,0.272861372,0.462209846,0.410807232,0.44696272,,,,Journal of Personality and Social Psychology,,,,,,,,,,,,,,,,,,,1977,0.002329664,6.66236E-12,8.50638E-05,0,1,signal,"inconsistent, larger","signal - inconsistent, larger",6.944381438,0.056165596
Manylabs2_07,,2.0,,1,LKasseckert,ML2,Psychology,False consensus,Many Labs 2,False consensus: supermarket scenario,,,,,,Lukas Röseler,45384.0,,,,0.443625154,0.508148862,320,7205,"Ross, L., Greene, D., & House, P. (1977). The “false consensus effect”:
An egocentric bias in social perception and attribution processes. Journal
of Experimental Social Psychology, 13, 279–301. doi:10.1016/0022-1031(77)90049-X
Study 1",10.1016/0022-1031(77)90049-X,"Ross, L., Greene, D., & House, P. (1977). The “false consensus effect”: An egocentric bias in social perception and attribution processes. Journal of Experimental Social Psychology, 13, 279–301. https://doi.org/10.1016/0022-1031(77)90049-X",1.0,"Klein, R. A., Vianello, M., Hasselman, F., Adams, B. G., Adams Jr, R. B., Alper, S., ... & Sowden, W. (2018). Many Labs 2: Investigating variation in replicability across samples and settings. Advances in Methods and Practices in Psychological Science, 1(4), 443-490.",10.1177/2515245918810225,"Klein, R. A., Vianello, M., Hasselman, F., Adams, B. G., Adams Jr, R. B., Alper, S., ... & Sowden, W. (2018). Many Labs 2: Investigating variation in replicability across samples and settings. Advances in Methods and Practices in Psychological Science, 1(4), 443-490. https://doi.org/10.1177/2515245918810225",,,,0.99,d,1.18,d,,,,,,,,,,,https://osf.io/8cd4r/,,2,manylabs2,,,1,,,,,,,,,,,,Success,,,,,,,,,,,,,,,0.351060382,0.527603054,0.49081688,0.525078825,,,,Journal of Experimental Social Psychology,,,,,,,,,,,,,,,,,,,1977,0.002022335,7.32288E-17,7.63804E-05,0,1,signal,"inconsistent, larger","signal - inconsistent, larger",8.488029329,0.056165596
Manylabs2_29,,2.0,,1,LKasseckert,ML2,Psychology,,Many Labs 2,Affect and risk,,,,,,Lukas Röseler,45384.0,,,,0.347008882,0.039968038,40,7218,"Rottenstreich, Y., & Hsee, C. K. (2001). Money, kisses, and electric shocks:
On the affective psychology of risk. Psychological Science, 12, 185–190.
doi:10.1111/1467- 9280.00334 Study 1",10.1111/1467- 9280.00334,"Rottenstreich, Y., & Hsee, C. K. (2001). Money, kisses, and electric shocks: On the affective psychology of risk. Psychological Science, 12, 185–190. https://doi.org/10.1111/1467- 9280.00334",1.0,"Klein, R. A., Vianello, M., Hasselman, F., Adams, B. G., Adams Jr, R. B., Alper, S., ... & Sowden, W. (2018). Many Labs 2: Investigating variation in replicability across samples and settings. Advances in Methods and Practices in Psychological Science, 1(4), 443-490.",10.1177/2515245918810225,"Klein, R. A., Vianello, M., Hasselman, F., Adams, B. G., Adams Jr, R. B., Alper, S., ... & Sowden, W. (2018). Many Labs 2: Investigating variation in replicability across samples and settings. Advances in Methods and Practices in Psychological Science, 1(4), 443-490. https://doi.org/10.1177/2515245918810225",,,,0.74,d,-0.08,d,,,,,,,,,,,https://osf.io/8cd4r/,,2,manylabs2,,,1,,,,,,,,,,,,Success,,,,,,,,,,,,,,,0.039801989,0.594278769,0.016913354,0.062980245,,,,Psychological Science,,,,,,,,,,,,,,,,,,,2001,0.019837679,0.02825304,0.000138119,0.00068277,1,signal,"inconsistent, smaller","signal - inconsistent, smaller",2.202198001,0.164398987
OpenMKT14,OpenMKT14,2.0,,1,LK,openmkt,Marketing,,"resource scarcity, competitive orientation, welfare advancement, selfish, generous","When scarcity is salient, pro-self individuals will engage in even more selfish behavior compared to prosocial individuals. The difference between proself individual’s behavior and prosocial individual’s behavior is attenuated when scarcity is not salient.",,,,,,"Kaiser, Leonard",45158.0,,,,0.1678662,0.00790159,157,414,"Roux, C., Goldsmith, K., & Bonezzi, A. (2015). On the psychology of scarcity:
When reminders of resource scarcity promote selfish (and generous) behavior.
Journal of consumer research, 42(4), 615-631. Study 4",10.1093/jcr/ucv048,"Roux, C., Goldsmith, K., & Bonezzi, A. (2015). On the psychology of scarcity: When reminders of resource scarcity promote selfish (and generous) behavior. Journal of consumer research, 42(4), 615-631.",4.0,"O’Donnell, M., Dev, A. S., Antonoplis, S., Baum, S. M., Benedetti, A. H., Brown, N. D., Carrillo, B., Choi, A. L., Connor, P., Donnelly, K., Ellwood-Lowe, M. E., Foushee, R., Jansen, R., Jarvis, S. N., Lundell-Creagh, R., Ocampo, J. M., Okafor, G. N., Azad, Z. R., Rosenblum, M., … Nelson, L. D. (2021). Empirical audit and review and an assessment of evidentiary value in research on the psychological consequences of scarcity. Proceedings of the National Academy of Sciences, 118(44), e2103313118. 
",10.1073/pnas.2103313118,"O’Donnell, M., Dev, A. S., Antonoplis, S., Baum, S. M., Benedetti, A. H., Brown, N. D., Carrillo, B., Choi, A. L., Connor, P., Donnelly, K., Ellwood-Lowe, M. E., Foushee, R., Jansen, R., Jarvis, S. N., Lundell-Creagh, R., Ocampo, J. M., Okafor, G. N., Azad, Z. R., Rosenblum, M., … Nelson, L. D. (2021). Empirical audit and review and an assessment of evidentiary value in research on the psychological consequences of scarcity. Proceedings of the National Academy of Sciences, 118(44), e2103313118. https://doi.org/10.1073/pnas.2103313118",,,,0.1678662,r,0.00790159,r,,,,,,,,,,,https://osf.io/a2e96/,,2,openMKT14,,,,,,,,,,,,,,,Failure,,,,,,,,,,,,,,,0.011531269,0.31619035,-0.088543651,0.10420005,,,,Journal of Consumer Research,,,,,,,,,,,,,,,,,,,2015,0.006054077,0.035598387,0.002421005,0.872652658,0.963677784,no signal,inconsistent,no signal - inconsistent,2.103069607,0.080582296
osc201582,osc201582,2.0,,1,CD,OSC 2015,,,"Adolescent, Adult, Awareness, Cues, Face, Female, Hair, Heterosexuality [psychology], Homosexuality, Male [psychology], Humans, Judgment, Male, Nonverbal Communication, Sexual Behavior, Social Perception, Stereotyping, Young Adult",The face of success: inferences from chief executive officers' appearance predict company profits.,,,,,only contact author listed as contributor,Eggleston,44927.0,,,,0.3,0.27,50,50,"Rule, N., & Ambady, N. (2008). The face of success: Inferences from chief
executive officers' appearance predict company profits. Psychological Science
19(2), 109-111.",10.1111/j.1467-9280.2008.02054.x,"Rule, N., & Ambady, N. (2008). The face of success: Inferences from chief executive officers' appearance predict company profits. Psychological Science 19(2), 109-111. https://doi.org/10.1111/j.1467-9280.2008.02054.x",,"Talhelm, T., Eggleston, C., & Lee, M. (2023, September 28). Replication of Rule & Ambady (2008, PS, Study 1). Retrieved from osf.io/r5gpv",10.1126/science.aac4716,"Open Science Collaboration. (2015). Estimating the reproducibility of psychological science. Science, 349(6251), aac4716. https://doi.org/10.1126/science.aac4716","Talhelm, T., Eggleston, C., & Lee, M. (2023, September 28). Replication of Rule & Ambady (2008, PS, Study 1). Retrieved from osf.io/r5gpv",,,,,,,,,,,,,,,,,https://osf.io/r5gpv/,,,,,,,,,,,,,,,,,,Failure,,,,,,,,,,,,,,,0.023625077,0.533775187,-0.009026062,0.510017893,1,0,0.691,Psychological Science,,,,,,,,,,,,,,,,,,,2008,0.0169,0.03428618,0.01754111,0.057922417,0.691139485,no signal,consistent,no signal - consistent,2.121959498,0.145864991
Boyce_etal2023130,,2.0,,1,Veronica Boyce,Boyce_etal2023,Psychology,,,"Functional smiles: Tools for love, sympathy, and war",,,,,subfield: other-psych,LR,45429.0,,,,0.22724061,0.40785489,73,51,"Rychlowska, M., Jack, R. E., Garrod, O. G., Schyns, P. G., Martin, J. D.,
& Niedenthal, P. M. (2017). Functional smiles: Tools for love, sympathy,
and war. Psychological science, 28(9), 1259-1270.",10.1177/0956797617706082,"Rychlowska, M., Jack, R. E., Garrod, O. G., Schyns, P. G., Martin, J. D., & Niedenthal, P. M. (2017). Functional smiles: Tools for love, sympathy, and war. Psychological science, 28(9), 1259-1270.",Supp. 4,"Boyce, V., Mathur, M., & Frank, M. C. (2023). Eleven years of student replication projects provide evidence on the correlates of replicability in psychology. Royal Society Open Science, 10(11), 231240. https://doi.org/10.1098/rsos.231240",10.1098/rsos.231369,"Boyce, V., Mathur, M., & Frank, M. C. (2023). Eleven years of student replication projects provide evidence on the correlates of replicability in psychology. Royal Society Open Science, 10(11), 231240. https://doi.org/10.1098/rsos.231240",,,,,,,,,,,,,,,,,,https://osf.io/xwn9m/,,2,,,1.0,,0,,,rawprop: 756 / 1095,rawprop: 555/764,,,,,,,OS not significant,,,,,,,,,,,,exact,,,-0.002982599,0.434587385,0.149020891,0.614383045,,,,,,,,,,,,,,,,,,,,,,,2017,0.012491527,0.05318578,0.013899593,0.002970075,0.489707358,signal,OS not significant,signal - OS not significant,1.935009695,0.119522861
soscisubmission36,soscisubmission36,2.0,,1,CD,Individual submissions,,Placebo empathy analgesia,"social cognition, empathy, placebo, expectation,",Placebo empathy analgesia,,,,,,"Hartmann, Helena",45037.0,,,,0.347850543,0.070710678,102,90,"Rütgen, M., Seidel, E. M., Silani, G., Riečanský, I., Hummer, A., Windischberger,
C., ... & Lamm, C. (2015). Placebo analgesia and its opioidergic regulation
suggest that empathy for pain is grounded in self pain. Proceedings of
the National Academy of Sciences, 112(41), E5638-E5646 (empathy for pain
ratings)",10.1073/pnas.1511269112,"Rütgen, M., Seidel, E. M., Silani, G., Riečanský, I., Hummer, A., Windischberger, C., ... & Lamm, C. (2015). Placebo analgesia and its opioidergic regulation suggest that empathy for pain is grounded in self pain. Proceedings of the National Academy of Sciences, 112(41), E5638-E5646. https://doi.org/10.1073/pnas.1511269112",,"Hartmann, H., Forbes, P. A., Rütgen, M., & Lamm, C. (2022). Placebo analgesia reduces costly prosocial helping to lower another person’s pain. Psychological Science, 33(11), 1867-1881.(unpleasantness ratings)",10.31234/osf.io/drfht,"Hartmann, H., Forbes, P. A., Rütgen, M., & Lamm, C. (2022). Placebo analgesia reduces costly prosocial helping to lower another person’s pain. Psychological Science, 33(11), 1867-1881. https://doi.org/10.31234/osf.io/drfht",unpleasentnass ratings,,,0.121,etasq,0.005,etasq,,,,,,,,,,,https://osf.io/vcydf/,,2,sosci_Placebo.empathy.analgesia,1,,1,0,,,"F(1,100) = 13.812","F(1,88) = 2.36","Original study: Supporting information, p. 1 (https://www.pnas.org/action/downloadSupplement?doi=10.1073%2Fpnas.1511269112&file=pnas.201511269SI.pdf)
 
 Replication study: Supplementary Material, p. 17 (bottom of https://journals.sagepub.com/doi/10.1177/09567976221119727)",,,,,,Failure,https://osf.io/g3acp,2.0,2.0,2.0,2.0,1.0,1.0,2.0,1.0,1.0,2.0,"Different point in time, slightly adjusted protocol because focus of the study was another task (prosocial behavior) while the focus of the original study was the empathy effect I am recording here, different experimenters and study doctors",0.00764991,0.01112388,0.164504048,0.507962679,-0.13840721,0.273792498,1,0,0.961,Proceedings of the National Academy of Sciences of the United States of America,inconsistent,no signal - inconsistent,0.093755,3.71020792,,,,,,,,,,,,,,,2015,0.007649911,0.000340485,0.011123876,0.507796234,0.96076904,no signal,inconsistent,no signal - inconsistent,3.611767817,0.100503782
soscisubmission36,soscisubmission36,2.0,,1,CD,Individual submissions,,Placebo empathy analgesia,"social cognition, empathy, prosocial behavior, placebo, pain",Placebo empathy analgesia,,,,,,"Hartmann, Helena",45037.0,,,,0.181659021,0.031622777,102,90,"Rütgen, M., Seidel, E. M., Silani, G., Riečanský, I., Hummer, A., Windischberger,
C., ... & Lamm, C. (2015). Placebo analgesia and its opioidergic regulation
suggest that empathy for pain is grounded in self pain. Proceedings of
the National Academy of Sciences, 112(41), E5638-E5646 (unpleasantness
ratings)",10.1073/pnas.1511269112,"Rütgen, M., Seidel, E. M., Silani, G., Riečanský, I., Hummer, A., Windischberger, C., ... & Lamm, C. (2015). Placebo analgesia and its opioidergic regulation suggest that empathy for pain is grounded in self pain. Proceedings of the National Academy of Sciences, 112(41), E5638-E5646. https://doi.org/10.1073/pnas.1511269112",,"Hartmann, H., Forbes, P. A., Rütgen, M., & Lamm, C. (2022). Placebo analgesia reduces costly prosocial helping to lower another person’s pain. Psychological Science, 33(11), 1867-1881.(unpleasantness ratings)",10.31234/osf.io/drfht,"Hartmann, H., Forbes, P. A., Rütgen, M., & Lamm, C. (2022). Placebo analgesia reduces costly prosocial helping to lower another person’s pain. Psychological Science, 33(11), 1867-1881. https://doi.org/10.31234/osf.io/drfht",unpleasentnass ratings,,,0.033,etasq,0.001,etasq,,,,,,,,,,,https://osf.io/vcydf/,,2,sosci_Placebo.empathy.analgesia,1,,1,0,,,"F(1,100) = 3.393","F(1,88) = 0.21","Original study: Supporting information, p. 1 (https://www.pnas.org/action/downloadSupplement?doi=10.1073%2Fpnas.1511269112&file=pnas.201511269SI.pdf)
 
 Replication study: Supplementary Material, p. 17 (bottom of https://journals.sagepub.com/doi/10.1177/09567976221119727)",,,,,,OS not significant,https://osf.io/g3acp,2.0,2.0,2.0,2.0,1.0,2.0,2.0,2.0,1.0,2.0,"Different point in time, slightly adjusted protocol because focus of the study was another task (prosocial behavior) while the focus of the original study was the empathy effect I am recording here",0.00925831,0.01121349,-0.013285217,0.363299239,-0.17662502,0.237160774,0,0,0.531,Proceedings of the National Academy of Sciences of the United States of America,OS n.s.,no signal - OS n.s.,0.09833616,1.84732681,,,,,,,,,,,,,,,2015,0.009258307,0.067656166,0.011213494,0.767321369,0.531319427,no signal,OS not significant,no signal - OS not significant,1.827769963,0.100503782
OpenMKT12,OpenMKT12,2.0,,1,LK,openmkt,Marketing,,"financial constraints, discretionary spending, experiences and material goods, longevity, myopia",The consideration of financial constraints shifts consumers’ preferences toward material goods rather than experiences. (I.e. Inducing financial scarcity will lead individuals to prefer purchasing material goods over experiences.,,,,,,"Kaiser, Leonard",45158.0,,,,0.1613215,0.1355482,377,688,"S. M. Tully, H. E. Hershfield, T. Meyvis, Seeking lasting enjoyment with
limited money: Financial constraints increase preference for material goods
over experiences. J. Consum. Res. 42, 59–75 Study 5",10.1093/jcr/ucv007,"S. M. Tully, H. E. Hershfield, T. Meyvis, Seeking lasting enjoyment with limited money: Financial constraints increase preference for material goods over experiences. J. Consum. Res. 42, 59–75.",5.0,"O’Donnell, M., Dev, A. S., Antonoplis, S., Baum, S. M., Benedetti, A. H., Brown, N. D., Carrillo, B., Choi, A. L., Connor, P., Donnelly, K., Ellwood-Lowe, M. E., Foushee, R., Jansen, R., Jarvis, S. N., Lundell-Creagh, R., Ocampo, J. M., Okafor, G. N., Azad, Z. R., Rosenblum, M., … Nelson, L. D. (2021). Empirical audit and review and an assessment of evidentiary value in research on the psychological consequences of scarcity. Proceedings of the National Academy of Sciences, 118(44), e2103313118. 
",10.1073/pnas.2103313118,"O’Donnell, M., Dev, A. S., Antonoplis, S., Baum, S. M., Benedetti, A. H., Brown, N. D., Carrillo, B., Choi, A. L., Connor, P., Donnelly, K., Ellwood-Lowe, M. E., Foushee, R., Jansen, R., Jarvis, S. N., Lundell-Creagh, R., Ocampo, J. M., Okafor, G. N., Azad, Z. R., Rosenblum, M., … Nelson, L. D. (2021). Empirical audit and review and an assessment of evidentiary value in research on the psychological consequences of scarcity. Proceedings of the National Academy of Sciences, 118(44), e2103313118. https://doi.org/10.1073/pnas.2103313118",,,,0.1613215,r,0.1355482,r,,,,,,,,,,,https://osf.io/a2e96/,,2,openMKT12,,,,,,,,,,,,,,,Success,,,,,,,,,,,,,,,0.061318859,0.258117552,0.061423832,0.20818561,,,,Journal of Consumer Research,,,,,,,,,,,,,,,,,,,,0.002522947,0.0016751,0.001402607,0.000363304,0.995573463,signal,consistent,signal - consistent,3.147303904,0.051708769
osc2015153,osc2015153,2.0,,1,CD,OSC 2015,,,"Attention, Contrast Sensitivity, Depth Perception, Discrimination Learning, Field Dependence-Independence, Humans, Optical Illusions, Orientation, Pattern Recognition, Visual",Extremal edge: a powerful cue to depth perception and figure-ground organization,,,,,only contact author listed as contributor,Saxe,44927.0,,,,0.859552403,0.120073568,8,8,"SE Palmer, T Ghose (2008). Extremal edges: a powerful cue to depth perception
and figure-ground organization. Psychological Science, 19.1: 77-84.",10.1111/j.1467-9280.2008.02049.x,"SE Palmer, T Ghose (2008). Extremal edges: a powerful cue to depth perception and figure-ground organization. Psychological Science, 19.1: 77-84. https://doi.org/10.1111/j.1467-9280.2008.02049.x",,"Saxe, R., Vélez, N., & Johnston, W. (2023, September 28). Replication of Palmer & Ghose (2008, PS). Retrieved from osf.io/0aifq",10.1126/science.aac4716,"Open Science Collaboration. (2015). Estimating the reproducibility of psychological science. Science, 349(6251), aac4716. https://doi.org/10.1126/science.aac4716","Saxe, R., Vélez, N., & Johnston, W. (2023, September 28). Replication of Palmer & Ghose (2008, PS). Retrieved from osf.io/0aifq",,,,,,,,,,,,,,,,,https://osf.io/0aifq/,,,,,,,,,,,,,,,,,,Failure,,,,,,,,,,,,,,,0.392799326,0.974168343,-0.638636009,0.760406528,1,0,0.919,Psychological Science,,,,,,,,,,,,,,,,,,,2008,0.009744228,0.006216944,0.138767507,0.777016675,0.919075135,no signal,inconsistent,no signal - inconsistent,2.888168736,0.447213595
osc201520,osc201520,2.0,,1,CD,OSC 2015,,,"Attention, Humans, Inhibition (Psychology), Intention, Mental Recall, Paired-Associate Learning, Psycholinguistics, Semantics, Verbal Learning","Intentional forgetting is easier after two """"shots"""" than one.",,,,,only contact author listed as contributor,Fiedler,44927.0,,,,0.224092029,0.019422053,96,108,"Sahakyan, L., Delaney, P. F., & Waldum, E. R. (2008). Intentional forgetting
is easier after two"" shots"" than one. Journal of Experimental Psychology:
Learning, Memory, and Cognition, 34(2), 408.",10.1037/0278-7393.34.2.408,"Sahakyan, L., Delaney, P. F., & Waldum, E. R. (2008). Intentional forgetting is easier after two"" shots"" than one. Journal of Experimental Psychology: Learning, Memory, and Cognition, 34(2), 408. https://doi.org/10.1037/0278-7393.34.2.408",,"Fiedler, S., & May, M. (2023, September 28). Replication of Sahakyan et al. (2008, JEP:LMC, Study 3). Retrieved from osf.io/bzdr2",10.1126/science.aac4716,"Open Science Collaboration. (2015). Estimating the reproducibility of psychological science. Science, 349(6251), aac4716. https://doi.org/10.1126/science.aac4716","Fiedler, S., & May, M. (2023, September 28). Replication of Sahakyan et al. (2008, JEP:LMC, Study 3). Retrieved from osf.io/bzdr2",,,,,,,,,,,,,,,,,https://osf.io/bzdr2/,,,,,,,,,,,,,,,,,,Failure,,,,,,,,,,,,,,,0.024716532,0.406322978,-0.170176483,0.207633925,1,0,0.759,Journal of Experimental Psychology,,,,,,,,,,,,,,,,,,,2008,0.009495656,0.028172412,0.009338745,0.841863775,0.758718452,no signal,inconsistent,no signal - inconsistent,2.198370139,0.103695169
Boyce_etal2023131,,2.0,,1,Veronica Boyce,Boyce_etal2023,Psychology,,,Postural hand synergies for tool use,,,,,subfield: other-psych,LR,45429.0,,,,0.27093637,-0.19424237,5,5,"Santello, M., Flanders, M., & Soechting, J. F. (1998). Postural hand synergies
for tool use. Journal of neuroscience, 18(23), 10105-10115.",10.1523/JNEUROSCI.18-23-10105.1998,"Santello, M., Flanders, M., & Soechting, J. F. (1998). Postural hand synergies for tool use. Journal of neuroscience, 18(23), 10105-10115.",3.0,"Boyce, V., Mathur, M., & Frank, M. C. (2023). Eleven years of student replication projects provide evidence on the correlates of replicability in psychology. Royal Society Open Science, 10(11), 231240. https://doi.org/10.1098/rsos.231240",10.1098/rsos.231370,"Boyce, V., Mathur, M., & Frank, M. C. (2023). Eleven years of student replication projects provide evidence on the correlates of replicability in psychology. Royal Society Open Science, 10(11), 231240. https://doi.org/10.1098/rsos.231240",,,,,,,,,,,,,,,,,,https://osf.io/xwn9m/,,2,,,1.0,,0,,,,,,,,,,,OS not significant,,,,,,,,,,,,exact,,,-0.803364828,0.930724269,-0.919014111,0.830318694,,,,,,,,,,,,,,,,,,,,,,,1998,0.214643871,0.659301305,0.231490841,0.754247072,0.128353134,no signal,OS not significant,no signal - OS not significant,0.392973317,0.707106781
Boyce_etal2023133,,2.0,,1,Veronica Boyce,Boyce_etal2023,Psychology,,,A choice mind-set increases the acceptance and maintenance of wealth inequality,,,,,subfield: social,LR,45429.0,,,,0.13618831,0.03159226,48,51,"Savani, K., & Rattan, A. (2012). A choice mind-set increases the acceptance
and maintenance of wealth inequality. Psychological science, 23(7), 796-804.",10.1177/0956797611434540,"Savani, K., & Rattan, A. (2012). A choice mind-set increases the acceptance and maintenance of wealth inequality. Psychological science, 23(7), 796-804.",1.0,"Boyce, V., Mathur, M., & Frank, M. C. (2023). Eleven years of student replication projects provide evidence on the correlates of replicability in psychology. Royal Society Open Science, 10(11), 231240. https://doi.org/10.1098/rsos.231240",10.1098/rsos.231372,"Boyce, V., Mathur, M., & Frank, M. C. (2023). Eleven years of student replication projects provide evidence on the correlates of replicability in psychology. Royal Society Open Science, 10(11), 231240. https://doi.org/10.1098/rsos.231240",,,,,,,,,,,,,,,,,,https://osf.io/xwn9m/,,2,,,0.0,,0,,,t(42) = 2.29,t(44)=.03,,,,,,,OS not significant,,,,,,,,,,,,exact,,,-0.153901743,0.404664194,-0.246134333,0.304524645,,,,,,,,,,,,,,,,,,,,,,,2012,0.02049467,0.356018129,0.019960097,0.825812356,0.246668238,no signal,OS not significant,no signal - OS not significant,0.919290783,0.149071198
Manylabs2_32,,2.0,,1,LKasseckert,ML2,Psychology,,Many Labs 2,Construing actions as choices (indians),,,,,,Lukas Röseler,45384.0,,added Study number in original ref,,0.309086072,0.014998313,128,122,"Savani, K., Markus, H. R., Naidu, N. V. R., Kumar, S., & Berlia, N. (2010).
What counts as a choice? U.S. Americans are more likely than Indians to
construe actions as choices. Psychological Science, 21, 391–398. doi:10
.1177/0956797609359908 Study 5",10 .1177/0956797609359908,"Savani, K., Markus, H. R., Naidu, N. V. R., Kumar, S., & Berlia, N. (2010). What counts as a choice? U.S. Americans are more likely than Indians to construe actions as choices. Psychological Science, 21, 391–398. https://doi.org/10 .1177/0956797609359908",5.0,"Klein, R. A., Vianello, M., Hasselman, F., Adams, B. G., Adams Jr, R. B., Alper, S., ... & Sowden, W. (2018). Many Labs 2: Investigating variation in replicability across samples and settings. Advances in Methods and Practices in Psychological Science, 1(4), 443-490.",10.1177/2515245918810225,"Klein, R. A., Vianello, M., Hasselman, F., Adams, B. G., Adams Jr, R. B., Alper, S., ... & Sowden, W. (2018). Many Labs 2: Investigating variation in replicability across samples and settings. Advances in Methods and Practices in Psychological Science, 1(4), 443-490. https://doi.org/10.1177/2515245918810225",,,,-0.65,d,-0.03,d,,,,,,,,,,,https://osf.io/8cd4r/,,2,manylabs2,,,0,,,,,,,,,,,,Failure,,,,,,,,,,,,"Asymptotic rather than exact, noncentral confidence intervals were calculated",,,0.143238269,0.458048744,-0.163197722,0.192246692,,,,Psychological Science,,,,,,,,,,,,,,,,,,,2010,0.006441405,0.000385319,0.008260745,0.869758236,0.968212617,no signal,inconsistent,no signal - inconsistent,3.572505792,0.089442719
Manylabs2_31,,2.0,,1,LKasseckert,ML2,Psychology,,Many Labs 2,Construing actions as choices (americans),,,,,,Lukas Röseler,45384.0,,,,0.019996001,0.119145221,90,3506,"Savani, K., Markus, H. R., Naidu, N. V. R., Kumar, S., & Berlia, N. (2010).
What counts as a choice? U.S. Americans are more likely than Indians to
construe actions as choices. Psychological Science, 21, 391–398. doi:10
.1177/0956797609359908 Study 5",10.1177/0956797609359908,"Savani, K., Markus, H. R., Naidu, N. V. R., Kumar, S., & Berlia, N. (2010). What counts as a choice? U.S. Americans are more likely than Indians to construe actions as choices. Psychological Science, 21, 391–398. https://doi.org/10 .1177/0956797609359908",5.0,"Klein, R. A., Vianello, M., Hasselman, F., Adams, B. G., Adams Jr, R. B., Alper, S., ... & Sowden, W. (2018). Many Labs 2: Investigating variation in replicability across samples and settings. Advances in Methods and Practices in Psychological Science, 1(4), 443-490.",10.1177/2515245918810225,"Klein, R. A., Vianello, M., Hasselman, F., Adams, B. G., Adams Jr, R. B., Alper, S., ... & Sowden, W. (2018). Many Labs 2: Investigating variation in replicability across samples and settings. Advances in Methods and Practices in Psychological Science, 1(4), 443-490. https://doi.org/10.1177/2515245918810225",,,,0.04,d,-0.24,d,,,,,,,,,,,https://osf.io/8cd4r/,,2,manylabs2,,,0,,,,,,,,,,,,OS not significant,,,,,,,,,,,,"Asymptotic rather than exact, noncentral confidence intervals were calculated",,,-0.187873095,0.226150628,0.086382772,0.151650249,,,,Psychological Science,,,,,,,,,,,,,,,,,,,2010,0.011226972,0.851609113,0.000277264,1.46807E-12,0.322388823,signal,OS not significant,signal - OS not significant,0.186535147,0.107211253
Boyce_etal2023132,,2.0,,1,Veronica Boyce,Boyce_etal2023,Psychology,,,US Americans are more likely than Indians to construe actions as choices,,,,,subfield: social,LR,45429.0,,,,0.27093637,0.17704766,128,63,"Savani, K., Markus, H. R., Naidu, N. V. R., Kumar, S., & Berlia, N. (2010).
What counts as a choice? US Americans are more likely than Indians to construe
actions as choices. Psychological Science, 21(3), 391-398.",10.1177/0956797609359908,"Savani, K., Markus, H. R., Naidu, N. V. R., Kumar, S., & Berlia, N. (2010). What counts as a choice? US Americans are more likely than Indians to construe actions as choices. Psychological Science, 21(3), 391-398.",3.0,"Boyce, V., Mathur, M., & Frank, M. C. (2023). Eleven years of student replication projects provide evidence on the correlates of replicability in psychology. Royal Society Open Science, 10(11), 231240. https://doi.org/10.1098/rsos.231240",10.1098/rsos.231371,"Boyce, V., Mathur, M., & Frank, M. C. (2023). Eleven years of student replication projects provide evidence on the correlates of replicability in psychology. Royal Society Open Science, 10(11), 231240. https://doi.org/10.1098/rsos.231240",,,,,,,,,,,,,,,,,,https://osf.io/xwn9m/,,2,,,0.0,,1,,,t(32) = 4.25,t(33)=1.16,,,,,,,Failure,,,,,,,,,,,,very close,,,0.102211401,0.424508315,-0.073961797,0.406960859,,,,,,,,,,,,,,,,,,,,,,,2010,0.006760437,0.001979465,0.015133723,0.165098869,0.700287722,no signal,consistent,no signal - consistent,3.106726855,0.089442719
datareplicada3,,2.0,,1,LK,datareplicada,Marketing,,"self-concept clarity, subscription services, self-signaling, retention choice, self-concept structure, identity signaling","If you are uncertain about your own self-concept, then you will not want to introduce even more uncertainty by altering your identity. Consumers with “low self-concept clarity” should therefore be more motivated to keep their identities stable by (1) retaining products that are relevant to their identities, and (2) choosing not to acquire new products that are relevant to their identities.",,,,,,"Kaiser, Leonard",45231.0,,Acquisition condition,,0.196116135,0.024992191,405,1283,"Savary, J., Dhar, R.K., JoharEditor, G.V., & InmanEditor, J.J. (2020).
The Uncertain Self: How Self-Concept Structure Affects Subscription Choice.
Journal of Consumer Research. Study 4",10.1093/jcr/ucz022,"Savary, J., Dhar, R.K., JoharEditor, G.V., & InmanEditor, J.J. (2020). The Uncertain Self: How Self-Concept Structure Affects Subscription Choice. Journal of Consumer Research.",4.0,"Simmons, J. &. Nelson, L.D. (2020). [84] Data Replicada #3: Does Self-Concept Uncertainty Influence Magazine Subscription Choice?
Data Colada. https://datacolada.org/84  ",,"Simmons, J. &. Nelson, L.D. (2020). [84] Data Replicada #3: Does Self-Concept Uncertainty Influence Magazine Subscription Choice?
Data Colada. https://datacolada.org/84  ",,,,0.4,d,0.05,d,,,,,,,,,,,,,3,datacolada84,,,,0,,,,,,,,,,,Failure,https://aspredicted.org/mi7km.pdf,,,,,,,,,,,,,,0.100594602,0.288055235,-0.029776457,0.079611222,,,,Journal of Consumer Research,,,,,,,,,,,,,,,,,,,2020,0.002288505,7.09099E-05,0.000779057,0.371074659,0.999999977,no signal,inconsistent,no signal - inconsistent,3.983724325,0.049875467
datareplicada3,,2.0,,1,LK,datareplicada,Marketing,,"self-concept clarity, subscription services, self-signaling, retention choice, self-concept structure, identity signaling","If you are uncertain about your own self-concept, then you will not want to introduce even more uncertainty by altering your identity. Consumers with “low self-concept clarity” should therefore be more motivated to keep their identities stable by (1) retaining products that are relevant to their identities, and (2) choosing not to acquire new products that are relevant to their identities.",,,,,,"Kaiser, Leonard",45231.0,,Retention condition,,0.133786376,0.034978582,405,1283,"Savary, J., Dhar, R.K., JoharEditor, G.V., & InmanEditor, J.J. (2020).
The Uncertain Self: How Self-Concept Structure Affects Subscription Choice.
Journal of Consumer Research. Study 4",10.1093/jcr/ucz022,"Savary, J., Dhar, R.K., JoharEditor, G.V., & InmanEditor, J.J. (2020). The Uncertain Self: How Self-Concept Structure Affects Subscription Choice. Journal of Consumer Research.",4.0,"Simmons, J. &. Nelson, L.D. (2020). [84] Data Replicada #3: Does Self-Concept Uncertainty Influence Magazine Subscription Choice?
Data Colada. https://datacolada.org/84  ",,"Simmons, J. &. Nelson, L.D. (2020). [84] Data Replicada #3: Does Self-Concept Uncertainty Influence Magazine Subscription Choice?
Data Colada. https://datacolada.org/84  ",,,,0.27,d,-0.07,d,,,,,,,,,,,,,3,datacolada84,,,,0,,,,,,,,,,,Failure,https://aspredicted.org/mi7km.pdf,,,,,,,,,,,,,,0.03682249,0.228254625,-0.019787218,0.089535106,,,,Journal of Consumer Research,,,,,,,,,,,,,,,,,,,2020,0.002387433,0.007013386,0.000778124,0.210548228,0.999244077,no signal,inconsistent,no signal - inconsistent,2.698586562,0.049875467
39xuw,39xuw,2.0,,1,LR,OSF Registries,,,,Contrastive Knowledge Surveyed,,,,,,Daniel A. Wilkenfeld,44927.0,,,,0.3248683,0.2802949,100,150,"Schaffer, J., & Knobe, J. (2012). Contrastive knowledge surveyed. Noûs,
46(4), 675-708.",10.00795.x,"Schaffer, J., & Knobe, J. (2012). Contrastive knowledge surveyed. Noûs, 46(4), 675-708. https://doi.org/10.1111/j.1468-0068.2010.00795.x",,"Wilkenfeld, D. A., & Hernández-Conde, J. V. (2017, September 12). Schaffer and Knobe Replication. https://doi.org/10.17605/OSF.IO/39XUW",10.17605/OSF.IO/39XUW,"Wilkenfeld, D. A., & Hernández-Conde, J. V. (2017, September 12). Schaffer and Knobe Replication. https://doi.org/10.17605/OSF.IO/39XUW",,,,,,,,,,,,,,,,,,https://www.osf.io/39xuw,,,,,,,,,,,,,,,,,,Success,https://www.osf.io/39xuw,,,,,,,,,,,,,,0.137205252,0.490018338,0.125678933,0.421617177,1,1,0.993,Noûs,,,,,,,,,,,,,,,,,,,2012,0.008081412,0.000974569,0.005698269,0.000512594,0.992966212,signal,consistent,signal - consistent,3.319855717,0.101534617
osc201515,osc201515,2.0,,1,CD,OSC 2015,,,"Attention, Color Perception, Conflict (Psychology), Cues, Discrimination Learning, Humans, Mental Recall, Probability Learning, Reaction Time, Reading, Semantics",The Stroop effect: Why proportion congruent has nothing to do with congruency and everything to do with contingency.,,,,,only contact author listed as contributor,Cloud,44927.0,,,,0.195136354,0.24687812,95,242,"Schmidt, J. R., & Besner, D. (2008). The Stroop effect: why proportion
congruent has nothing to do with congruency and everything to do with contingency.
Journal of Experimental Psychology: Learning, Memory, and Cognition, 34(3),
514.",10.1037/0278-7393.34.3.514,"Schmidt, J. R., & Besner, D. (2008). The Stroop effect: why proportion congruent has nothing to do with congruency and everything to do with contingency. Journal of Experimental Psychology: Learning, Memory, and Cognition, 34(3), 514. https://doi.org/10.1037/0278-7393.34.3.514",,"Cloud, M. D., & Kyc, M. (2023, September 28). Replication of Schmidt and Besner (2008, JEPLMC, Exp 2). Retrieved from osf.io/bscfe",10.1126/science.aac4716,"Open Science Collaboration. (2015). Estimating the reproducibility of psychological science. Science, 349(6251), aac4716. https://doi.org/10.1126/science.aac4716","Cloud, M. D., & Kyc, M. (2023, September 28). Replication of Schmidt and Besner (2008, JEPLMC, Exp 2). Retrieved from osf.io/bscfe",,,,,,,,,,,,,,,,,https://osf.io/bscfe/,,1,,,,,,,,,,,,,,,,OS not significant,,,,,,,,,,,,,,,-0.006668931,0.381668944,0.124654291,0.361721462,0,1,0.922,Journal of Experimental Psychology,,,,,,,,,,,,,,,,,,,2008,0.009843548,0.058087645,0.003658992,0.00010408,0.92183218,signal,OS not significant,signal - OS not significant,1.895996899,0.104257207
osc2015151,osc2015151,2.0,,1,CD,OSC 2015,,,"Adult, Analysis of Variance, Communication, Conscience, Cues, Emotions [physiology], Female, Great Britain, Humans, Intuition [physiology], Judgment [physiology], Male, Morals, Social Behavior, Social Perception, Students [psychology], Young Adult",With a clean conscience: Cleanliness reduces the severity of moral judgments.,,,,,only contact author listed as contributor,Cheung,44927.0,,,,0.400010244,0.002839798,43,126,"Schnall S., Benton J., & Harvey S. (2008). With a clean conscience: Cleanliness
reduces the severity of moral judgments. <i>Psychological Science</i>,
19, 1219-1222.",10.1111/j.1467-9280.2008.02227.x,"Schnall S., Benton J., & Harvey S. (2008). With a clean conscience: Cleanliness reduces the severity of moral judgments. <i>Psychological Science</i>, 19, 1219-1222. https://doi.org/10.1111/j.1467-9280.2008.02227.x",,"Cheung, F., Donnellan, B., & Johnson, D. J. (2023, September 28). Replication of Schnall, Benton, & Harvey (2008, PS). Retrieved from osf.io/apidb",10.1027/1864-9335/a000186,"Open Science Collaboration. (2015). Estimating the reproducibility of psychological science. Science, 349(6251), aac4716. https://doi.org/10.1126/science.aac4716","Cheung, F., Donnellan, B., & Johnson, D. J. (2023, September 28). Replication of Schnall, Benton, & Harvey (2008, PS). Retrieved from osf.io/apidb",,,,,,,,,,,,,,,,,https://osf.io/apidb/,,,,,,,,,,,,,,,,,,Failure,,,,,,,,,,,,,,,0.113275355,0.625237664,-0.17215263,0.177658475,1,0,0.999,Psychological Science,,,,,,,,,,,,,,,,,,,2008,0.016799672,0.007866967,0.007999871,0.97482372,0.998936382,no signal,inconsistent,no signal - inconsistent,2.679468225,0.158113883
FORRT_6a,,2.0,,1,LK,FORRT,Social Psychology,Moral priming (cleanliness),,Participants exposed to physical cleanliness were shown to reduce the severity of their moral judgments,,,,,,"Kaiser, Leonard",45266.0,,,,0.287347886,0.004999938,40,208,"Schnall, S., Benton, J., & Harvey, S. (2008). With a Clean Conscience:
Cleanliness Reduces the Severity of Moral Judgments. Psychological Science,
19(12), 1219-1222. https://doi.org/10.1111/j.1467-9280.2008.02227.x Study
1",10.1111/j.1467-9280.2008.02227.x,"Schnall, S., Benton, J., & Harvey, S. (2008). With a Clean Conscience: Cleanliness Reduces the Severity of Moral Judgments. Psychological Science, 19(12), 1219-1222. https://doi.org/10.1111/j.1467-9280.2008.02227.x",1.0,"Johnson, D., Cheung, F., & Donnellan, M.B. (2014). Does Cleanliness Influence Moral Judgments. Social Psychology. Study 1",10.1027/1864-9335/A000186,"Johnson, D., Cheung, F., & Donnellan, M.B. (2014). Does Cleanliness Influence Moral Judgments. Social Psychology. https://doi.org/10.1027/1864-9335%2FA000186",1.0,,,-0.6,d,-0.01,d,,,,,,,,,,,http://osf.io/zwrxc/,,2,Johnson 6a,1,independent,,0,,,,,,,,,,,OS not significant,,,,,,,,,,,,,,,-0.026536815,0.549656617,-0.131130389,0.140945199,,,,Psychological Science,,,,,,,,,,,,,,,,,,,2008,0.021581538,0.072200983,0.004830676,0.942859745,0.995320875,no signal,OS not significant,no signal - OS not significant,1.798508935,0.164398987
FORRT_6b,,2.0,,1,LK,FORRT,Social Psychology,Moral priming (cleanliness),,Participants exposed to physical cleanliness were shown to reduce the severity of their moral judgments,,,,,,"Kaiser, Leonard",45266.0,,,,0.39114064,0.004999938,43,126,"Schnall, S., Benton, J., & Harvey, S. (2008). With a Clean Conscience:
Cleanliness Reduces the Severity of Moral Judgments. Psychological Science,
19(12), 1219-1222. https://doi.org/10.1111/j.1467-9280.2008.02227.x Study
2",10.1111/j.1467-9280.2008.02227.x,"Schnall, S., Benton, J., & Harvey, S. (2008). With a Clean Conscience: Cleanliness Reduces the Severity of Moral Judgments. Psychological Science, 19(12), 1219-1222. https://doi.org/10.1111/j.1467-9280.2008.02227.x",2.0,"Johnson, D., Cheung, F., & Donnellan, M.B. (2014). Does Cleanliness Influence Moral Judgments. Social Psychology. Study 2",10.1027/1864-9335/A000186,"Johnson, D., Cheung, F., & Donnellan, M.B. (2014). Does Cleanliness Influence Moral Judgments. Social Psychology. https://doi.org/10.1027/1864-9335%2FA000186",2.0,,,-0.85,d,0.01,d,,,,,,,,,,,http://osf.io/zwrxc/,,2,Johnson 6b,1,independent,,0,,,,,,,,,,,Failure,,,,,,,,,,,,,,,0.102883152,0.618790985,-0.1700557,0.179749662,,,,Psychological Science,,,,,,,,,,,,,,,,,,,2008,0.01708153,0.009499398,0.0079996,0.955688222,0.998435927,no signal,inconsistent,no signal - inconsistent,2.6129647,0.158113883
Boyce_etal2023136,,2.0,,1,Veronica Boyce,Boyce_etal2023,Psychology,,,Cleanliness reduces the severity of moral judgments,,,,,subfield: social,LR,45429.0,,,,0.34044357,0.40623194,40,90,"Schnall, S., Benton, J., & Harvey, S. (2008). With a clean conscience:
Cleanliness reduces the severity of moral judgments. Psychological science,
19(12), 1219-1222.",10.1111/j.1467-9280.2008.02227.x,"Schnall, S., Benton, J., & Harvey, S. (2008). With a clean conscience: Cleanliness reduces the severity of moral judgments. Psychological science, 19(12), 1219-1222.",1.0,"Boyce, V., Mathur, M., & Frank, M. C. (2023). Eleven years of student replication projects provide evidence on the correlates of replicability in psychology. Royal Society Open Science, 10(11), 231240. https://doi.org/10.1098/rsos.231240",10.1098/rsos.231375,"Boyce, V., Mathur, M., & Frank, M. C. (2023). Eleven years of student replication projects provide evidence on the correlates of replicability in psychology. Royal Society Open Science, 10(11), 231240. https://doi.org/10.1098/rsos.231240",,,,,,,,,,,,,,,,,,https://osf.io/xwn9m/,,2,,,0.0,,0,,,"MSD2: m1= 4.98 (1.26), m2= 5.81 ( 1.47)","MSD2: m1=6.50 (1.92), m2= 6.67 (1.51)",,,,,,,Success,,,,,,,,,,,,exact,,,0.03236676,0.589441816,0.2174328,0.565729883,,,,,,,,,,,,,,,,,,,,,,,2008,0.020041784,0.031590904,0.007833531,7.10575E-05,0.953611033,signal,consistent,signal - consistent,2.156912092,0.164398987
nd5y2,nd5y2,2.0,,1,LR,OSF Registries,,,,participants who washed their hands following the disgusting film clip made less severe judgments than participants who did not wash their hands,,,,,,"Brandenn Ton, Ashley Harris, Erena Clah, Bryan Koenig, Andra Walker, Patric Justin Leukel, Michael Phillips",44927.0,,,,0.3911406,-0.01556711,43,42,"Schnall, S., Benton, J., & Harvey, S. (2008). With a clean conscience:
Cleanliness reduces the severity of moral judgments. Psychological science,
19(12), 1219-1222.",10.1111/j.1467-9280.2008.02227.x,"Schnall, S., Benton, J., & Harvey, S. (2008). With a clean conscience: Cleanliness reduces the severity of moral judgments. Psychological science, 19(12), 1219-1222. https://doi.org/10.1111/j.1467-9280.2008.02227.x",,"Ton, B., Harris, A., Clah, E., Koenig, B., Walker, A., Leukel, P. J., … Riddle, R. (2018, December 12). Schnall and Johnson Student Replication  (2018). https://doi.org/10.17605/OSF.IO/ND5Y2",10.17605/OSF.IO/ND5Y2,"Ton, B., Harris, A., Clah, E., Koenig, B., Walker, A., Leukel, P. J., … Riddle, R. (2018, December 12). Schnall and Johnson Student Replication  (2018). https://doi.org/10.17605/OSF.IO/ND5Y2",,,,,,,,,,,,,,,,,,https://www.osf.io/nd5y2,,,,,,,,,,,,,,,,,,Failure,https://www.osf.io/nd5y2,,,,,,,,,,,,,,0.102883104,0.618790955,-0.317993936,0.289735084,1,0,0.833,Psychological Science,,,,,,,,,,,,,,,,,,,2008,0.017081531,0.009499406,0.024378424,0.922053287,0.833041964,no signal,inconsistent,no signal - inconsistent,2.612964398,0.158113883
gea2s,gea2s,2.0,,1,LR,OSF Registries,,Priming,,"After watching a disgust-evoking video, composite moral judgements were less severe in the hand-washing condition as compared to the no-hand-washing condition.",,,,,,"Patric Justin Leukel, Alexander Jordan, Marcie Sharp, Jeremiah Ki Fat, Jeremy Chaves, Bryan Koenig",44927.0,,,,0.3911406,0.1961161,43,47,"Schnall, S., Benton, J., & Harvey, S. (2008). With a clean conscience:
Cleanliness reduces the severity of moral judgments. Psychological science,
19(12), 1219-1222.",10.1111/j.1467-9280.2008.02227.x,"Schnall, S., Benton, J., & Harvey, S. (2008). With a clean conscience: Cleanliness reduces the severity of moral judgments. Psychological science, 19(12), 1219-1222. https://doi.org/10.1111/j.1467-9280.2008.02227.x",,"Leukel, P. J., Jordan, A., Sharp, M., Fat, J. K., Chaves, J., & Koenig, B. (2018, May 2). Influence of Cleanliness on Moral Judgements: A Direct Replication of Schnall, Benton, and Harvey  (2008). https://doi.org/10.17605/OSF.IO/GEA2S",10.17605/OSF.IO/GEA2S,"Leukel, P. J., Jordan, A., Sharp, M., Fat, J. K., Chaves, J., & Koenig, B. (2018, May 2). Influence of Cleanliness on Moral Judgements: A Direct Replication of Schnall, Benton, and Harvey  (2008). https://doi.org/10.17605/OSF.IO/GEA2S",,,,,,,,,,,,,,,,,,https://www.osf.io/gea2s,,,,,,,,,,,,,,,,,,Failure,https://www.osf.io/gea2s,,,,,,,,,,,,,,0.102883104,0.618790955,-0.096484531,0.457516482,1,0,0.87,Psychological Science,,,,,,,,,,,,,,,,,,,2008,0.017081531,0.009499406,0.020099049,0.186444038,0.86968752,no signal,consistent,no signal - consistent,2.612964398,0.158113883
h8vjx,h8vjx,2.0,,1,LR,OSF Registries,,Priming,,"Physical purity (cleanliness) makes moral judgments less severe, by comparing composite moral judgment scores across a hand-washing condition and a non hand-washing condition.",,,,,,"Garth Frehner, Jaden Aiona, Walker Sickler, Brakkon Garrett, Kaitlin Lawler, Melissa Benavides, Bryan Koenig, Luke Poulter",44927.0,,,,0.3911406,-0.3345448,43,47,"Schnall, S., Benton, J., & Harvey, S. (2008). With a clean conscience:
Cleanliness reduces the severity of moral judgments. Psychological science,
19(12), 1219-1222.",10.1111/j.1467-9280.2008.02227.x,"Schnall, S., Benton, J., & Harvey, S. (2008). With a clean conscience: Cleanliness reduces the severity of moral judgments. Psychological science, 19(12), 1219-1222. https://doi.org/10.1111/j.1467-9280.2008.02227.x",,"Frehner, G., Aiona, J., Sickler, W., Garrett, B., Lawler, K., Benavides, M., … Poulter, L. (2018, April 30). Schnall et al 2008 Student Replication. https://doi.org/10.17605/OSF.IO/H8VJX",10.17605/OSF.IO/H8VJX,"Frehner, G., Aiona, J., Sickler, W., Garrett, B., Lawler, K., Benavides, M., … Poulter, L. (2018, April 30). Schnall et al 2008 Student Replication. https://doi.org/10.17605/OSF.IO/H8VJX",,,,,,,,,,,,,,,,,,https://www.osf.io/h8vjx,,,,,,,,,,,,,,,,,,Failure (reversal),https://www.osf.io/h8vjx,,,,,,,,,,,,,,0.102883104,0.618790955,-0.567218808,-0.052413347,1,1,0.87,Psychological Science,,,,,,,,,,,,,,,,,,,2008,0.017081531,0.009499406,0.017145341,0.021537213,0.86968752,signal,"inconsistent, smaller","signal - inconsistent, smaller",2.612964398,0.158113883
Boyce_etal2023139,,2.0,,1,Veronica Boyce,Boyce_etal2023,Psychology,,,Gay Asian Americans are seen as more American than Asian Americans who are presumed straight,,,,,subfield: social,LR,45429.0,,,,0.12923758,0.04082105,101,104,"Semrow, M., Zou, L. X., Liu, S., & Cheryan, S. (2020). Gay Asian Americans
are seen as more American than Asian Americans who are presumed straight.
Social Psychological and Personality Science, 11(3), 336-344.",10.1177/1948550619849426,"Semrow, M., Zou, L. X., Liu, S., & Cheryan, S. (2020). Gay Asian Americans are seen as more American than Asian Americans who are presumed straight. Social Psychological and Personality Science, 11(3), 336-344.",4.0,"Boyce, V., Mathur, M., & Frank, M. C. (2023). Eleven years of student replication projects provide evidence on the correlates of replicability in psychology. Royal Society Open Science, 10(11), 231240. https://doi.org/10.1098/rsos.231240",10.1098/rsos.231378,"Boyce, V., Mathur, M., & Frank, M. C. (2023). Eleven years of student replication projects provide evidence on the correlates of replicability in psychology. Royal Society Open Science, 10(11), 231240. https://doi.org/10.1098/rsos.231240",,,,,,,,,,,,,,,,,,https://osf.io/xwn9m/,,2,,,1.0,,0,,,"F(1, 98) = 22.39","F(1,100)=2.778",,,,,,,OS not significant,,,,,,,,,,,,exact,,,-0.067917141,0.316678156,-0.15296977,0.231588606,,,,,,,,,,,,,,,,,,,,,,,2020,0.009668743,0.197723667,0.009676408,0.68075374,0.369946783,no signal,OS not significant,no signal - OS not significant,1.286581936,0.101015254
Manylabs2_30,,2.0,,1,LKasseckert,ML2,Psychology,,Many Labs 2,Effect of choosing versus rejecting on relative desirability,,,,,,Lukas Röseler,45384.0,,,,0.172380332,0.064863121,170,7901,"Shafir, E. (1993). Choosing versus rejecting: Why some options are both
better and worse than others. Memory & Cognition, 21, 546–556. doi:10.3758/BF03197186
Study 1",10.3758/BF03197186,"Shafir, E. (1993). Choosing versus rejecting: Why some options are both better and worse than others. Memory & Cognition, 21, 546–556. https://doi.org/10.3758/BF03197186",1.0,"Klein, R. A., Vianello, M., Hasselman, F., Adams, B. G., Adams Jr, R. B., Alper, S., ... & Sowden, W. (2018). Many Labs 2: Investigating variation in replicability across samples and settings. Advances in Methods and Practices in Psychological Science, 1(4), 443-490.",10.1177/2515245918810225,"Klein, R. A., Vianello, M., Hasselman, F., Adams, B. G., Adams Jr, R. B., Alper, S., ... & Sowden, W. (2018). Many Labs 2: Investigating variation in replicability across samples and settings. Advances in Methods and Practices in Psychological Science, 1(4), 443-490. https://doi.org/10.1177/2515245918810225",,,,0.35,d,-0.13,d,,,,,,,,,,,https://osf.io/8cd4r/,,2,manylabs2,,,0,,,,,,,,,,,,Success,,,,,,,,,,,,Effect size was estimated directly from the key z test rather than with a logistic regression model,,,0.022448522,0.314728728,0.042873908,0.086789524,,,,Memory & Cognition,,,,,,,,,,,,,,,,,,,1971,0.005570728,0.02458664,0.000125519,7.89475E-09,1,signal,"inconsistent, smaller","signal - inconsistent, smaller",2.250111569,0.077382323
Camereretal2018_19,,2.0,,1,LKasseckert,SSRP,Psychology,,"Social Science Replication Project, Science, Nature, Human Behavior",scarcity changes how people allocate attention,,,,,Effect sizes available here: https://osf.io/7286p,Lukas Röseler,45384.0,,,,0.267444998,-0.01500574,56,619,"Shah, A. K., Mullainathan, S., & Shafir, E. (2012). Some consequences of
having too little. Science, 338(6107), 682-685.",10.1126/science.1222426,"Shah, A. K., Mullainathan, S., & Shafir, E. (2012). Some consequences of having too little. Science, 338(6107), 682-685. https://doi.org/10.1126/science.1222426",,"Camerer, C. F., Dreber, A., Holzmeister, F., Ho, T. H., Huber, J., Johannesson, M., ... & Wu, H. (2018). Evaluating the replicability of social science experiments in Nature and Science between 2010 and 2015. Nature human behaviour, 2(9), 637-644.",10.1038/s41562-018-0399-z,"Camerer, C. F., Dreber, A., Holzmeister, F., Ho, T. H., Huber, J., Johannesson, M., ... & Wu, H. (2018). Evaluating the replicability of social science experiments in Nature and Science between 2010 and 2015. Nature human behaviour, 2(9), 637-644.",,,,,,,,,,,,,,,,,,https://osf.io/pfdyw/,,2,Camereretal2018_19,,,,,,,,,,,,,,,Failure,https://osf.io/p58c6,,,,,,,,,,,,,,0.00488816,0.495505807,-0.09370039,0.063875248,,,,Science,,,,,,,,,,,,,,,,,,,2012,0.015673862,0.046294656,0.001617394,0.709442576,0.999999879,no signal,inconsistent,no signal - inconsistent,1.99555061,0.137360564
Boyce_etal2023140,,2.0,,1,Veronica Boyce,Boyce_etal2023,Psychology,,,Scarcity frames value,,,,,subfield: non-psych,LR,45429.0,,,,0.40413733,0.41407548,577,387,"Shah, A. K., Shafir, E., & Mullainathan, S. (2015). Scarcity frames value.
Psychological science, 26(4), 402-412.",10.1177/0956797614563958,"Shah, A. K., Shafir, E., & Mullainathan, S. (2015). Scarcity frames value. Psychological science, 26(4), 402-412.",1b-1c,"Boyce, V., Mathur, M., & Frank, M. C. (2023). Eleven years of student replication projects provide evidence on the correlates of replicability in psychology. Royal Society Open Science, 10(11), 231240. https://doi.org/10.1098/rsos.231240",10.1098/rsos.231379,"Boyce, V., Mathur, M., & Frank, M. C. (2023). Eleven years of student replication projects provide evidence on the correlates of replicability in psychology. Royal Society Open Science, 10(11), 231240. https://doi.org/10.1098/rsos.231240",,,,,,,,,,,,,,,,,,https://osf.io/xwn9m/,,2,,,0.0,,0,,,"F(1, 574) = 5.68",t(383)=3.065,,,,,,,Success,,,,,,,,,,,,exact,,,0.333513925,0.470250104,0.327924711,0.493395951,,,,,,,,,,,,,,,,,,,,,,,2015,0.001215316,4.42993E-24,0.001778448,1.82844E-17,1,signal,consistent,signal - consistent,10.26814487,0.041739194
Boyce_etal2023141,,2.0,,1,Veronica Boyce,Boyce_etal2023,Psychology,,,relative encoding on memory-based judgments,,,,,subfield: cognitive,LR,45429.0,,,,0.2436267,0.38219092,90,90,"Sharif, M. A., & Oppenheimer, D. M. (2016). The effect of relative encoding
on memory-based judgments. Psychological science, 27(8), 1136-1145.",10.1177/0956797616651973,"Sharif, M. A., & Oppenheimer, D. M. (2016). The effect of relative encoding on memory-based judgments. Psychological science, 27(8), 1136-1145.",1.0,"Boyce, V., Mathur, M., & Frank, M. C. (2023). Eleven years of student replication projects provide evidence on the correlates of replicability in psychology. Royal Society Open Science, 10(11), 231240. https://doi.org/10.1098/rsos.231240",10.1098/rsos.231380,"Boyce, V., Mathur, M., & Frank, M. C. (2023). Eleven years of student replication projects provide evidence on the correlates of replicability in psychology. Royal Society Open Science, 10(11), 231240. https://doi.org/10.1098/rsos.231240",,,,,,,,,,,,,,,,,,https://osf.io/xwn9m/,,2,,,0.0,,0,,,,,,,,,,,Success,,,,,,,,,,,,close,,,0.038476855,0.42906998,0.190149851,0.546062122,,,,,,,,,,,,,,,,,,,,,,,2016,0.009941741,0.020672108,0.00819322,0.000201394,0.754098719,signal,consistent,signal - consistent,2.31902946,0.107211253
Boyce_etal2023143,,2.0,,1,Veronica Boyce,Boyce_etal2023,Psychology,,,Age and Time Horizons Are Associated With Preferences for Helping Colleagues,,,,,subfield: other-psych,LR,45429.0,,,,0.2221688,0.10045883,555,150,"Shavit, Y. Z., Chi, K., & Carstensen, L. L. (2022). Age and Time Horizons
Are Associated With Preferences for Helping Colleagues. Work, Aging and
Retirement.",,"Shavit, Y. Z., Chi, K., & Carstensen, L. L. (2022). Age and Time Horizons Are Associated With Preferences for Helping Colleagues. Work, Aging and Retirement.",1.0,"Boyce, V., Mathur, M., & Frank, M. C. (2023). Eleven years of student replication projects provide evidence on the correlates of replicability in psychology. Royal Society Open Science, 10(11), 231240. https://doi.org/10.1098/rsos.231240",10.1098/rsos.231382,"Boyce, V., Mathur, M., & Frank, M. C. (2023). Eleven years of student replication projects provide evidence on the correlates of replicability in psychology. Royal Society Open Science, 10(11), 231240. https://doi.org/10.1098/rsos.231240",,,,,,,,,,,,,,,,,,https://osf.io/xwn9m/,,2,,,0.0,,1,,,"bci: b=-.42 [-.88,-.02]",bse: b=.2664 (.3766),,,,,,,Failure,,,,,,,,,,,,very close,,,0.141557686,0.299852908,-0.060781255,0.256589348,,,,,,,,,,,,,,,,,,,,,,,2022,0.001631261,1.23403E-07,0.00657663,0.221265991,0.865161449,no signal,consistent,no signal - consistent,5.308302656,0.042562827
Boyce_etal2023145,,2.0,,1,Veronica Boyce,Boyce_etal2023,Psychology,,,Disgust enhances the detection of impurity,,,,,subfield: social,LR,45429.0,,,,0.24539421,0.09323199,122,137,"Sherman, G. D., Haidt, J., & Clore, G. L. (2012). The faintest speck of
dirt: Disgust enhances the detection of impurity. Psychological Science,
23(12), 1506-1514.",10.1177/0956797612445318,"Sherman, G. D., Haidt, J., & Clore, G. L. (2012). The faintest speck of dirt: Disgust enhances the detection of impurity. Psychological Science, 23(12), 1506-1514.",1.0,"Boyce, V., Mathur, M., & Frank, M. C. (2023). Eleven years of student replication projects provide evidence on the correlates of replicability in psychology. Royal Society Open Science, 10(11), 231240. https://doi.org/10.1098/rsos.231240",10.1098/rsos.231384,"Boyce, V., Mathur, M., & Frank, M. C. (2023). Eleven years of student replication projects provide evidence on the correlates of replicability in psychology. Royal Society Open Science, 10(11), 231240. https://doi.org/10.1098/rsos.231240",,,,,,,,,,,,,,,,,,https://osf.io/xwn9m/,,2,,,1.0,,0,,,bse: b = -0.04 (0.02),bse b=-.08 (.04),,,,,,,Failure,,,,,,,,,,,,close,,,0.070718109,0.405468017,-0.075666656,0.256930005,,,,,,,,,,,,,,,,,,,,,,,2012,0.007299088,0.006442779,0.00722567,0.278535143,0.89719396,no signal,consistent,no signal - consistent,2.732697362,0.09166985
osc201581,osc201581,2.0,,1,CD,OSC 2015,,,"Adaptation, Psychological, Adult, Analysis of Variance, Conflict (Psychology), Cooperative Behavior, Emotions, Female, Humans, Israel, Male, Models, Psychological, Negotiating, Power (Psychology), Role, Social Perception",A needs-based model of reconciliation: Satisfying the differential emotional needs of victim and perpetrator as a key to promoting reconciliation.,,,,,only contact author listed as contributor,Gilbert,44927.0,,,,0.268278965,-0.101637251,94,141,"Shnabel, Nurit, and Arie Nadler. ""A needs-based model of reconciliation:
satisfying the differential emotional needs of victim and perpetrator as
a key to promoting reconciliation."" Journal of personality and social psychology
94.1 (2008): 116.",10.1037/0022-3514.94.1.116,"Shnabel, Nurit, and Arie Nadler. ""A needs-based model of reconciliation: satisfying the differential emotional needs of victim and perpetrator as a key to promoting reconciliation."" Journal of personality and social psychology 94.1 (2008): 116. https://doi.org/10.1037/0022-3514.94.1.116",,"Gilbert, E. A. (2023, September 28). Replication of Shnabel & Nadler (2008, JPSP, Study 4). Retrieved from osf.io/xse7q",10.1126/science.aac4716,"Open Science Collaboration. (2015). Estimating the reproducibility of psychological science. Science, 349(6251), aac4716. https://doi.org/10.1126/science.aac4716","Gilbert, E. A. (2023, September 28). Replication of Shnabel & Nadler (2008, JPSP, Study 4). Retrieved from osf.io/xse7q",,,,,,,,,,,,,,,,,https://osf.io/xse7q/,,,,,,,,,,,,,,,,,,Failure,,,,,,,,,,,,,,,0.069436416,0.446618689,-0.262538258,0.06476303,1,0,0.945,Journal of Personality and Social Psychology,,,,,,,,,,,,,,,,,,,2008,0.00926057,0.008939188,0.006996046,0.2304344,0.944903569,no signal,inconsistent,no signal - inconsistent,2.623412807,0.104828484
OpenMKT2,OpenMKT2,2.0,,1,LK,openmkt,Marketing,,"Phonetic symbolism, Sound symbolism, Brand names, Psycholinguistics","Particular words will be preferred as brand names when the phonetic connotations of the words are consistent with the product attributes. Back vowel
 sound words will be preferred over front vowel sound words for 
4×4 vehicle and hammer.",,,,,Originial sample size is added throughout all three groups,"Kaiser, Leonard",45141.0,,,,0.367,0.387,357,823,"Shrum, L. J., Lowrey, T. M., Luna, D., Lerman, D. B., and Liu, M. (2012).
Sound symbolism effects across languages: implications for global brand
names. Int. J. Res. Market. 29, 275–279. doi: 10.1016/j.ijresmar.2012.03.002",10.1016/j.ijresmar.2012.03.002,"Shrum, L. J., Lowrey, T. M., Luna, D., Lerman, D. B., and Liu, M. (2012). Sound symbolism effects across languages: implications for global brand names. Int. J. Res. Market. 29, 275–279. https://doi.org/10.1016/j.ijresmar.2012.03.002",,"Motoki, K., & Iseki, S. (2022). Evaluating replicability of ten influential research on sensory marketing. Frontiers in Communication, 7, 1048896.",10.3389/fcomm.2022.1048896,"Motoki, K., & Iseki, S. (2022). Evaluating replicability of ten influential research on sensory marketing. Frontiers in Communication, 7, 1048896. https://doi.org/10.3389/fcomm.2022.1048896",,,,0.367,r,0.387,r,,,,,,,,,,,https://osf.io/tnmvq/,,2,openMKT2,1,,1,0,,,,,,,,,,,Success,,,,,,,,,,,,,,,0.273627572,0.453519788,0.327318324,0.443606223,,,,International Journal of Research in Marketing,,,,,,,,,,,,,,,,,,,2012,0.002103267,7.98786E-13,0.000879432,8.48968E-31,1,signal,consistent,signal - consistent,7.242823151,0.0531494
OpenMKT2,OpenMKT2,2.0,,1,LK,openmkt,Marketing,,"Phonetic symbolism, Sound symbolism, Brand names, Psycholinguistics","Particular words will be preferred as brand names when the phonetic connotations of the words are consistent with the product attributes. Front vowel sound words will be preferred over back vowel
sound words for 2-seater convertible and knife",,,,,Originial sample size is added throughout all three groups,"Kaiser, Leonard",45141.0,,,,0.362,0.106,357,823,"Shrum, L. J., Lowrey, T. M., Luna, D., Lerman, D. B., and Liu, M. (2012).
Sound symbolism effects across languages: implications for global brand
names. Int. J. Res. Market. 29, 275–279. doi: 10.1016/j.ijresmar.2012.03.002",10.1016/j.ijresmar.2012.03.002,"Shrum, L. J., Lowrey, T. M., Luna, D., Lerman, D. B., and Liu, M. (2012). Sound symbolism effects across languages: implications for global brand names. Int. J. Res. Market. 29, 275–279. https://doi.org/10.1016/j.ijresmar.2012.03.002",,"Motoki, K., & Iseki, S. (2022). Evaluating replicability of ten influential research on sensory marketing. Frontiers in Communication, 7, 1048896.",10.3389/fcomm.2022.1048896,"Motoki, K., & Iseki, S. (2022). Evaluating replicability of ten influential research on sensory marketing. Frontiers in Communication, 7, 1048896. https://doi.org/10.3389/fcomm.2022.1048896",,,,0.362,r,0.106,r,,,,,,,,,,,https://osf.io/tnmvq/,,2,openMKT2,1,,1,0,,,,,,,,,,,Success,,,,,,,,,,,,,,,0.268284816,0.448927698,0.037936577,0.173084432,,,,International Journal of Research in Marketing,,,,,,,,,,,,,,,,,,,2012,0.002121024,1.70684E-12,0.00118936,0.002327687,1,signal,"inconsistent, smaller","signal - inconsistent, smaller",7.134334522,0.0531494
OpenMKT2,OpenMKT2,2.0,,1,LK,openmkt,Marketing,,"Phonetic symbolism, Sound symbolism, Brand names, Psycholinguistics",Particular words will be preferred as brand names when the phonetic connotations of the words are consistent with the product attributes. Vowel sound-product category interaction,,,,,Originial sample size is added throughout all three groups,"Kaiser, Leonard",45141.0,,,,0.385,0.251,357,823,"Shrum, L. J., Lowrey, T. M., Luna, D., Lerman, D. B., and Liu, M. (2012).
Sound symbolism effects across languages: implications for global brand
names. Int. J. Res. Market. 29, 275–279. doi: 10.1016/j.ijresmar.2012.03.002
Study 1a-c",10.1016/j.ijresmar.2012.03.002,"Shrum, L. J., Lowrey, T. M., Luna, D., Lerman, D. B., and Liu, M. (2012). Sound symbolism effects across languages: implications for global brand names. Int. J. Res. Market. 29, 275–279. https://doi.org/10.1016/j.ijresmar.2012.03.002",1a-c,"Motoki, K., & Iseki, S. (2022). Evaluating replicability of ten influential research on sensory marketing. Frontiers in Communication, 7, 1048896.",10.3389/fcomm.2022.1048896,"Motoki, K., & Iseki, S. (2022). Evaluating replicability of ten influential research on sensory marketing. Frontiers in Communication, 7, 1048896. https://doi.org/10.3389/fcomm.2022.1048896",,,,0.385,r,0.251,r,,,,,,,,,,,https://osf.io/tnmvq/,,2,openMKT2,1,,1,0,,,,,,,,,,,Success,,,,,,,,,,,,,,,0.292909321,0.470013361,0.18584963,0.313953026,,,,International Journal of Research in Marketing,,,,,,,,,,,,,,,,,,,2012,0.002037979,4.64511E-14,0.001068087,2.73119E-13,1,signal,"inconsistent, smaller","signal - inconsistent, smaller",7.637274791,0.0531494
Boyce_etal2023147,,2.0,,1,Veronica Boyce,Boyce_etal2023,Psychology,,,community of knowledge,,,,,subfield: cognitive,LR,45429.0,,,,0.1623665,,70,61,"Sloman, S. A., & Rabb, N. (2016). Your understanding is my understanding:
Evidence for a community of knowledge. Psychological science, 27(11), 1451-1460.",10.1177/0956797616662271,"Sloman, S. A., & Rabb, N. (2016). Your understanding is my understanding: Evidence for a community of knowledge. Psychological science, 27(11), 1451-1460.",1.0,"Boyce, V., Mathur, M., & Frank, M. C. (2023). Eleven years of student replication projects provide evidence on the correlates of replicability in psychology. Royal Society Open Science, 10(11), 231240. https://doi.org/10.1098/rsos.231240",10.1098/rsos.231386,"Boyce, V., Mathur, M., & Frank, M. C. (2023). Eleven years of student replication projects provide evidence on the correlates of replicability in psychology. Royal Society Open Science, 10(11), 231240. https://doi.org/10.1098/rsos.231240",,,,,,,,,,,,,,,,,,https://osf.io/xwn9m/,,2,,,1.0,,0,,,"MSD2: m1=2.42(1.81), m2=1.79(1.03)","MSD2: m1=2.085938(1.328236), m2=1.828125 (1.255598)",,,,,,,OS not significant,,,,,,,,,,,,very close,,,-0.075487514,0.382738324,,,,,,,,,,,,,,,,,,,,,,,,,2016,0.013738685,0.179295905,,,0.349682167,,OS not significant,NA - OS not significant,1.340894362,0.122169444
Boyce_etal2023146,,2.0,,1,Veronica Boyce,Boyce_etal2023,Psychology,,,community of knowledge,,,,,subfield: cognitive,LR,45429.0,,,,0.3813007,0.28359773,106,158,"Sloman, S. A., & Rabb, N. (2016). Your understanding is my understanding:
Evidence for a community of knowledge. Psychological science, 27(11), 1451-1460.",10.1177/0956797616662271,"Sloman, S. A., & Rabb, N. (2016). Your understanding is my understanding: Evidence for a community of knowledge. Psychological science, 27(11), 1451-1460.",2.0,"Boyce, V., Mathur, M., & Frank, M. C. (2023). Eleven years of student replication projects provide evidence on the correlates of replicability in psychology. Royal Society Open Science, 10(11), 231240. https://doi.org/10.1098/rsos.231240",10.1098/rsos.231385,"Boyce, V., Mathur, M., & Frank, M. C. (2023). Eleven years of student replication projects provide evidence on the correlates of replicability in psychology. Royal Society Open Science, 10(11), 231240. https://doi.org/10.1098/rsos.231240",,,,,,,,,,,,,,,,,,https://osf.io/xwn9m/,,2,,,1.0,,0,,,"MSD2: m1=1.93(1.35), m2=1.77(1.22)","MSD2: m1=2.37 (1.75), m2=2.18(1.70)",,,,,,,Success,,,,,,,,,,,,very close,,,0.205491767,0.53326872,0.133362861,0.421091669,,,,,,,,,,,,,,,,,,,,,,,2016,0.006955789,5.51552E-05,0.005386072,0.000305152,0.999624401,signal,consistent,signal - consistent,4.075599483,0.098532928
soscisubmission89,,2.0,,1,LK,Individual submissions,Cognitive Psychology,posture attention effect/Stroop posture effect,"Stroop, attention, cognitive control, posture, standing",Standing is better than sitting for attention performance on the Stroop task,,,,,,"LaPlume, Annalise",45331.0,,,,0.519615242,0.612846764,14,38,"Smith, K. C., Davoli, C. C., Knapp, W. H., & Abrams, R. A. (2019). Standing
enhances cognitive control and alters visual search. Attention, Perception,
& Psychophysics, 81, 2320-2329.",10.3758/s13414-019-01723-6,"Smith, K. C., Davoli, C. C., Knapp, W. H., & Abrams, R. A. (2019). Standing enhances cognitive control and alters visual search. Attention, Perception, & Psychophysics, 81, 2320-2329. https://doi.org/10.3758/s13414-019-01723-6",,"Straub, E. R., Dames, H., Kiesel, A., & Dignath, D. (2022). Does body posture reduce the Stroop effect? Evidence from two conceptual replications and a meta-analysis. Acta Psychologica, 224, 103497.",10.1016/j.actpsy.2022.103497,"Straub, E. R., Dames, H., Kiesel, A., & Dignath, D. (2022). Does body posture reduce the Stroop effect? Evidence from two conceptual replications and a meta-analysis. Acta Psychologica, 224, 103497. https://doi.org/10.1016/j.actpsy.2022.103497",,,,0.27,etasq,0.06,or,,,,,,,,,,,https://osf. io/c8wek/,,2,sosci_36,1,not independent,0,0,,,"F(2, 26) = 4.73, p = .018","z= 0.75,p= .452","Smith et al (2019): pg 2321 (sample size), pg 2322 (effect size, test statistic)
 Straub et al: pg 2 (sample size), pg 7 (test statistic, effect size)",,,,,,OS not significant,https://osf. io/c8wek/,2.0,2.0,2.0,2.0,2.0,2.0,3.0,2.0,2.0,3.0,"different time, different researchers, different participant populations",0.04099231,,-0.015137675,0.823231992,0.364593426,0.77976163,0,,,"Attention, Perception, & Psychophysics",,,,,,,,,,,,,,,,,,,2019,0.040992308,0.056860014,0.010537808,4.31163E-05,0.96443372,signal,OS not significant,signal - OS not significant,1.909754162,0.301511345
soscisubmission83,,2.0,,1,LK,Individual submissions,Cognitive Psychology,Posture attention effect,"posture, attention, cognitive control, visual search, standing",Standing resulted in better performance than sitting in on a visual search task,,,,,,"LaPlume, Annalise",45331.0,,,,0.591607978,0.031622777,12,50,"Smith, K.C., Davoli, C.C., Knapp, W.H., & Abrams, R.A. (2019) Standing
enhances cognitive control and alters visual search. Attention, Perception,
and Psychophysics, 81, 2320–2329.",10.3758/s13414-019-01723-6,"Smith, K.C., Davoli, C.C., Knapp, W.H., & Abrams, R.A. (2019) Standing enhances cognitive control and alters visual search. Attention, Perception, and Psychophysics, 81, 2320–2329. https://doi.org/10.3758/s13414-019-01723-6",,"Caron, E. E., Marusich, L. R., Bakdash, J. Z., Ballotti, R. J., Tague, A. M., Carriere, J. S., Smilek, D., Harter, D., Lu, S., & Reynolds, M. G. (2023). The Influence of Posture on Attention. Experimental Psychology, 69(6), 295-307.",10.1027/1618-3169/a000567,"Caron, E. E., Marusich, L. R., Bakdash, J. Z., Ballotti, R. J., Tague, A. M., Carriere, J. S., Smilek, D., Harter, D., Lu, S., & Reynolds, M. G. (2023). The Influence of Posture on Attention. Experimental Psychology, 69(6), 295-307. https://doi.org/10.1027/1618-3169/a000567",,,,0.35,etasq,0.001,etasq,,,,,,,,,,,https://osf.io/kwrjd,,2,sosci_CARON1,1,not independent,1,0,,,"F(1, 11) = 5.9, p = .033","F(1, 49) = 0.03,MSE=727.64,p=.861","Caron et al (2023): pg 302 (sample size), pg 303 (test statistic, effect size)
 
 Smith et al (2019): pg 2325 (sample size), pg 2326 (test statistic, effect size)",,,,,,Failure,https://osf.io/fzscv,1.0,1.0,1.0,1.0,1.0,2.0,2.0,1.0,1.0,2.0,"time, laboratories, and participant pools",,,0.026808517,0.870091854,-0.248915932,0.307265901,,,,"Attention, Perception, & Psychophysics",,,,,,,,,,,,,,,,,,,2019,0.038409091,0.042737994,0.020367367,0.827424751,0.998894432,no signal,inconsistent,no signal - inconsistent,2.040408811,0.333333333
soscisubmission84,,2.0,,1,LK,Individual submissions,Cognitive Psychology,Posture attention effect,"posture, attention, task switching, cognitive control, standing",Standing resulted in better performance than sitting in on a task switching measure,,,,,,"LaPlume, Annalise",45331.0,,,,0.4,0.122474487,30,51,"Smith, K.C., Davoli, C.C., Knapp, W.H., & Abrams, R.A. (2019) Standing
enhances cognitive control and alters visual search. Attention, Perception,
and Psychophysics, 81, 2320–2329.",10.3758/s13414-019-01723-6,"Smith, K.C., Davoli, C.C., Knapp, W.H., & Abrams, R.A. (2019) Standing enhances cognitive control and alters visual search. Attention, Perception, and Psychophysics, 81, 2320–2329. https://doi.org/10.3758/s13414-019-01723-6",,"Caron, E. E., Marusich, L. R., Bakdash, J. Z., Ballotti, R. J., Tague, A. M., Carriere, J. S., Smilek, D., Harter, D., Lu, S., & Reynolds, M. G. (2023). The Influence of Posture on Attention. Experimental Psychology, 69(6), 295-307.",10.1027/1618-3169/a000567,"Caron, E. E., Marusich, L. R., Bakdash, J. Z., Ballotti, R. J., Tague, A. M., Carriere, J. S., Smilek, D., Harter, D., Lu, S., & Reynolds, M. G. (2023). The Influence of Posture on Attention. Experimental Psychology, 69(6), 295-307. https://doi.org/10.1027/1618-3169/a000567",,,,0.16,etasq,0.015,etasq,,,,,,,,,,,https://osf.io/kwrjd,,2,sosci_CARON2,1,not independent,1,0,,,"F(1, 29) = 5.54, p = .026","F(1,50) = .74,MSE= 24.00,p= .40","Caron et al (2023): pg 300 (sample size), pg 301 (test statistic, effect size)
 
 Smith et al (2019): pg 2323 (sample size), pg 2324 (test statistic, effect size)",,,,,,Failure,https://osf.io/fzscv,1.0,1.0,1.0,1.0,1.0,2.0,2.0,1.0,1.0,2.0,"time, laboratories, and participant pools",0.02433103,0.01764045,0.046420299,0.664508446,-0.158457434,0.385061572,1,0,0.929,"Attention, Perception, & Psychophysics",,,,,,,,,,,,,,,,,,,2019,0.024331034,0.028513059,0.0194045,0.391893153,0.90640743,no signal,inconsistent,no signal - inconsistent,2.201344415,0.19245009
soscisubmission83,,2.0,,1,LK,Individual submissions,Cognitive Psychology,Posture attention effect/Stroop posture effect,"Stroop effect, posture, attention , standing, embodiment",Standing resulted in better performance than sitting in on a Stroop task,,,,,,"LaPlume, Annalise",45331.0,,,,0.519615242,0.04472136,14,50,"Smith, K.C., Davoli, C.C., Knapp, W.H., & Abrams, R.A. (2019) Standing
enhances cognitive control and alters visual search. Attention, Perception,
and Psychophysics, 81, 2320–2329.",10.3758/s13414-019-01723-6,"Smith, K.C., Davoli, C.C., Knapp, W.H., & Abrams, R.A. (2019) Standing enhances cognitive control and alters visual search. Attention, Perception, and Psychophysics, 81, 2320–2329. https://doi.org/10.3758/s13414-019-01723-6",,"Caron, E. E., Marusich, L. R., Bakdash, J. Z., Ballotti, R. J., Tague, A. M., Carriere, J. S., Smilek, D., Harter, D., Lu, S., & Reynolds, M. G. (2023). The Influence of Posture on Attention. Experimental Psychology, 69(6), 295-307.",10.1027/1618-3169/a000567,"Caron, E. E., Marusich, L. R., Bakdash, J. Z., Ballotti, R. J., Tague, A. M., Carriere, J. S., Smilek, D., Harter, D., Lu, S., & Reynolds, M. G. (2023). The Influence of Posture on Attention. Experimental Psychology, 69(6), 295-307. https://doi.org/10.1027/1618-3169/a000567",,,,0.27,etasq,0.002,etasq,,,,,,,,,,,https://osf.io/kwrjd,,2,sosci_CARON1,1,not independent,1,0,,,"F(2, 26) = 4.73, p = .018","F(2, 98) = 0.08,MSE=520.96,p=.922","Caron et al (2023): pg 297 (effect size), pg 299 (test statistic, sample size)
 
 Smith et al (2019): pg 2322 (effect size, test statistic), pg 2321 (sample size)",,,,,,OS not significant,https://osf.io/fzscv,1.0,1.0,1.0,1.0,1.0,1.0,2.0,1.0,1.0,2.0,"time, laboratories, and participant pools
 
 The replication study authors note: ""The very large difference in effect sizes across thepostural interactions from this paper and those reported bySmith et al. (2019) make it unlikely, however, that simple variations in time, laboratories, and participant pools are the sole cause of these statistical discrepancies""",0.04099231,,-0.015137675,0.823231992,-0.236571218,0.319096931,0,,,"Attention, Perception, & Psychophysics",,,,,,,,,,,,,,,,,,,2019,0.040992308,0.056860014,0.020326612,0.757790316,0.990359643,no signal,OS not significant,no signal - OS not significant,1.909754162,0.301511345
osc201546,osc201546,2.0,,1,CD,OSC 2015,,,"Adolescent, Adult, Child, Comprehension, Data Collection, Extraversion (Psychology), Female, Humans, Informed Consent, Internet, Language Development, Male, Patient Selection, Personality Development, Personality Inventory [statistics & numerical data], Psychometrics [statistics & numerical data], Reproducibility of Results, Self Concept, Vocabulary","The developmental psychometrics of big five self-reports: Acquiescence, factor structure, coherence, and differentiation from ages 10 to 20.",,,,,only contact author listed as contributor,Soderberg,44927.0,,,,0.022542373,0.023841537,230047,455326,"Soto, C.J., John, O.P., Gosling, S.D., & Potter, J. (2008). The developmental
psychometrics of big five self-reports: Acquiescence, factor structure,
coherence, and differentiation from ages 10 to 20. Journal of Personality
and Social Psychology, 94(4), 718-737.",10.1037/0022-3514.94.4.718,"Soto, C.J., John, O.P., Gosling, S.D., & Potter, J. (2008). The developmental psychometrics of big five self-reports: Acquiescence, factor structure, coherence, and differentiation from ages 10 to 20. Journal of Personality and Social Psychology, 94(4), 718-737. https://doi.org/10.1037/0022-3514.94.4.718",,"Soderberg, C. K. (2023, September 28). Replication of CJ Soto, OP John, SD Gosling, J Potter (2008, JPSP 94(4)). Retrieved from osf.io/kez47",10.1126/science.aac4716,"Open Science Collaboration. (2015). Estimating the reproducibility of psychological science. Science, 349(6251), aac4716. https://doi.org/10.1126/science.aac4716","Soderberg, C. K. (2023, September 28). Replication of CJ Soto, OP John, SD Gosling, J Potter (2008, JPSP 94(4)). Retrieved from osf.io/kez47",,,,,,,,,,,,,,,,,https://osf.io/kez47/,,,,,,,,,,,,,,,,,,Success,,,,,,,,,,,,,,,0.018457679,0.026626314,0.020938382,0.02674429,1,1,1,Journal of Personality and Social Psychology,,,,,,,,,,,,,,,,,,,2008,4.34254E-06,2.97561E-27,2.19374E-06,2.99843E-58,1,signal,consistent,signal - consistent,10.8138083,0.002084945
soscisubmission91,,2.0,,1,LK,Individual submissions,Developmental Psychology,implicit Theory of Mind measured via anticipatory looking paradigms,"implicit Theory of Mind, anticipatory looking, infants",implicit Theory of Mind measured via anticipatory looking paradigms,,,,,,"Kulke, Louisa",45337.0,,,,0.469041576,0.2,20,460,"Southgate V, Senju A, Csibra G. Action anticipation through attribution
of false belief by 2-year-olds. Psychol Sci. 2007 Jul;18(7):587-92. doi:
10.1111/j.1467-9280.2007.01944.x. PMID: 17614866.",10.1111/j.1467-9280.2007.01944.x,"Southgate V, Senju A, Csibra G. Action anticipation through attribution of false belief by 2-year-olds. Psychol Sci. 2007 Jul;18(7):587-92. doi: 10.1111/j.1467-9280.2007.01944.x. PMID: 17614866. https://doi.org/10.1111/j.1467-9280.2007.01944.x",,"Kulke, L., Reiß, M., Krist, H., & Rakoczy, H. (2018). How robust are anticipatory looking measures of Theory of Mind? Replication attempts across the life span. Cognitive Development, 46, 97-111.",10.1016/j.cogdev.2017.09.001,"Kulke, L., Reiß, M., Krist, H., & Rakoczy, H. (2018). How robust are anticipatory looking measures of Theory of Mind? Replication attempts across the life span. Cognitive Development, 46, 97-111. https://doi.org/10.1016/j.cogdev.2017.09.001",,,,0.22,etasq,0.04,etasq,,,,,,,,,,,https://www.sciencedirect.com/science/article/pii/S0885201417300369#sec0215,,2,sosci_38,1,independent,1,1,,,"F (1, 18) = 5.21,p = .035,prep = .901,ηp 2 = .22","F(1, 442) = 18.42, p < 0.001, ηp2 = 0.04",Replication: https://www.sciencedirect.com/science/article/pii/S0885201417300369 (Section 2.2.1.1),,,,,,Success,,1.0,1.0,2.0,1.0,1.0,4.0,2.0,1.0,3.0,3.0,"The replication recruited a larger age group and a larger sample size. The stimuli were designed based on the original study, but with a different actress.",,,0.033467285,0.754879154,0.110595062,0.286194033,,,,Psychological Science,,,,,,,,,,,,,,,,,,,1944,0.032021053,0.036956605,0.002007843,1.54909E-05,1,signal,"inconsistent, smaller","signal - inconsistent, smaller",2.098004689,0.242535625
soscisubmission90b,,2.0,,1,LK,Individual submissions,Developmental Psychology,implicit Theory of Mind measured through anticipatory looking,implicit Theory of Mind,implicit Theory of Mind measured through anticipatory looking (FB2 condition),,,,,,"Kulke, Louisa",45337.0,,,,0.469041576,0.304775727,20,22,"Southgate V, Senju A, Csibra G. Action anticipation through attribution
of false belief by 2-year-olds. Psychol Sci. 2007 Jul;18(7):587-92. doi:
10.1111/j.1467-9280.2007.01944.x. PMID: 17614866.",10.1111/j.1467-9280.2007.01944.x,"Southgate V, Senju A, Csibra G. Action anticipation through attribution of false belief by 2-year-olds. Psychol Sci. 2007 Jul;18(7):587-92. doi: 10.1111/j.1467-9280.2007.01944.x. PMID: 17614866. https://doi.org/10.1111/j.1467-9280.2007.01944.x",,"Kulke, L., & Rakoczy, H. (2019). Testing the role of verbal narration in implicit theory of mind tasks. Journal of Cognition and Development, 20(1), 1-14.",10.1080/15248372.2018.1544140,"Kulke, L., & Rakoczy, H. (2019). Testing the role of verbal narration in implicit theory of mind tasks. Journal of Cognition and Development, 20(1), 1-14. https://doi.org/10.1080/15248372.2018.1544140",,,,0.22,etasq,-0.64,d,,,,,,,,,,,DOI 10.17605/OSF.IO/R7CXZ,,2,sosci_37b,1,independent,0,1,,,"F (1, 18) = 5.21,p = .035,prep = .901,ηp 2 = .22","FB1: t(25) = 7.583, p < .001, d = 3.03; FB2 t(21) = −1.466, p = .157, d = −0.64, BF = 0.567","Original: https://core.ac.uk/reader/1144957?utm_source=linkout, p.7
 Replication: https://www.psych.uni-goettingen.de/de/development/pdfs/kulke-rakoczy-2018-jcd-verbal-narration, p.8",,,,,,Failure,https://osf.io/fb8fj/,2.0,1.0,1.0,2.0,1.0,4.0,3.0,1.0,3.0,3.0,"The replication added verbal narration on some trials (which had no significant effect on the results).
 Adult compared to toddler populations were tested, as the original study assumes taht the effect persists across the life span.",,,0.033467285,0.754879154,-0.134058734,0.643674555,,,,Psychological Science,,,,,,,,,,,,,,,,,,,1944,0.032021053,0.036956605,0.039183416,0.167847134,0.733923794,no signal,consistent,no signal - consistent,2.098004689,0.242535625
soscisubmission90a,,2.0,,1,LK,Individual submissions,Developmental Psychology,implicit Theory of Mind measured through anticipatory looking,implicit Theory of Mind,implicit Theory of Mind measured through anticipatory looking (FB1 condition),,,,,,"Kulke, Louisa",45337.0,,,,0.469041576,0.83458408,20,26,"Southgate V, Senju A, Csibra G. Action anticipation through attribution
of false belief by 2-year-olds. Psychol Sci. 2007 Jul;18(7):587-92. doi:
10.1111/j.1467-9280.2007.01944.x. PMID: 17614866.",10.1111/j.1467-9280.2007.01944.x,"Southgate V, Senju A, Csibra G. Action anticipation through attribution of false belief by 2-year-olds. Psychol Sci. 2007 Jul;18(7):587-92. doi: 10.1111/j.1467-9280.2007.01944.x. PMID: 17614866. https://doi.org/10.1111/j.1467-9280.2007.01944.x",,"Kulke, L., & Rakoczy, H. (2019). Testing the role of verbal narration in implicit theory of mind tasks. Journal of Cognition and Development, 20(1), 1-14.",10.1080/15248372.2018.1544140,"Kulke, L., & Rakoczy, H. (2019). Testing the role of verbal narration in implicit theory of mind tasks. Journal of Cognition and Development, 20(1), 1-14. https://doi.org/10.1080/15248372.2018.1544140",,,,0.22,etasq,3.03,d,,,,,,,,,,,DOI 10.17605/OSF.IO/R7CXZ,,2,sosci_37a,1,independent,0,1,,,"F (1, 18) = 5.21,p = .035,prep = .901,ηp 2 = .22","FB1: t(25) = 7.583, p < .001, d = 3.03; FB2 t(21) = −1.466, p = .157, d = −0.64, BF = 0.567","Original: https://core.ac.uk/reader/1144957?utm_source=linkout, p.7
 Replication: https://www.psych.uni-goettingen.de/de/development/pdfs/kulke-rakoczy-2018-jcd-verbal-narration, p.8",,,,,,Success,https://osf.io/fb8fj/,2.0,1.0,1.0,2.0,1.0,4.0,3.0,1.0,3.0,3.0,"The replication added verbal narration on some trials (which had no significant effect on the results).
 Adult compared to toddler populations were tested, as the original study assumes taht the effect persists across the life span.",,,0.033467285,0.754879154,0.660879923,0.923416122,,,,Psychological Science,,,,,,,,,,,,,,,,,,,1944,0.032021053,0.036956605,0.003683747,1.15932E-07,0.800314895,signal,"inconsistent, larger","signal - inconsistent, larger",2.098004689,0.242535625
soscisubmission7,soscisubmission7,2.0,,1,LK,Individual submissions,Social psychology,Theory of Mind,"Theory of Mind, implicit Theory of Mind, eye-tracking",Implicit Theory of Mind can be measured through anticipatory looking patterns measured through eye-tracking.,,,,,"Crucially, in the replication only the ""FB1"" condition was replicated, which is prone to alternative explanations, while the ""FB2"" condition, which exlcudes alternative explanations showed effects in the opposite direction to the original study.","Kulke, Louisa",45016.0,,,,0.469041576,0.124034735,20,52,"Southgate, V., Senju, A., & Csibra, G. (2007). Action anticipation through
attribution of false belief by 2-year-olds. Psychological science, 18(7),
587-592.",10.1111/j.1467-9280.2007.01944.x,"Southgate, V., Senju, A., & Csibra, G. (2007). Action anticipation through attribution of false belief by 2-year-olds. Psychological science, 18(7), 587-592. https://doi.org/10.1111/j.1467-9280.2007.01944.x",,"Kulke, L., Von Duhn, B., Schneider, D., & Rakoczy, H. (2018). Is implicit theory of mind a real and robust phenomenon? results from a systematic replication study. Psychological Science, 29(6), 888–900. ",10.1177/0956797617747090,"Kulke, L., Von Duhn, B., Schneider, D., & Rakoczy, H. (2018). Is implicit theory of mind a real and robust phenomenon? results from a systematic replication study. Psychological Science, 29(6), 888–900. https://doi.org/10.1177/0956797617747090",,,,0.22,etasq,0.25,d,,,,,,,,,,,http:// journals.sagepub.com/doi/suppl/10.1177/0956797617747090,,2,sosci_KPsychSci,1,,0,1,,,,,"Kulke, L., von Duhn, B., Schneider, D., & Rakoczy, H. (2018). Is implicit theory of mind a real and robust phenomenon? Results from a systematic replication study. Psychological science, 29(6), 888-900., p.893",,,,,,Failure,https://osf.io/dxb5n/,2.0,2.0,1.0,2.0,1.0,4.0,3.0,1.0,3.0,3.0,"The replication tested adults instead of the toddlers tested in the original study, as the original and later studies suggest that the effect is consistent across the life span. The replication included four different paradigms which were tested within participants, while the original only included one paradigm. The replication computed the same eye movement measures but used the Differential Looking Score (DLS) as suggested in a later study by the original authors (Senju et al., 2009); therefore, the used statistics differ. The replication tested German participants, instead of British participants. The authors of the original study provided the original stimuli for the replication. One author of a different original Theory of Mind paradigm is also a co-author on the replication. 
 Crucially, in the replication only the ""FB1"" condition was replicated, which is prone to alternative explanations, while the ""FB2"" condition, which exlcudes alternative explanations showed effects in the opposite direction to the original study.",,,0.033467285,0.754879154,-0.154081093,0.383939055,,,,Psychological Science,,,,,,,,,,,,,,,,,,,2007,0.032021053,0.036956605,0.019009166,0.380989578,0.974421856,no signal,inconsistent,no signal - inconsistent,2.098004689,0.242535625
Camereretal2018_20,,2.0,,1,LKasseckert,SSRP,Psychology,,"Social Science Replication Project, Science, Nature, Human Behavior",Google effects on memory: cognitive consequences of having information at our fngertips,,,,,Effect sizes available here: https://osf.io/7286p,Lukas Röseler,45384.0,,changed success to informative failure,,0.367646217,0.049590591,69,234,"Sparrow, B., Liu, J., & Wegner, D. M. (2011). Google effects on memory:
Cognitive consequences of having information at our fingertips. science,
333(6043), 776-778.",10.1126/science.1207745,"Sparrow, B., Liu, J., & Wegner, D. M. (2011). Google effects on memory: Cognitive consequences of having information at our fingertips. science, 333(6043), 776-778. https://doi.org/10.1126/science.1207745",,"Camerer, C. F., Dreber, A., Holzmeister, F., Ho, T. H., Huber, J., Johannesson, M., ... & Wu, H. (2018). Evaluating the replicability of social science experiments in Nature and Science between 2010 and 2015. Nature human behaviour, 2(9), 637-644.",10.1038/s41562-018-0399-z,"Camerer, C. F., Dreber, A., Holzmeister, F., Ho, T. H., Huber, J., Johannesson, M., ... & Wu, H. (2018). Evaluating the replicability of social science experiments in Nature and Science between 2010 and 2015. Nature human behaviour, 2(9), 637-644.",,,,,,,,,,,,,,,,,,https://osf.io/pfdyw/,,2,Camereretal2018_20,,,,,,,,,,,,,,,Failure,https://osf.io/uhhhw,,,,,,,,,,,,,,0.14344758,0.55595097,-0.079158896,0.176712785,,,,Science,,,,,,,,,,,,,,,,,,,2011,0.010999143,0.001885334,0.004270762,0.450253453,0.999988286,no signal,inconsistent,no signal - inconsistent,3.133431176,0.123091491
RRR_BrohmerHofer_etal_2024_ZPIDat,,2.0,,1,LR,RRR Inclusive Language,Psychology,gender inclusive language effect,,"In languages with generic masculine, not explicitly naming both sexes makes people think of more masculine people",,,,,"subfield: social cogntion, language psychology",Hilmar Brohmer,45527.0,,"original paper only provides a p-value (p < .01) and total sample size (N = 90). For the test statistics, they were conferted to p = .01 (equivalent to t = 2.64) and to subsample sizes (because the contrast test was group 1 vs group 2 and 3) to n1=30 and n2=60.",,0.282945147,0.619898675,90,186,"Stahlberg, D., Sczesny, S., & Braun, F. (2001). Name your favorite musician:
Effects of masculine generics and of their alternatives in German. Journal
of Language and Social Psychology, 20(4), 464–469. https://doi.org/10.1177/0261927X01020004004",10.1177/0261927X01020004004,"Stahlberg, D., Sczesny, S., & Braun, F. (2001). Name your favorite musician: Effects of masculine generics and of their alternatives in German. Journal of Language and Social Psychology, 20(4), 464–469.",2.0,"Brohmer, H., Hofer, G., Bauch, S. A., Beitner, J., Berkessel, J., Corcoran, K., … Athenstaedt, U. (2024). Effects of the Generic Masculine and its Alternatives in Germanophone countries - A Multi-lab Replication and Extension of Stahlberg, Sczesny, and Braun, 2001. OSF PREPRINTS.",10.31219/osf.io/q56rk,"Brohmer, H., Hofer, G., Bauch, S. A., Beitner, J., Berkessel, J., Corcoran, K., … Athenstaedt, U. (2024). Effects of the Generic Masculine and its Alternatives in Germanophone countries - A Multi-lab Replication and Extension of Stahlberg, Sczesny, and Braun, 2001. OSF PREPRINTS.",1.0,,,0.59,d,1.58,d,,,,,,,,,,,https://osf.io/sqcrm/,,2,,1,,0,1,2/90/467,https://osf.io/nfskq,"t=2.64, n1=30, n2=60","t=10.53, n1=74, n2=112",467.0,https://osf.io/nfskq,467.0,https://osf.io/nfskq,,,Success,https://osf.io/knpxt,2.0,1.0,1.0,2.0,2.0,2.0,3.0,5.0,1.0,1.0,close,,,0.080575381,0.462911751,0.522633305,0.701234493,,,,Journal of Language and Social Psychology,,,,,,,,,,,,,,,,,,,2000,0.009508914,0.006888509,0.002049287,3.94985E-21,0.989295162,signal,"inconsistent, larger","signal - inconsistent, larger",2.713153939,0.107211253
RRR_BrohmerHofer_etal_2024_ZPIDde,,2.0,,1,LR,RRR Inclusive Language,Psychology,gender inclusive language effect,,"In languages with generic masculine, not explicitly naming both sexes makes people think of more masculine people",,,,,"subfield: social cogntion, language psychology",Hilmar Brohmer,45527.0,,"original paper only provides a p-value (p < .01) and total sample size (N = 90). For the test statistics, they were conferted to p = .01 (equivalent to t = 2.64) and to subsample sizes (because the contrast test was group 1 vs group 2 and 3) to n1=30 and n2=60.",,0.282945147,0.485271695,90,162,"Stahlberg, D., Sczesny, S., & Braun, F. (2001). Name your favorite musician:
Effects of masculine generics and of their alternatives in German. Journal
of Language and Social Psychology, 20(4), 464–469. https://doi.org/10.1177/0261927X01020004004",10.1177/0261927X01020004004,"Stahlberg, D., Sczesny, S., & Braun, F. (2001). Name your favorite musician: Effects of masculine generics and of their alternatives in German. Journal of Language and Social Psychology, 20(4), 464–469.",2.0,"Brohmer, H., Hofer, G., Bauch, S. A., Beitner, J., Berkessel, J., Corcoran, K., … Athenstaedt, U. (2024). Effects of the Generic Masculine and its Alternatives in Germanophone countries - A Multi-lab Replication and Extension of Stahlberg, Sczesny, and Braun, 2001. OSF PREPRINTS.",10.31219/osf.io/q56rk,"Brohmer, H., Hofer, G., Bauch, S. A., Beitner, J., Berkessel, J., Corcoran, K., … Athenstaedt, U. (2024). Effects of the Generic Masculine and its Alternatives in Germanophone countries - A Multi-lab Replication and Extension of Stahlberg, Sczesny, and Braun, 2001. OSF PREPRINTS.",1.0,,,0.59,d,1.11,d,,,,,,,,,,,https://osf.io/sqcrm/,,2,,1,,0,1,2/90/467,https://osf.io/nfskq,"t=2.64, n1=30, n2=60","t=6.68, n1=55, n2=107",467.0,https://osf.io/nfskq,467.0,https://osf.io/nfskq,,,Success,https://osf.io/knpxt,2.0,1.0,1.0,2.0,2.0,2.0,3.0,5.0,1.0,1.0,close,,,0.080575381,0.462911751,0.35785321,0.594949081,,,,Journal of Language and Social Psychology,,,,,,,,,,,,,,,,,,,2000,0.009508914,0.006888509,0.003630296,5.96517E-11,0.979042203,signal,"inconsistent, larger","signal - inconsistent, larger",2.713153939,0.107211253
RRR_BrohmerHofer_etal_2024_WehrtOtto,,2.0,,1,LR,RRR Inclusive Language,Psychology,gender inclusive language effect,,"In languages with generic masculine, not explicitly naming both sexes makes people think of more masculine people",,,,,"subfield: social cogntion, language psychology",Hilmar Brohmer,45527.0,,"original paper only provides a p-value (p < .01) and total sample size (N = 90). For the test statistics, they were conferted to p = .01 (equivalent to t = 2.64) and to subsample sizes (because the contrast test was group 1 vs group 2 and 3) to n1=30 and n2=60.",,0.282945147,0.247092907,90,124,"Stahlberg, D., Sczesny, S., & Braun, F. (2001). Name your favorite musician:
Effects of masculine generics and of their alternatives in German. Journal
of Language and Social Psychology, 20(4), 464–469. https://doi.org/10.1177/0261927X01020004004",10.1177/0261927X01020004004,"Stahlberg, D., Sczesny, S., & Braun, F. (2001). Name your favorite musician: Effects of masculine generics and of their alternatives in German. Journal of Language and Social Psychology, 20(4), 464–469.",2.0,"Brohmer, H., Hofer, G., Bauch, S. A., Beitner, J., Berkessel, J., Corcoran, K., … Athenstaedt, U. (2024). Effects of the Generic Masculine and its Alternatives in Germanophone countries - A Multi-lab Replication and Extension of Stahlberg, Sczesny, and Braun, 2001. OSF PREPRINTS.",10.31219/osf.io/q56rk,"Brohmer, H., Hofer, G., Bauch, S. A., Beitner, J., Berkessel, J., Corcoran, K., … Athenstaedt, U. (2024). Effects of the Generic Masculine and its Alternatives in Germanophone countries - A Multi-lab Replication and Extension of Stahlberg, Sczesny, and Braun, 2001. OSF PREPRINTS.",1.0,,,0.59,d,0.51,d,,,,,,,,,,,https://osf.io/sqcrm/,,2,,1,,0,1,2/90/467,https://osf.io/nfskq,"t=2.64, n1=30, n2=60","t=2.72, n1=46, n2=78",467.0,https://osf.io/nfskq,467.0,https://osf.io/nfskq,,,Success,https://osf.io/knpxt,2.0,1.0,1.0,2.0,2.0,2.0,2.0,5.0,1.0,1.0,close,,,0.080575381,0.462911751,0.074000239,0.405733108,,,,Journal of Language and Social Psychology,,,,,,,,,,,,,,,,,,,2000,0.009508914,0.006888509,0.007167625,0.005663025,0.941540638,signal,consistent,signal - consistent,2.713153939,0.107211253
RRR_BrohmerHofer_etal_2024_SalwenderBerkessel,,2.0,,1,LR,RRR Inclusive Language,Psychology,gender inclusive language effect,,"In languages with generic masculine, not explicitly naming both sexes makes people think of more masculine people",,,,,"subfield: social cogntion, language psychology",Hilmar Brohmer,45527.0,,"original paper only provides a p-value (p < .01) and total sample size (N = 90). For the test statistics, they were conferted to p = .01 (equivalent to t = 2.64) and to subsample sizes (because the contrast test was group 1 vs group 2 and 3) to n1=30 and n2=60.",,0.282945147,0.23796223,90,217,"Stahlberg, D., Sczesny, S., & Braun, F. (2001). Name your favorite musician:
Effects of masculine generics and of their alternatives in German. Journal
of Language and Social Psychology, 20(4), 464–469. https://doi.org/10.1177/0261927X01020004004",10.1177/0261927X01020004004,"Stahlberg, D., Sczesny, S., & Braun, F. (2001). Name your favorite musician: Effects of masculine generics and of their alternatives in German. Journal of Language and Social Psychology, 20(4), 464–469.",2.0,"Brohmer, H., Hofer, G., Bauch, S. A., Beitner, J., Berkessel, J., Corcoran, K., … Athenstaedt, U. (2024). Effects of the Generic Masculine and its Alternatives in Germanophone countries - A Multi-lab Replication and Extension of Stahlberg, Sczesny, and Braun, 2001. OSF PREPRINTS.",10.31219/osf.io/q56rk,"Brohmer, H., Hofer, G., Bauch, S. A., Beitner, J., Berkessel, J., Corcoran, K., … Athenstaedt, U. (2024). Effects of the Generic Masculine and its Alternatives in Germanophone countries - A Multi-lab Replication and Extension of Stahlberg, Sczesny, and Braun, 2001. OSF PREPRINTS.",1.0,,,0.59,d,0.49,d,,,,,,,,,,,https://osf.io/sqcrm/,,2,,1,,0,1,2/90/467,https://osf.io/nfskq,"t=2.64, n1=30, n2=60","t=3.49, n1=82, n2=135",467.0,https://osf.io/nfskq,467.0,https://osf.io/nfskq,,,Success,https://osf.io/knpxt,2.0,1.0,1.0,2.0,1.0,2.0,2.0,5.0,1.0,1.0,close,,,0.080575381,0.462911751,0.108207214,0.359745285,,,,Journal of Language and Social Psychology,,,,,,,,,,,,,,,,,,,2000,0.009508914,0.006888509,0.00412016,0.0004061,0.99560531,signal,consistent,signal - consistent,2.713153939,0.107211253
RRR_BrohmerHofer_etal_2024_Muess,,2.0,,1,LR,RRR Inclusive Language,Psychology,gender inclusive language effect,,"In languages with generic masculine, not explicitly naming both sexes makes people think of more masculine people",,,,,"subfield: social cogntion, language psychology",Hilmar Brohmer,45527.0,,"original paper only provides a p-value (p < .01) and total sample size (N = 90). For the test statistics, they were conferted to p = .01 (equivalent to t = 2.64) and to subsample sizes (because the contrast test was group 1 vs group 2 and 3) to n1=30 and n2=60.",,0.282945147,0.379353281,90,86,"Stahlberg, D., Sczesny, S., & Braun, F. (2001). Name your favorite musician:
Effects of masculine generics and of their alternatives in German. Journal
of Language and Social Psychology, 20(4), 464–469. https://doi.org/10.1177/0261927X01020004004",10.1177/0261927X01020004004,"Stahlberg, D., Sczesny, S., & Braun, F. (2001). Name your favorite musician: Effects of masculine generics and of their alternatives in German. Journal of Language and Social Psychology, 20(4), 464–469.",2.0,"Brohmer, H., Hofer, G., Bauch, S. A., Beitner, J., Berkessel, J., Corcoran, K., … Athenstaedt, U. (2024). Effects of the Generic Masculine and its Alternatives in Germanophone countries - A Multi-lab Replication and Extension of Stahlberg, Sczesny, and Braun, 2001. OSF PREPRINTS.",10.31219/osf.io/q56rk,"Brohmer, H., Hofer, G., Bauch, S. A., Beitner, J., Berkessel, J., Corcoran, K., … Athenstaedt, U. (2024). Effects of the Generic Masculine and its Alternatives in Germanophone countries - A Multi-lab Replication and Extension of Stahlberg, Sczesny, and Braun, 2001. OSF PREPRINTS.",1.0,,,0.59,d,0.82,d,,,,,,,,,,,https://osf.io/sqcrm/,,2,,1,,0,1,2/90/467,https://osf.io/nfskq,"t=2.64, n1=30, n2=60","t=3.44, n1=25, n2=61",467.0,https://osf.io/nfskq,467.0,https://osf.io/nfskq,,,Success,https://osf.io/knpxt,2.0,1.0,1.0,2.0,2.0,2.0,2.0,5.0,1.0,2.0,close,,,0.080575381,0.462911751,0.182115611,0.547243573,,,,Journal of Language and Social Psychology,,,,,,,,,,,,,,,,,,,2000,0.009508914,0.006888509,0.008622258,0.00031562,0.846346017,signal,consistent,signal - consistent,2.713153939,0.107211253
RRR_BrohmerHofer_etal_2024_Malkoc,,2.0,,1,LR,RRR Inclusive Language,Psychology,gender inclusive language effect,,"In languages with generic masculine, not explicitly naming both sexes makes people think of more masculine people",,,,,"subfield: social cogntion, language psychology",Hilmar Brohmer,45527.0,,"original paper only provides a p-value (p < .01) and total sample size (N = 90). For the test statistics, they were conferted to p = .01 (equivalent to t = 2.64) and to subsample sizes (because the contrast test was group 1 vs group 2 and 3) to n1=30 and n2=60.",,0.282945147,0.291732485,90,56,"Stahlberg, D., Sczesny, S., & Braun, F. (2001). Name your favorite musician:
Effects of masculine generics and of their alternatives in German. Journal
of Language and Social Psychology, 20(4), 464–469. https://doi.org/10.1177/0261927X01020004004",10.1177/0261927X01020004004,"Stahlberg, D., Sczesny, S., & Braun, F. (2001). Name your favorite musician: Effects of masculine generics and of their alternatives in German. Journal of Language and Social Psychology, 20(4), 464–469.",2.0,"Brohmer, H., Hofer, G., Bauch, S. A., Beitner, J., Berkessel, J., Corcoran, K., … Athenstaedt, U. (2024). Effects of the Generic Masculine and its Alternatives in Germanophone countries - A Multi-lab Replication and Extension of Stahlberg, Sczesny, and Braun, 2001. OSF PREPRINTS.",10.31219/osf.io/q56rk,"Brohmer, H., Hofer, G., Bauch, S. A., Beitner, J., Berkessel, J., Corcoran, K., … Athenstaedt, U. (2024). Effects of the Generic Masculine and its Alternatives in Germanophone countries - A Multi-lab Replication and Extension of Stahlberg, Sczesny, and Braun, 2001. OSF PREPRINTS.",1.0,,,0.59,d,0.61,d,,,,,,,,,,,https://osf.io/sqcrm/,,2,,1,,0,1,2/90/467,https://osf.io/nfskq,"t=2.64, n1=30, n2=60","t=2.24, n1=23, n2=33",467.0,https://osf.io/nfskq,467.0,https://osf.io/nfskq,,,Success,https://osf.io/knpxt,2.0,1.0,1.0,2.0,2.0,2.0,2.0,5.0,1.0,2.0,close,,,0.080575381,0.462911751,0.031226956,0.515124691,,,,Journal of Language and Social Psychology,,,,,,,,,,,,,,,,,,,2000,0.009508914,0.006888509,0.015218685,0.029140173,0.688774838,signal,consistent,signal - consistent,2.713153939,0.107211253
RRR_BrohmerHofer_etal_2024_Jauk,,2.0,,1,LR,RRR Inclusive Language,Psychology,gender inclusive language effect,,"In languages with generic masculine, not explicitly naming both sexes makes people think of more masculine people",,,,,"subfield: social cogntion, language psychology",Hilmar Brohmer,45527.0,,"original paper only provides a p-value (p < .01) and total sample size (N = 90). For the test statistics, they were conferted to p = .01 (equivalent to t = 2.64) and to subsample sizes (because the contrast test was group 1 vs group 2 and 3) to n1=30 and n2=60.",,0.282945147,0.296098771,90,189,"Stahlberg, D., Sczesny, S., & Braun, F. (2001). Name your favorite musician:
Effects of masculine generics and of their alternatives in German. Journal
of Language and Social Psychology, 20(4), 464–469. https://doi.org/10.1177/0261927X01020004004",10.1177/0261927X01020004004,"Stahlberg, D., Sczesny, S., & Braun, F. (2001). Name your favorite musician: Effects of masculine generics and of their alternatives in German. Journal of Language and Social Psychology, 20(4), 464–469.",2.0,"Brohmer, H., Hofer, G., Bauch, S. A., Beitner, J., Berkessel, J., Corcoran, K., … Athenstaedt, U. (2024). Effects of the Generic Masculine and its Alternatives in Germanophone countries - A Multi-lab Replication and Extension of Stahlberg, Sczesny, and Braun, 2001. OSF PREPRINTS.",10.31219/osf.io/q56rk,"Brohmer, H., Hofer, G., Bauch, S. A., Beitner, J., Berkessel, J., Corcoran, K., … Athenstaedt, U. (2024). Effects of the Generic Masculine and its Alternatives in Germanophone countries - A Multi-lab Replication and Extension of Stahlberg, Sczesny, and Braun, 2001. OSF PREPRINTS.",1.0,,,0.59,d,0.62,d,,,,,,,,,,,https://osf.io/sqcrm/,,2,,1,,0,1,2/90/467,https://osf.io/nfskq,"t=2.64, n1=30, n2=60","t=3.72, n1=48, n2=141",467.0,https://osf.io/nfskq,467.0,https://osf.io/nfskq,,,Success,https://osf.io/knpxt,2.0,1.0,1.0,2.0,2.0,2.0,2.0,5.0,1.0,1.0,close,,,0.080575381,0.462911751,0.16013621,0.421035153,,,,Journal of Language and Social Psychology,,,,,,,,,,,,,,,,,,,2000,0.009508914,0.006888509,0.004427329,3.52138E-05,0.990168517,signal,consistent,signal - consistent,2.713153939,0.107211253
RRR_BrohmerHofer_etal_2024_Gruber,,2.0,,1,LR,RRR Inclusive Language,Psychology,gender inclusive language effect,,"In languages with generic masculine, not explicitly naming both sexes makes people think of more masculine people",,,,,"subfield: social cogntion, language psychology",Hilmar Brohmer,45527.0,,"original paper only provides a p-value (p < .01) and total sample size (N = 90). For the test statistics, they were conferted to p = .01 (equivalent to t = 2.64) and to subsample sizes (because the contrast test was group 1 vs group 2 and 3) to n1=30 and n2=60.",,0.282945147,0.402738614,90,121,"Stahlberg, D., Sczesny, S., & Braun, F. (2001). Name your favorite musician:
Effects of masculine generics and of their alternatives in German. Journal
of Language and Social Psychology, 20(4), 464–469. https://doi.org/10.1177/0261927X01020004004",10.1177/0261927X01020004004,"Stahlberg, D., Sczesny, S., & Braun, F. (2001). Name your favorite musician: Effects of masculine generics and of their alternatives in German. Journal of Language and Social Psychology, 20(4), 464–469.",2.0,"Brohmer, H., Hofer, G., Bauch, S. A., Beitner, J., Berkessel, J., Corcoran, K., … Athenstaedt, U. (2024). Effects of the Generic Masculine and its Alternatives in Germanophone countries - A Multi-lab Replication and Extension of Stahlberg, Sczesny, and Braun, 2001. OSF PREPRINTS.",10.31219/osf.io/q56rk,"Brohmer, H., Hofer, G., Bauch, S. A., Beitner, J., Berkessel, J., Corcoran, K., … Athenstaedt, U. (2024). Effects of the Generic Masculine and its Alternatives in Germanophone countries - A Multi-lab Replication and Extension of Stahlberg, Sczesny, and Braun, 2001. OSF PREPRINTS.",1.0,,,0.59,d,0.88,d,,,,,,,,,,,https://osf.io/sqcrm/,,2,,1,,0,1,2/90/467,https://osf.io/nfskq,"t=2.64, n1=30, n2=60","t=4.54, n1=40, n2=81",467.0,https://osf.io/nfskq,467.0,https://osf.io/nfskq,,,Success,https://osf.io/knpxt,2.0,1.0,1.0,2.0,2.0,2.0,2.0,5.0,1.0,2.0,close,,,0.080575381,0.462911751,0.241610871,0.542253898,,,,Journal of Language and Social Psychology,,,,,,,,,,,,,,,,,,,2000,0.009508914,0.006888509,0.005849263,4.65825E-06,0.936754714,signal,consistent,signal - consistent,2.713153939,0.107211253
RRR_BrohmerHofer_etal_2024_Giuliani,,2.0,,1,LR,RRR Inclusive Language,Psychology,gender inclusive language effect,,"In languages with generic masculine, not explicitly naming both sexes makes people think of more masculine people",,,,,"subfield: social cogntion, language psychology",Hilmar Brohmer,45527.0,,"original paper only provides a p-value (p < .01) and total sample size (N = 90). For the test statistics, they were conferted to p = .01 (equivalent to t = 2.64) and to subsample sizes (because the contrast test was group 1 vs group 2 and 3) to n1=30 and n2=60.",,0.282945147,0.443625154,90,68,"Stahlberg, D., Sczesny, S., & Braun, F. (2001). Name your favorite musician:
Effects of masculine generics and of their alternatives in German. Journal
of Language and Social Psychology, 20(4), 464–469. https://doi.org/10.1177/0261927X01020004004",10.1177/0261927X01020004004,"Stahlberg, D., Sczesny, S., & Braun, F. (2001). Name your favorite musician: Effects of masculine generics and of their alternatives in German. Journal of Language and Social Psychology, 20(4), 464–469.",2.0,"Brohmer, H., Hofer, G., Bauch, S. A., Beitner, J., Berkessel, J., Corcoran, K., … Athenstaedt, U. (2024). Effects of the Generic Masculine and its Alternatives in Germanophone countries - A Multi-lab Replication and Extension of Stahlberg, Sczesny, and Braun, 2001. OSF PREPRINTS.",10.31219/osf.io/q56rk,"Brohmer, H., Hofer, G., Bauch, S. A., Beitner, J., Berkessel, J., Corcoran, K., … Athenstaedt, U. (2024). Effects of the Generic Masculine and its Alternatives in Germanophone countries - A Multi-lab Replication and Extension of Stahlberg, Sczesny, and Braun, 2001. OSF PREPRINTS.",1.0,,,0.59,d,0.99,d,,,,,,,,,,,https://osf.io/sqcrm/,,2,,1,,0,1,2/90/467,https://osf.io/nfskq,"t=2.64, n1=30, n2=60","t=3.81, n1=22, n2=46",467.0,https://osf.io/nfskq,467.0,https://osf.io/nfskq,,,Success,https://osf.io/knpxt,2.0,1.0,1.0,2.0,2.0,2.0,2.0,5.0,1.0,2.0,close,,,0.080575381,0.462911751,0.229471586,0.616809464,,,,Journal of Language and Social Psychology,,,,,,,,,,,,,,,,,,,2000,0.009508914,0.006888509,0.009628731,0.000151208,0.763625886,signal,consistent,signal - consistent,2.713153939,0.107211253
RRR_BrohmerHofer_etal_2024_BrohmerHofer,,2.0,,1,LR,RRR Inclusive Language,Psychology,gender inclusive language effect,,"In languages with generic masculine, not explicitly naming both sexes makes people think of more masculine people",,,,,"subfield: social cogntion, language psychology",Hilmar Brohmer,45527.0,,"original paper only provides a p-value (p < .01) and total sample size (N = 90). For the test statistics, they were conferted to p = .01 (equivalent to t = 2.64) and to subsample sizes (because the contrast test was group 1 vs group 2 and 3) to n1=30 and n2=60.",,0.282945147,0.321902733,90,125,"Stahlberg, D., Sczesny, S., & Braun, F. (2001). Name your favorite musician:
Effects of masculine generics and of their alternatives in German. Journal
of Language and Social Psychology, 20(4), 464–469. https://doi.org/10.1177/0261927X01020004004",10.1177/0261927X01020004004,"Stahlberg, D., Sczesny, S., & Braun, F. (2001). Name your favorite musician: Effects of masculine generics and of their alternatives in German. Journal of Language and Social Psychology, 20(4), 464–469.",2.0,"Brohmer, H., Hofer, G., Bauch, S. A., Beitner, J., Berkessel, J., Corcoran, K., … Athenstaedt, U. (2024). Effects of the Generic Masculine and its Alternatives in Germanophone countries - A Multi-lab Replication and Extension of Stahlberg, Sczesny, and Braun, 2001. OSF PREPRINTS.",10.31219/osf.io/q56rk,"Brohmer, H., Hofer, G., Bauch, S. A., Beitner, J., Berkessel, J., Corcoran, K., … Athenstaedt, U. (2024). Effects of the Generic Masculine and its Alternatives in Germanophone countries - A Multi-lab Replication and Extension of Stahlberg, Sczesny, and Braun, 2001. OSF PREPRINTS.",1.0,,,0.59,d,0.68,d,,,,,,,,,,,https://osf.io/sqcrm/,,2,,1,,0,1,2/90/467,https://osf.io/nfskq,"t=2.64, n1=30, n2=60","t=3.73, n1=50, n2=75",467.0,https://osf.io/nfskq,467.0,https://osf.io/nfskq,,,Success,https://osf.io/knpxt,2.0,1.0,1.0,2.0,2.0,2.0,2.0,5.0,1.0,2.0,close,,,0.080575381,0.462911751,0.155060561,0.470891447,,,,Journal of Language and Social Psychology,,,,,,,,,,,,,,,,,,,2000,0.009508914,0.006888509,0.006479796,0.000251467,0.943058723,signal,consistent,signal - consistent,2.713153939,0.107211253
RRR_BrohmerHofer_etal_2024_Beitner,,2.0,,1,LR,RRR Inclusive Language,Psychology,gender inclusive language effect,,"In languages with generic masculine, not explicitly naming both sexes makes people think of more masculine people",,,,,"subfield: social cogntion, language psychology",Hilmar Brohmer,45527.0,,"original paper only provides a p-value (p < .01) and total sample size (N = 90). For the test statistics, they were conferted to p = .01 (equivalent to t = 2.64) and to subsample sizes (because the contrast test was group 1 vs group 2 and 3) to n1=30 and n2=60.",,0.282945147,0.304775727,90,83,"Stahlberg, D., Sczesny, S., & Braun, F. (2001). Name your favorite musician:
Effects of masculine generics and of their alternatives in German. Journal
of Language and Social Psychology, 20(4), 464–469. https://doi.org/10.1177/0261927X01020004004",10.1177/0261927X01020004004,"Stahlberg, D., Sczesny, S., & Braun, F. (2001). Name your favorite musician: Effects of masculine generics and of their alternatives in German. Journal of Language and Social Psychology, 20(4), 464–469.",2.0,"Brohmer, H., Hofer, G., Bauch, S. A., Beitner, J., Berkessel, J., Corcoran, K., … Athenstaedt, U. (2024). Effects of the Generic Masculine and its Alternatives in Germanophone countries - A Multi-lab Replication and Extension of Stahlberg, Sczesny, and Braun, 2001. OSF PREPRINTS.",10.31219/osf.io/q56rk,"Brohmer, H., Hofer, G., Bauch, S. A., Beitner, J., Berkessel, J., Corcoran, K., … Athenstaedt, U. (2024). Effects of the Generic Masculine and its Alternatives in Germanophone countries - A Multi-lab Replication and Extension of Stahlberg, Sczesny, and Braun, 2001. OSF PREPRINTS.",1.0,,,0.59,d,0.64,d,,,,,,,,,,,https://osf.io/sqcrm/,,2,,1,,0,1,2/90/467,https://osf.io/nfskq,"t=2.64, n1=30, n2=60","t=2.8, n1=30, n2=53",467.0,https://osf.io/nfskq,467.0,https://osf.io/nfskq,,,Success,https://osf.io/knpxt,2.0,1.0,1.0,2.0,2.0,2.0,2.0,5.0,1.0,1.0,close,,,0.080575381,0.462911751,0.095354753,0.488361661,,,,Journal of Language and Social Psychology,,,,,,,,,,,,,,,,,,,2000,0.009508914,0.006888509,0.010034777,0.005086397,0.83468442,signal,consistent,signal - consistent,2.713153939,0.107211253
RRR_BrohmerHofer_etal_2024_Bauch,,2.0,,1,LR,RRR Inclusive Language,Psychology,gender inclusive language effect,,"In languages with generic masculine, not explicitly naming both sexes makes people think of more masculine people",,,,,"subfield: social cogntion, language psychology",Hilmar Brohmer,45527.0,,"original paper only provides a p-value (p < .01) and total sample size (N = 90). For the test statistics, they were conferted to p = .01 (equivalent to t = 2.64) and to subsample sizes (because the contrast test was group 1 vs group 2 and 3) to n1=30 and n2=60.",,0.282945147,0.514495755,90,62,"Stahlberg, D., Sczesny, S., & Braun, F. (2001). Name your favorite musician:
Effects of masculine generics and of their alternatives in German. Journal
of Language and Social Psychology, 20(4), 464–469. https://doi.org/10.1177/0261927X01020004004",10.1177/0261927X01020004004,"Stahlberg, D., Sczesny, S., & Braun, F. (2001). Name your favorite musician: Effects of masculine generics and of their alternatives in German. Journal of Language and Social Psychology, 20(4), 464–469.",2.0,"Brohmer, H., Hofer, G., Bauch, S. A., Beitner, J., Berkessel, J., Corcoran, K., … Athenstaedt, U. (2024). Effects of the Generic Masculine and its Alternatives in Germanophone countries - A Multi-lab Replication and Extension of Stahlberg, Sczesny, and Braun, 2001. OSF PREPRINTS.",10.31219/osf.io/q56rk,"Brohmer, H., Hofer, G., Bauch, S. A., Beitner, J., Berkessel, J., Corcoran, K., … Athenstaedt, U. (2024). Effects of the Generic Masculine and its Alternatives in Germanophone countries - A Multi-lab Replication and Extension of Stahlberg, Sczesny, and Braun, 2001. OSF PREPRINTS.",1.0,,,0.59,d,1.2,d,,,,,,,,,,,https://osf.io/sqcrm/,,2,,1,,0,1,2/90/467,https://osf.io/nfskq,"t=2.64, n1=30, n2=60","t=4.42, n1=20, n2=42",467.0,https://osf.io/nfskq,467.0,https://osf.io/nfskq,,,Success,https://osf.io/knpxt,2.0,1.0,1.0,2.0,2.0,2.0,2.0,5.0,1.0,1.0,close,,,0.080575381,0.462911751,0.303762449,0.677235967,,,,Journal of Language and Social Psychology,,,,,,,,,,,,,,,,,,,2000,0.009508914,0.006888509,0.008863237,1.88715E-05,0.728414549,signal,"inconsistent, larger","signal - inconsistent, larger",2.713153939,0.107211253
Boyce_etal2023149,,2.0,,1,Veronica Boyce,Boyce_etal2023,Psychology,,,vicious cycle of disrespect and cynical beliefs about human nature,,,,,subfield: social,LR,45429.0,,,,0.47542985,0.06735186,223,194,"Stavrova, O., Ehlebracht, D., & Vohs, K. D. (2020). Victims, perpetrators,
or both? The vicious cycle of disrespect and cynical beliefs about human
nature. Journal of Experimental Psychology: General, 149(9), 1736.",,"Stavrova, O., Ehlebracht, D., & Vohs, K. D. (2020). Victims, perpetrators, or both? The vicious cycle of disrespect and cynical beliefs about human nature. Journal of Experimental Psychology: General, 149(9), 1736.",3.0,"Boyce, V., Mathur, M., & Frank, M. C. (2023). Eleven years of student replication projects provide evidence on the correlates of replicability in psychology. Royal Society Open Science, 10(11), 231240. https://doi.org/10.1098/rsos.231240",10.1098/rsos.231388,"Boyce, V., Mathur, M., & Frank, M. C. (2023). Eleven years of student replication projects provide evidence on the correlates of replicability in psychology. Royal Society Open Science, 10(11), 231240. https://doi.org/10.1098/rsos.231240",,,,,,,,,,,,,,,,,,https://osf.io/xwn9m/,,2,,,0.0,,0,,,"MSD2: m1=3.90(1.29), m2=3.40(1.22)","MSD2: m1=4.52657(1.464162), m2=4.30839(1.526361)",,,,,,,Failure,,,,,,,,,,,,far,,,0.366974291,0.571133515,-0.074227261,0.206269576,,,,,,,,,,,,,,,,,,,,,,,2020,0.002698307,5.61734E-14,0.005134446,0.350768116,0.999999983,no signal,inconsistent,no signal - inconsistent,7.669279855,0.067419986
osc20154,osc20154,2.0,,1,LK,OSC 2015,,,"Attention, Cues, Humans, Memory, Short-Term, Mental Recall, Paired-Associate Learning, Practice (Psychology)",Accelerated relearning after retrieval-induced forgetting: The benefit of being forgotten.,,,,,only contact author listed as contributor,Callahan,44927.0,,,,0.228739615,-0.006108358,240,270,"Storm, B.C., Bjork, E.L., & Bjork, R.A. 2008. Accelerated relearning after
retrieval-induced forgetting: The benefit of being forgotten. Journal of
Experimental Psychology: Learning, Memory, and Cognition, 34, 230-236.",10.1037/0278-7393.34.1.230,"Storm, B.C., Bjork, E.L., & Bjork, R.A. 2008. Accelerated relearning after retrieval-induced forgetting: The benefit of being forgotten. Journal of Experimental Psychology: Learning, Memory, and Cognition, 34, 230-236. https://doi.org/10.1037/0278-7393.34.1.230",,"Callahan, S. P. (2023, September 28). Replication of BC Storm, EL Bjork, RA Bjork (2008, JEPLMC 34(1), Exp 1). Retrieved from osf.io/8j9cg",10.1126/science.aac4716,"Open Science Collaboration. (2015). Estimating the reproducibility of psychological science. Science, 349(6251), aac4716. https://doi.org/10.1126/science.aac4716","Callahan, S. P. (2023, September 28). Replication of BC Storm, EL Bjork, RA Bjork (2008, JEPLMC 34(1), Exp 1). Retrieved from osf.io/8j9cg",,,,,,,,,,,,,,,,,https://osf.io/8j9cg/,,1,,,,,,,,,,,,,,,,Failure,,,,,,,,,,,,,,,0.105155563,0.345365908,-0.125392813,0.113350186,1,0,0.985,Journal of Experimental Psychology,,,,,,,,,,,,,,,,,,,2008,0.003757715,0.000353455,0.003717195,0.920419092,0.984890113,no signal,inconsistent,no signal - inconsistent,3.58482012,0.06495698
Boyce_etal2023151,,2.0,,1,Veronica Boyce,Boyce_etal2023,Psychology,,,Attention alters perceived attractiveness,,,,,subfield: cognitive,LR,45429.0,,,,0.299361365,0.138756759,16,39,"Störmer, V. S., & Alvarez, G. A. (2016). Attention alters perceived attractiveness.
Psychological Science, 27(4), 563-571.",10.1177/0956797616630964,"Störmer, V. S., & Alvarez, G. A. (2016). Attention alters perceived attractiveness. Psychological Science, 27(4), 563-571.",3.0,"Boyce, V., Mathur, M., & Frank, M. C. (2023). Eleven years of student replication projects provide evidence on the correlates of replicability in psychology. Royal Society Open Science, 10(11), 231240. https://doi.org/10.1098/rsos.231240",10.1098/rsos.231390,"Boyce, V., Mathur, M., & Frank, M. C. (2023). Eleven years of student replication projects provide evidence on the correlates of replicability in psychology. Royal Society Open Science, 10(11), 231240. https://doi.org/10.1098/rsos.231240",,,,0.6275,d,0.280224269,d,,,,,,,,,,,https://osf.io/xwn9m/,,2,,,1.0,,0,,,t(15)=2.51,t(38)=-1.75,,,,,,,OS not significant,,,,,,,,,,,,very close,,,-0.23055756,0.692328579,-0.184853188,0.435219832,,,,,,,,,,,,,,,,,,,,,,,2016,0.05525312,0.260001343,0.025312206,0.399548047,0.592131828,no signal,OS not significant,no signal - OS not significant,1.113458971,0.277350098
Boyce_etal2023152,,2.0,,1,Veronica Boyce,Boyce_etal2023,Psychology,,,Observable changes of hypotheses under positive reinforcement,,,,,subfield: cognitive,LR,45429.0,,,,0.11588921,0.09332684,157,26,"Suppes, P., & Schlag-Rey, M. (1965). Observable changes of hypotheses under
positive reinforcement. Science, 148(3670), 661-662.",10.1126/science.148.3670.661,"Suppes, P., & Schlag-Rey, M. (1965). Observable changes of hypotheses under positive reinforcement. Science, 148(3670), 661-662.",1.0,"Boyce, V., Mathur, M., & Frank, M. C. (2023). Eleven years of student replication projects provide evidence on the correlates of replicability in psychology. Royal Society Open Science, 10(11), 231240. https://doi.org/10.1098/rsos.231240",10.1098/rsos.231391,"Boyce, V., Mathur, M., & Frank, M. C. (2023). Eleven years of student replication projects provide evidence on the correlates of replicability in psychology. Royal Society Open Science, 10(11), 231240. https://doi.org/10.1098/rsos.231240",,,,,,,,,,,,,,,,,,https://osf.io/xwn9m/,,2,,,1.0,,0,,,,,,,,,,,OS not significant,,,,,,,,,,,,close,,,-0.041502305,0.26766845,-0.305052861,0.463908338,,,,,,,,,,,,,,,,,,,,,,,1965,0.006239229,0.148357218,0.039306243,0.650215222,0.141602297,no signal,OS not significant,no signal - OS not significant,1.444637913,0.080582296
soscisubmission56,,2.0,,1,LK,Individual submissions,Cognitive psychology,Analytic priming,"analytic thinking, priming, conspiracy theory",Priming analytic thinking using the scrambled sentence task reduces belief in conspiracy theories,,,,,,"Ross, Robert M.",45275.0,,,,0.224147693,0.059892291,112,302,"Swami, V., Voracek, M., Stieger, S., Tran, U. S., & Furnham, A. (2014).
Analytic thinking reduces belief in conspiracy theories. Cognition, 133
(3), 572–585. https://doi.org/10.1016/j.cognition.2014.08.006, Study 2",10.1016/j.cognition.2014.08.006,"Swami, V., Voracek, M., Stieger, S., Tran, U. S., & Furnham, A. (2014). Analytic thinking reduces belief in conspiracy theories. Cognition, 133 (3), 572–585. https://doi.org/10.1016/j.cognition.2014.08.006",2.0,"Većkalov, B., Gligorić, V., & Petrović, M. B. (2024). No evidence that priming analytic thinking reduces belief in conspiracy theories: A Registered Report of high-powered direct replications of Study 2 and Study 4 from Swami, Voracek, Stieger, Tran, and Furnham (2014). Journal of Experimental Social Psychology,Vol. 110, 104549. https://doi.org/10.1016/j.jesp.2023.104549, Study 1",10.1016/j.jesp.2023.104549,"Većkalov, B., Gligorić, V., & Petrović, M. B. (2024). No evidence that priming analytic thinking reduces belief in conspiracy theories: A Registered Report of high-powered direct replications of Study 2 and Study 4 from Swami, Voracek, Stieger, Tran, and Furnham (2014). Journal of Experimental Social Psychology,Vol. 110, 104549. https://doi.org/10.1016/j.jesp.2023.104549",1.0,,,0.46,d,0.12,d,,,,,,,,,,,https://osf.io/keahr/,,2,sosci_26,1,,1,0,,,"t(110) = 2.40, p = .018 (two-tailed), d = 0.46","t(300) = 1.08, p = .282 (two-tailed), d = 0.12","Swami et al (2014) page 578
 Veckalov et al (2024) page 4.
 
 NB. Both studie were ANOVAs so several test statistics were reported. However, given that this is a ranomised experiment with a treatment condition and a control condition I decided that the most appopriate statistical test to report is the t-test comparing the two groups after the treatment has been applied.",,,,,,Failure,https://osf.io/uvmhy,1.0,1.0,1.0,1.0,3.0,3.0,3.0,3.0,1.0,1.0,"Original was lab-based and recurited UK undergrad students. Replication was online and recurited from a UK pool. 
 
 Original doesn't appear to involve any remuneration (although this isn't specificaly stated). Replicatication involved payment.
 
 Original doesn't appear to have any participant exclusions (although this isn't specifically stated). Replication excluded participants who failed quality checks.",,,0.040266686,0.393343562,-0.053332932,0.171597049,1,0,,Cognition,,,,,,,,,,,,,,,,,,,2014,0.008126486,0.017508169,0.003298467,0.299534399,0.989403814,no signal,inconsistent,no signal - inconsistent,2.380587957,0.095782629
soscisubmission57,,2.0,,1,LK,Individual submissions,Cognitive psychology,Analytic priming,"analytic thinking, priming, conspiriacy theory",Priming analytic thinking using the scrambled sentences paradigm reduces belief in conspiriacy theories,,,,,,"Ross, Robert M.",45275.0,,,,0.205517234,0.029986509,140,488,"Swami, V., Voracek, M., Stieger, S., Tran, U. S., & Furnham, A. (2014).
Analytic thinking reduces belief in conspiracy theories. Cognition, 133
(3), 572–585. https://doi.org/10.1016/j.cognition.2014.08.006, Study 4",10.1016/j.cognition.2014.08.006,"Swami, V., Voracek, M., Stieger, S., Tran, U. S., & Furnham, A. (2014). Analytic thinking reduces belief in conspiracy theories. Cognition, 133 (3), 572–585. https://doi.org/10.1016/j.cognition.2014.08.006",4.0,"Većkalov, B., Gligorić, V., & Petrović, M. B. (2024). No evidence that priming analytic thinking reduces belief in conspiracy theories: A Registered Report of high-powered direct replications of Study 2 and Study 4 from Swami, Voracek, Stieger, Tran, and Furnham (2014). Journal of Experimental Social Psychology, 110, 104549. https://doi.org/10.1016/j.jesp.2023.104549, Study 4",10.1016/j.jesp.2023.104549,"Većkalov, B., Gligorić, V., & Petrović, M. B. (2024). No evidence that priming analytic thinking reduces belief in conspiracy theories: A Registered Report of high-powered direct replications of Study 2 and Study 4 from Swami, Voracek, Stieger, Tran, and Furnham (2014). Journal of Experimental Social Psychology, 110, 104549. https://doi.org/10.1016/j.jesp.2023.104549",4.0,,,0.42,d,0.06,d,,,,,,,,,,,https://osf.io/keahr/,,2,sosci_27,1,,1,0,,,"t(138) = 2.49, p = .014 (two-tailed), d = 0.42","t(486) = 0.63, p = .529 (two-taied), d = 0.06","NB. Both studie were ANOVAs so several test statistics were reported. However, given that this is a ranomised experiment with a treatment condition and a control condition I decided that the most appopriate statistical test to report is the t-test comparing the two groups after the treatment has been applied.",,,,,,Failure,https://osf.io/uvmhy,1.0,1.0,1.0,1.0,3.0,2.0,2.0,3.0,1.0,1.0,"Original was in person and recruited participants from the community in London, UK.
 Replication was online and recurited from a UK pool.
 
 Original paid participants £1.50. Replicatication paid participants, but it isn't clear how much.
 
 Original doesn't appear to have any participant exclusions (although this isn't specifically stated). Replication excluded participants who failed quality checks.",,,0.041012309,0.35917412,-0.058933507,0.118434426,1,0,,Cognition,,,,,,,,,,,,,,,,,,,2014,0.006599348,0.014851776,0.002049697,0.508693455,0.998417871,no signal,inconsistent,no signal - inconsistent,2.440270163,0.085435766
osc2015121,osc2015121,2.0,,1,CD,OSC 2015,,,"Adolescent, Adult, Affect, Cerebral Cortex [physiology], Conflict (Psychology), Female, Happiness, Humans, Male, Prefrontal Cortex [physiology], Reward, Social Control, Informal, Social Justice",The sunny side of fairness: Preference for fairness activates reward circuitry (and disregarding unfairness activates self-control circuitry),,,,,only contact author listed as contributor,Beer,44927.0,,,,0.851679354,0.828997685,12,24,"Tabibnia, G., Satpute, A.B., Lieberman, M.D. (2008). The sunny side of
fairness: Preference for fairness activates reward circuitry (and disregarding
unfairness activates self-control circuitry). Psychological Science, 19(4),
339-347.",10.1111/j.1467-9280.2008.02091.x,"Tabibnia, G., Satpute, A.B., Lieberman, M.D. (2008). The sunny side of fairness: Preference for fairness activates reward circuitry (and disregarding unfairness activates self-control circuitry). Psychological Science, 19(4), 339-347. https://doi.org/10.1111/j.1467-9280.2008.02091.x",,"Beer, J. S., Rigney, A. E., & Flagan, T. (2016, August 19). Replication of G Tabibnia, AB Satpute, MD Lieberman (2008, PS 19(4)). Retrieved from osf.io/94j6h ",10.17605/OSF.IO/VQZX9,"Open Science Collaboration. (2015). Estimating the reproducibility of psychological science. Science, 349(6251), aac4716. https://doi.org/10.1126/science.aac4716","Beer, J. S., Rigney, A. E., & Flagan, T. (2016, August 19). Replication of G Tabibnia, AB Satpute, MD Lieberman (2008, PS 19(4)). Retrieved from osf.io/94j6h ",,,,,,,,,,,,,,,,,https://osf.io/94j6h/,,,,,,,,,,,,,,,,,,Success,,,,,,,,,,,,,,,0.54336259,0.957549685,0.639438894,0.923546611,1,1,1,Psychological Science,,,,,,,,,,,,,,,,,,,2008,0.006857126,0.000438294,0.004253069,5.58087E-07,0.999988151,signal,consistent,signal - consistent,3.786707712,0.333333333
Boyce_etal2023153,,2.0,,1,Veronica Boyce,Boyce_etal2023,Psychology,,,Disclosing information about the self is intrinsically rewarding,,,,,subfield: social,LR,45429.0,,,,0.39867693,0.38736514,37,19,"Tamir, D. I., & Mitchell, J. P. (2012). Disclosing information about the
self is intrinsically rewarding. Proceedings of the National Academy of
Sciences, 109(21), 8038-8043.",10.1073/pnas.1202129109,"Tamir, D. I., & Mitchell, J. P. (2012). Disclosing information about the self is intrinsically rewarding. Proceedings of the National Academy of Sciences, 109(21), 8038-8043.",2.0,"Boyce, V., Mathur, M., & Frank, M. C. (2023). Eleven years of student replication projects provide evidence on the correlates of replicability in psychology. Royal Society Open Science, 10(11), 231240. https://doi.org/10.1098/rsos.231240",10.1098/rsos.231392,"Boyce, V., Mathur, M., & Frank, M. C. (2023). Eleven years of student replication projects provide evidence on the correlates of replicability in psychology. Royal Society Open Science, 10(11), 231240. https://doi.org/10.1098/rsos.231240",,,,,,,,,,,,,,,,,,https://osf.io/xwn9m/,,2,,,1.0,,0,,,t(36) = 3.32,t(18) = -0.04,,,,,,,Failure,,,,,,,,,,,,exact,,,0.085732807,0.640018977,-0.081116107,0.715658078,,,,,,,,,,,,,,,,,,,,,,,2012,0.019649344,0.01452084,0.040134001,0.101303915,0.53640073,no signal,consistent,no signal - consistent,2.461098072,0.171498585
osc2015142,osc2015142,2.0,,1,CD,OSC 2015,,,"Adult, Affect, Anger, Humans, Leisure Activities, Male, Motivation, Music, Social Control, Informal",Hedonic and instrumental motives in anger regulation.,,,,,only contact author listed as contributor,Masicampo,44927.0,,,,0.593405778,0.609913782,82,88,"Tamir, M., Mitchell, C., & Gross, J.J. (2008). Hedonic and instrumental
motives in anger regulation. Psychological Science, 19(4). 324-328.",10.1111/j.1467-9280.2008.02088.x,"Tamir, M., Mitchell, C., & Gross, J.J. (2008). Hedonic and instrumental motives in anger regulation. Psychological Science, 19(4). 324-328. https://doi.org/10.1111/j.1467-9280.2008.02088.x",,"Masicampo, E. J. (2016, August 19). Replication of M Tamir, C Mitchell, JJ Gross (2008, PS 19(4)). Retrieved from osf.io/k4y9i ",10.1126/science.aac4716,"Open Science Collaboration. (2015). Estimating the reproducibility of psychological science. Science, 349(6251), aac4716. https://doi.org/10.1126/science.aac4716","Masicampo, E. J. (2016, August 19). Replication of M Tamir, C Mitchell, JJ Gross (2008, PS 19(4)). Retrieved from osf.io/k4y9i ",,,,,,,,,,,,,,,,,https://osf.io/k4y9i/,,,,,,,,,,,,,,,,,,Success,,,,,,,,,,,,,,,0.432032954,0.717958971,0.459120349,0.726545825,1,1,1,Psychological Science,,,,,,,,,,,,,,,,,,,2008,0.005181914,4.22598E-09,0.004533224,2.83534E-10,0.999998588,signal,consistent,signal - consistent,6.06980713,0.11250879
soscisubmission45,soscisubmission45,2.0,,1,LK,Individual submissions,,,"intergroup sensitivity effect, intergroup criticism, behavior, costly punishment,",We investigated the hypothesis that group members would reject outgroup criticism (as compared to the same criticism from the ingroup) using costly punishment,,,,,"Great project, thanks for contacting me!","Thürmer, Lukas",45126.0,,The preregistration link was incorrect; it was the OSF link for the OSF folder.,,0.174768205,0.117,135,740,"Thürmer, J. L., & McCrea, S. M. (2018). Beyond motivated reasoning: Hostile
reactions to critical comments from the outgroup. Motivation Science, 4(4),
333-346. https://doi.org/10.1037/mot0000097",10.1037/mot0000097,"Thürmer, J. L., & McCrea, S. M. (2018). Beyond motivated reasoning: Hostile reactions to critical comments from the outgroup. Motivation Science, 4(4), 333-346. https://doi.org/10.1037/mot0000097",,"Thürmer, J. L., & McCrea, S. M. (2021). Disentangling the Intergroup Sensitivity Effect: Defending the ingroup or enforcing general norms? European Journal of Social Psychology, 51(7), 1061-1072.",10.1002/ejsp.2748,"Thürmer, J. L., & McCrea, S. M. (2021). Disentangling the Intergroup Sensitivity Effect: Defending the ingroup or enforcing general norms? European Journal of Social Psychology, 51(7), 1061-1072. https://doi.org/10.1002/ejsp.2748",,,,0.355,d,0.117,r,,,,,,,,,,,https://osf.io/jbyaq/,,2,sosci_19,1,,0,1,,,t(133) = 2.074,"t(1,455) = −4.503","Thürmer & McCrea, 2018, Motivation Science, p. 6 & Table 3
 Thürmer & McCrea, 2021, p. 1066 and Table 5
 https://onlinelibrary.wiley.com/doi/epdf/10.1002/ejsp.2748",,,,,,Success,https://osf.io/49yza,1.0,1.0,1.0,1.0,1.0,1.0,1.0,1.0,1.0,1.0,"The replication study added two conditions to test some process assumptions; accordingly, planned contrasts rather than t-tests (as in the original study) were registered and used. 
 
 NOTE: The sample size indicated here refers to the two conditions that replicate the original study (Thürmer & McCrea, 2018, Experiment 3)",0.00701377,0.00131639,0.005987872,0.333866818,0.04531105,0.187490052,1,1,0.999,Motivation Science,consistent,signal - consistent,0.08537648,2.04702986,,,,,,,,,,,,,,,2018,0.007013769,0.042624457,0.001316386,0.001431021,0.999189733,signal,consistent,signal - consistent,2.028760223,0.087038828
Boyce_etal2023155,,2.0,,1,Veronica Boyce,Boyce_etal2023,Psychology,,,role of alternatives in the acquisition of simple and complex disjunctions in French and Japanese,,,,,subfield: non-psych,LR,45429.0,,,,0.2929586,0.42126108,41,20,"Tieu, L., Yatsushiro, K., Cremers, A., Romoli, J., Sauerland, U., & Chemla,
E. (2017). On the role of alternatives in the acquisition of simple and
complex disjunctions in French and Japanese. Journal of Semantics, 34(1),
127-152.",10.1093/jos/ffw010,"Tieu, L., Yatsushiro, K., Cremers, A., Romoli, J., Sauerland, U., & Chemla, E. (2017). On the role of alternatives in the acquisition of simple and complex disjunctions in French and Japanese. Journal of Semantics, 34(1), 127-152.",1.0,"Boyce, V., Mathur, M., & Frank, M. C. (2023). Eleven years of student replication projects provide evidence on the correlates of replicability in psychology. Royal Society Open Science, 10(11), 231240. https://doi.org/10.1098/rsos.231240",10.1098/rsos.231394,"Boyce, V., Mathur, M., & Frank, M. C. (2023). Eleven years of student replication projects provide evidence on the correlates of replicability in psychology. Royal Society Open Science, 10(11), 231240. https://doi.org/10.1098/rsos.231240",,,,,,,,,,,,,,,,,,https://osf.io/xwn9m/,,2,,,1.0,,0,,,t(19)=35.184,t(19)=6.8694,,,,,,,OS not significant,,,,,,,,,,,,exact,,,-0.01614717,0.550952347,-0.02613095,0.728059376,,,,,,,,,,,,,,,,,,,,,,,2017,0.02089291,0.063047532,0.035608978,0.064342137,0.357421193,no signal,OS not significant,no signal - OS not significant,1.86041749,0.162221421
Boyce_etal2023157,,2.0,,1,Veronica Boyce,Boyce_etal2023,Psychology,,,seeing faces of young black boys facilitates the identification of threatening stimuli,,,,,subfield: social,LR,45429.0,,,,0.29441996,0.33893809,62,14,"Todd, A. R., Thiem, K. C., & Neel, R. (2016). Does seeing faces of young
black boys facilitate the identification of threatening stimuli?. Psychological
science, 27(3), 384-393.",10.1177/0956797615624492,"Todd, A. R., Thiem, K. C., & Neel, R. (2016). Does seeing faces of young black boys facilitate the identification of threatening stimuli?. Psychological science, 27(3), 384-393.",3.0,"Boyce, V., Mathur, M., & Frank, M. C. (2023). Eleven years of student replication projects provide evidence on the correlates of replicability in psychology. Royal Society Open Science, 10(11), 231240. https://doi.org/10.1098/rsos.231240",10.1098/rsos.231396,"Boyce, V., Mathur, M., & Frank, M. C. (2023). Eleven years of student replication projects provide evidence on the correlates of replicability in psychology. Royal Society Open Science, 10(11), 231240. https://doi.org/10.1098/rsos.231240",,,,,,,,,,,,,,,,,,https://osf.io/xwn9m/,,2,,,1.0,,0,,,"MSD4: m1=30.45(15.67713), m2=32.9(15.67498), m3=35.7(16.33677), m4=29.4(16.11366)","MSD4: m1=7.496705(6.881618), m2= 13.51093(11.64632),m3= 10.37363 (11.09211), m4=11.48335 (13.08902)",,,,,,,Failure,,,,,,,,,,,,close,,,0.048195929,0.506911539,-0.233661624,0.736983241,,,,,,,,,,,,,,,,,,,,,,,2016,0.013674553,0.020188286,0.060264549,0.23583905,0.275896059,no signal,consistent,no signal - consistent,2.330450979,0.130188911
Boyce_etal2023158,,2.0,,1,Veronica Boyce,Boyce_etal2023,Psychology,,,norms and comparison classes,,,,,subfield: non-psych,LR,45429.0,,,,0.28844218,0.27070881,20,35,"Tribushinina, E. (2011). Once again on norms and comparison classes. Linguistics,
49(3), 525–553.",,"Tribushinina, E. (2011). Once again on norms and comparison classes. Linguistics, 49(3), 525–553.",1.0,"Boyce, V., Mathur, M., & Frank, M. C. (2023). Eleven years of student replication projects provide evidence on the correlates of replicability in psychology. Royal Society Open Science, 10(11), 231240. https://doi.org/10.1098/rsos.231240",10.1098/rsos.231397,"Boyce, V., Mathur, M., & Frank, M. C. (2023). Eleven years of student replication projects provide evidence on the correlates of replicability in psychology. Royal Society Open Science, 10(11), 231240. https://doi.org/10.1098/rsos.231240",,,,,,,,,,,,,,,,,,https://osf.io/xwn9m/,,2,,,1.0,,0,,,"MSD2: m1=1.65(.9),m2=2.6(1.3)","MSD2: m1=2.065805(0.9357695),m2=3.059859(1.2454133)",,,,,,,OS not significant,,,,,,,,,,,,exact,,,-0.176623063,0.648222737,-0.068738858,0.553979341,,,,,,,,,,,,,,,,,,,,,,,2011,0.04423812,0.217458272,0.025258939,0.115741426,0.523927689,no signal,OS not significant,no signal - OS not significant,1.224010856,0.242535625
osc201529,osc201529,2.0,,1,CD,OSC 2015,,,"Association Learning, Color Perception, Discrimination Learning, Humans, Motion Perception, Orientation, Pattern Recognition, Visual, Perceptual Masking, Probability Learning, Problem Solving, Psychophysics",Multidimensional visual statistical learning.,,,,,only contact author listed as contributor,Ostkamp,44927.0,,,,0.73782079,0.703904904,8,15,"Turk-Browne, N. B., Isola, P. J., Scholl, B. J., & Treat, T. A. (2008).
Multidimensional Visual Statistical Learning. Journal of Experimental Psychology:
Learning, Memory, and Cognition, 34(2), 399–407. doi:10.1037/0278-7393.34.2.399",10.1037/0278-7393.34.2.399,"Turk-Browne, N. B., Isola, P. J., Scholl, B. J., & Treat, T. A. (2008). Multidimensional Visual Statistical Learning. Journal of Experimental Psychology: Learning, Memory, and Cognition, 34(2), 399–407. https://doi.org/10.1037/0278-7393.34.2.399",,"Ostkamp, L., & Jäkel, F. (2023, September 28). Replication of Turk-Browne, Isola, Scholl, Treat (2008, JEP:LMC, Study 4b). Retrieved from osf.io/ujhlw ",10.1126/science.aac4716,"Open Science Collaboration. (2015). Estimating the reproducibility of psychological science. Science, 349(6251), aac4716. https://doi.org/10.1126/science.aac4716","Ostkamp, L., & Jäkel, F. (2023, September 28). Replication of Turk-Browne, Isola, Scholl, Treat (2008, JEP:LMC, Study 4b). Retrieved from osf.io/ujhlw ",,,,,,,,,,,,,,,,,https://osf.io/ujhlw/,,,,,,,,,,,,,,,,,,Success,,,,,,,,,,,,,,,0.069046873,0.949057517,0.299714362,0.893856943,1,1,0.958,Journal of Experimental Psychology,,,,,,,,,,,,,,,,,,,2008,0.029655718,0.03665949,0.018181307,0.003402431,0.957975058,signal,consistent,signal - consistent,2.114603546,0.447213595
Manylabs2_22,,2.0,,1,LKasseckert,ML2,Psychology,,Many Labs 2,Directionality and similarity,,,,,,Lukas Röseler,45384.0,,,,0.233372952,0.004999938,144,3549,"Tversky, A., & Gati, I. (1978). Studies of similarity. Cognition and Categorization,
1, 79–98. Study 2",,"Tversky, A., & Gati, I. (1978). Studies of similarity. Cognition and Categorization, 1, 79–98.",2.0,"Klein, R. A., Vianello, M., Hasselman, F., Adams, B. G., Adams Jr, R. B., Alper, S., ... & Sowden, W. (2018). Many Labs 2: Investigating variation in replicability across samples and settings. Advances in Methods and Practices in Psychological Science, 1(4), 443-490.",10.1177/2515245918810225,"Klein, R. A., Vianello, M., Hasselman, F., Adams, B. G., Adams Jr, R. B., Alper, S., ... & Sowden, W. (2018). Many Labs 2: Investigating variation in replicability across samples and settings. Advances in Methods and Practices in Psychological Science, 1(4), 443-490. https://doi.org/10.1177/2515245918810225",,,,0.48,d,0.01,d,,,,,,,,,,,https://osf.io/8cd4r/,,2,manylabs2,,,0,,,,,,,,,,,,Failure,,,,,,,,,,,,Additional mixed models were conducted (see the supplemental information at https://osf.io/4rbh9/),,,0.072567222,0.382352865,-0.027906626,0.037895676,,,,Cognition and Categorization,,,,,,,,,,,,,,,,,,,1978,0.00625203,0.004877009,0.000281835,0.765885865,1,no signal,inconsistent,no signal - inconsistent,2.82316935,0.084215192
Boyce_etal2023159,,2.0,,1,Veronica Boyce,Boyce_etal2023,Psychology,,,inferring “ought” from “is”,,,,,subfield: cognitive,LR,45429.0,,,,0.29441996,0.07036079,112,136,"Tworek, C. M., & Cimpian, A. (2016). Why do people tend to infer “ought”
from “is”? The role of biases in explanation. Psychological Science, 27(8),
1109-1122.",10.1177/0956797616650875,"Tworek, C. M., & Cimpian, A. (2016). Why do people tend to infer “ought” from “is”? The role of biases in explanation. Psychological Science, 27(8), 1109-1122.",2.0,"Boyce, V., Mathur, M., & Frank, M. C. (2023). Eleven years of student replication projects provide evidence on the correlates of replicability in psychology. Royal Society Open Science, 10(11), 231240. https://doi.org/10.1098/rsos.231240",10.1098/rsos.231398,"Boyce, V., Mathur, M., & Frank, M. C. (2023). Eleven years of student replication projects provide evidence on the correlates of replicability in psychology. Royal Society Open Science, 10(11), 231240. https://doi.org/10.1098/rsos.231240",,,,,,,,,,,,,,,,,,https://osf.io/xwn9m/,,2,,,1.0,,0,,,bse: b=2.44(.85),bse b=3.736(.625),,,,,,,Failure,,,,,,,,,,,,exact,,,0.11515527,0.455112345,-0.099146385,0.235899668,,,,,,,,,,,,,,,,,,,,,,,2016,0.007514844,0.001626886,0.007334246,0.415658464,0.969049803,no signal,inconsistent,no signal - inconsistent,3.16757725,0.095782629
soscisubmission46,,2.0,,1,CD,Individual submissions,,,"Flanker task, congruency, bimodal, interference effect, facilitation effect","For auditory flankers, correct responses are significantly faster in the perceptual-congruent condition than in the response-congruent and incongruent conditions, with no difference in response times between the latter two conditions.",,,,,,"Papenmeier, Frank; Rebholz, Tobias R.",45184.0,,,,0.754983444,0.608276253,34,147,"Ulrich, R., Prislan, L., & Miller, J. (2020). A bimodal extension of the
Eriksen flanker task. Attention, Perception, & Psychophysics. https://doi.org/10.3758/s13414-020-02150-8,
Experiment 2",10.3758/s13414-020-02150-8,"Ulrich, R., Prislan, L., & Miller, J. (2020). A bimodal extension of the Eriksen flanker task. Attention, Perception, & Psychophysics. https://doi.org/10.3758/s13414-020-02150-8",2.0,"Papenmeier, F., & Rebholz, T. R. (2023, September). Bimodal Flanker: Audio vs. Visual. Retrieved from https://osf.io/8nzfm/",,"Papenmeier, F., & Rebholz, T. R. (2023, September). Bimodal Flanker: Audio vs. Visual. Retrieved from https://osf.io/8nzfm/",,,,0.57,etasq,0.37,etasq,,,,,,,,,,,https://osf.io/8nzfm/,,3,sosci_20,0,,1,0,,,"F(2, 70) = 47.05","F(2, 292) = 83.94","R-script: https://osf.io/9dmye
 Data: https://osf.io/8q3ep",,,,,,Success,https://osf.io/2dqxv,3.0,1.0,2.0,2.0,3.0,3.0,2.0,1.0,1.0,1.0,,0.00560303,0.00271849,0.559719437,0.870820414,0.495142545,0.701125606,1,1,1,"Attention, Perception, & Psychophysics",,,,,,,,,,,,,,,,,,,2020,0.00560303,2.47942E-07,0.002718493,3.0458E-16,1,signal,"inconsistent, smaller","signal - inconsistent, smaller",5.481154771,0.179605302
Boyce_etal2023160,,2.0,,1,Veronica Boyce,Boyce_etal2023,Psychology,,,Spontaneous hedonic reactions to social media cues,,,,,subfield: other-psych,LR,45429.0,,,,0.2566056,0.18192109,128,56,"Van Koningsbruggen, G. M., Hartmann, T., Eden, A., & Veling, H. (2017).
Spontaneous hedonic reactions to social media cues. Cyberpsychology, Behavior,
and Social Networking, 20(5), 334-340.",10.1089/cyber.2016.0530,"Van Koningsbruggen, G. M., Hartmann, T., Eden, A., & Veling, H. (2017). Spontaneous hedonic reactions to social media cues. Cyberpsychology, Behavior, and Social Networking, 20(5), 334-340.",2.0,"Boyce, V., Mathur, M., & Frank, M. C. (2023). Eleven years of student replication projects provide evidence on the correlates of replicability in psychology. Royal Society Open Science, 10(11), 231240. https://doi.org/10.1098/rsos.231240",10.1098/rsos.231399,"Boyce, V., Mathur, M., & Frank, M. C. (2023). Eleven years of student replication projects provide evidence on the correlates of replicability in psychology. Royal Society Open Science, 10(11), 231240. https://doi.org/10.1098/rsos.231240",,,,,,,,,,,,,,,,,,https://osf.io/xwn9m/,,2,,,0.0,,0,,,"F(1, 126) = 8.91","F(1,59) = 0.9364",,,,,,,Failure,,,,,,,,,,,,very close,,,0.08694673,0.411799148,-0.085046997,0.424518129,,,,,,,,,,,,,,,,,,,,,,,2017,0.006871204,0.003457837,0.016998268,0.179629633,0.611723743,no signal,consistent,no signal - consistent,2.934518745,0.089442719
svodevelopment2,svodevelopment2,2.0,,1,LK,Individual submissions,Social Psychology,Social value orientation,social value orientation (SLM); secure attachment (ECR-R); sample 2,prosocials have a higher level of secure attachment than competitors,,,,,only 458 participants in the original paper were included in the analysis because of unclassified participants by TDM; number of competitors was very low.,Yi Liu,45049.0,,There are more effects in the original and the replication study which are not relevant to the main hypotheses. The preregistration link was incorrect; it was the OSF link for the OSF folder.,,0.23796223,0.084694591,573,2644,"Van Lange, P. A. M., De Bruin, E., Otten, W., & Joireman, J. A. (1997).
Development of prosocial, individualistic, and competitive orientations:
Theory and preliminary evidence. Journal of Personality and Social Psychology,
73(4), 733–746. https://doi.org/10.1037/0022-3514.73.4.733 Study 1",10.1037/0022-3514.73.4.733,"Van Lange, P. A. M., De Bruin, E., Otten, W., & Joireman, J. A. (1997). Development of prosocial, individualistic, and competitive orientations: Theory and preliminary evidence. Journal of Personality and Social Psychology, 73(4), 733–746. https://doi.org/10.1037/0022-3514.73.4.733",1.0,"Liu, Y., Wang, B., & Van Lange, P. a. M. (2022). The development of social value orientation: Attachment styles, number of siblings, age, and a comparison of measures. European Journal of Personality, 37(4), 402–417.",10.1177/08902070221094216,"Liu, Y., Wang, B., & Van Lange, P. a. M. (2022). The development of social value orientation: Attachment styles, number of siblings, age, and a comparison of measures. European Journal of Personality, 37(4), 402–417. https://doi.org/10.1177/08902070221094216",,,,0.49,d,-0.17,d,,,,,,,,,,,https://osf.io/g9b7c/,,2,Prolific,1,,1,1,,,,,,,,,,,Success,https://osf.io/u6zw9,2.0,3.0,1.0,1.0,3.0,2.0,3.0,1.0,3.0,3.0,"(1) the sample of the study is from the US and UK instead of the Netherlands, thus the language used in the studies is different;(2) some of the measures (e.g., SLM for SVO, AAS and ECR-R for attachment) are not the same as the original study, but we include the measures used in the original study as well; (3) the original Studies 1 and 3 were conducted in paper-and-pencil, while the current studies were conducted online",,,0.159154452,0.313756585,0.046725403,0.122419397,,,,Journal of Personality and Social Psychology,,,,,,,,,,,,,,,,,,,1997,0.001555864,8.07892E-09,0.000372949,1.29612E-05,1,signal,"inconsistent, smaller","signal - inconsistent, smaller",5.79230387,0.041885391
svodevelopment2,svodevelopment2,2.0,,1,LK,Individual submissions,Social Psychology,Social value orientation,social value orientation (SLM); secure attachment (original); sample 2,prosocials have a higher level of secure attachment than competitors,,,,,only 458 participants in the original paper were included in the analysis because of unclassified participants by TDM; number of competitors was very low.,Yi Liu,45049.0,,There are more effects in the original and the replication study which are not relevant to the main hypotheses. The preregistration link was incorrect; it was the OSF link for the OSF folder.,,0.23796223,0.064863121,573,2644,"Van Lange, P. A. M., De Bruin, E., Otten, W., & Joireman, J. A. (1997).
Development of prosocial, individualistic, and competitive orientations:
Theory and preliminary evidence. Journal of Personality and Social Psychology,
73(4), 733–746. https://doi.org/10.1037/0022-3514.73.4.733 Study 1",10.1037/0022-3514.73.4.733,"Van Lange, P. A. M., De Bruin, E., Otten, W., & Joireman, J. A. (1997). Development of prosocial, individualistic, and competitive orientations: Theory and preliminary evidence. Journal of Personality and Social Psychology, 73(4), 733–746. https://doi.org/10.1037/0022-3514.73.4.733",1.0,"Liu, Y., Wang, B., & Van Lange, P. a. M. (2022). The development of social value orientation: Attachment styles, number of siblings, age, and a comparison of measures. European Journal of Personality, 37(4), 402–417.",10.1177/08902070221094216,"Liu, Y., Wang, B., & Van Lange, P. a. M. (2022). The development of social value orientation: Attachment styles, number of siblings, age, and a comparison of measures. European Journal of Personality, 37(4), 402–417. https://doi.org/10.1177/08902070221094216",,,,0.49,d,-0.13,d,,,,,,,,,,,https://osf.io/g9b7c/,,2,Prolific,1,,1,1,,,,,,,,,,,Success,https://osf.io/u6zw9,2.0,3.0,1.0,1.0,3.0,2.0,3.0,1.0,3.0,3.0,"(1) the sample of the study is from the US and UK instead of the Netherlands, thus the language used in the studies is different;(2) some of the measures (e.g., SLM for SVO, AAS and ECR-R for attachment) are not the same as the original study, but we include the measures used in the original study as well; (3) the original Studies 1 and 3 were conducted in paper-and-pencil, while the current studies were conducted online",,,0.159154452,0.313756585,0.026809365,0.102729159,,,,Journal of Personality and Social Psychology,,,,,,,,,,,,,,,,,,,1997,0.001555864,8.07892E-09,0.000375181,0.000846305,1,signal,"inconsistent, smaller","signal - inconsistent, smaller",5.79230387,0.041885391
svodevelopment2,svodevelopment2,2.0,,1,LK,Individual submissions,Social Psychology,Social value orientation,social value orientation (SLM); secure attachment (AAS); sample 2,prosocials have a higher level of secure attachment than competitors,,,,,only 458 participants in the original paper were included in the analysis because of unclassified participants by TDM; number of competitors was very low.,Yi Liu,45049.0,,There are more effects in the original and the replication study which are not relevant to the main hypotheses. The preregistration link was incorrect; it was the OSF link for the OSF folder.,,0.23796223,0.10442593,573,2644,"Van Lange, P. A. M., De Bruin, E., Otten, W., & Joireman, J. A. (1997).
Development of prosocial, individualistic, and competitive orientations:
Theory and preliminary evidence. Journal of Personality and Social Psychology,
73(4), 733–746. https://doi.org/10.1037/0022-3514.73.4.733 Study 1",10.1037/0022-3514.73.4.733,"Van Lange, P. A. M., De Bruin, E., Otten, W., & Joireman, J. A. (1997). Development of prosocial, individualistic, and competitive orientations: Theory and preliminary evidence. Journal of Personality and Social Psychology, 73(4), 733–746. https://doi.org/10.1037/0022-3514.73.4.733",1.0,"Liu, Y., Wang, B., & Van Lange, P. a. M. (2022). The development of social value orientation: Attachment styles, number of siblings, age, and a comparison of measures. European Journal of Personality, 37(4), 402–417.",10.1177/08902070221094216,"Liu, Y., Wang, B., & Van Lange, P. a. M. (2022). The development of social value orientation: Attachment styles, number of siblings, age, and a comparison of measures. European Journal of Personality, 37(4), 402–417. https://doi.org/10.1177/08902070221094216",,,,0.49,d,-0.21,d,,,,,,,,,,,https://osf.io/g9b7c/,,2,Prolific,1,,1,1,,,,,,,,,,,Success,https://osf.io/u6zw9,2.0,3.0,1.0,1.0,3.0,2.0,3.0,1.0,3.0,3.0,"(1) the sample of the study is from the US and UK instead of the Netherlands, thus the language used in the studies is different;(2) some of the measures (e.g., SLM for SVO, AAS and ECR-R for attachment) are not the same as the original study, but we include the measures used in the original study as well; (3) the original Studies 1 and 3 were conducted in paper-and-pencil, while the current studies were conducted online; (4) the replication study has a larger sample size",,,0.159154452,0.313756585,0.066570886,0.141980788,,,,Journal of Personality and Social Psychology,,,,,,,,,,,,,,,,,,,1997,0.001555864,8.07892E-09,0.000370151,7.37674E-08,1,signal,"inconsistent, smaller","signal - inconsistent, smaller",5.79230387,0.041885391
svodevelopment2,svodevelopment2,2.0,,1,LK,Individual submissions,Social Psychology,Social value orientation,social value orientation (SLM); secure attachment (ECR-R); sample 2,prosocials have a higher level of secure attachment than individualists,,,,,only 458 participants in the original paper were included in the analysis because of unclassified participants by TDM; number of competitors was very low.,Yi Liu,45049.0,,There are more effects in the original and the replication study which are not relevant to the main hypotheses. The preregistration link was incorrect; it was the OSF link for the OSF folder.,,0.114247023,0.039968038,573,2644,"Van Lange, P. A. M., De Bruin, E., Otten, W., & Joireman, J. A. (1997).
Development of prosocial, individualistic, and competitive orientations:
Theory and preliminary evidence. Journal of Personality and Social Psychology,
73(4), 733–746. https://doi.org/10.1037/0022-3514.73.4.733 Study 1",10.1037/0022-3514.73.4.733,"Van Lange, P. A. M., De Bruin, E., Otten, W., & Joireman, J. A. (1997). Development of prosocial, individualistic, and competitive orientations: Theory and preliminary evidence. Journal of Personality and Social Psychology, 73(4), 733–746. https://doi.org/10.1037/0022-3514.73.4.733",1.0,"Liu, Y., Wang, B., & Van Lange, P. a. M. (2022). The development of social value orientation: Attachment styles, number of siblings, age, and a comparison of measures. European Journal of Personality, 37(4), 402–417.",10.1177/08902070221094216,"Liu, Y., Wang, B., & Van Lange, P. a. M. (2022). The development of social value orientation: Attachment styles, number of siblings, age, and a comparison of measures. European Journal of Personality, 37(4), 402–417. https://doi.org/10.1177/08902070221094216",,,,0.23,d,0.08,d,,,,,,,,,,,https://osf.io/g9b7c/,,2,Prolific,1,,1,1,,,,,,,,,,,Success,https://osf.io/u6zw9,2.0,3.0,1.0,1.0,3.0,2.0,3.0,1.0,3.0,3.0,"(1) the sample of the study is from the US and UK instead of the Netherlands, thus the language used in the studies is different;(2) some of the measures (e.g., SLM for SVO, AAS and ECR-R for attachment) are not the same as the original study, but we include the measures used in the original study as well; (3) the original Studies 1 and 3 were conducted in paper-and-pencil, while the current studies were conducted online",,,0.032642559,0.194338343,0.001850814,0.07796929,,,,Journal of Personality and Social Psychology,,,,,,,,,,,,,,,,,,,1997,0.001702912,0.006185618,0.00037715,0.03987906,0.999989465,signal,"inconsistent, smaller","signal - inconsistent, smaller",2.739571371,0.041885391
svodevelopment2,svodevelopment2,2.0,,1,LK,Individual submissions,Social Psychology,Social value orientation,social value orientation (SLM); secure attachment (original); sample 2,prosocials have a higher level of secure attachment than individualists,,,,,only 458 participants in the original paper were included in the analysis because of unclassified participants by TDM; number of competitors was very low.,Yi Liu,45049.0,,There are more effects in the original and the replication study which are not relevant to the main hypotheses. The preregistration link was incorrect; it was the OSF link for the OSF folder.,,0.114247023,0.064863121,573,2644,"Van Lange, P. A. M., De Bruin, E., Otten, W., & Joireman, J. A. (1997).
Development of prosocial, individualistic, and competitive orientations:
Theory and preliminary evidence. Journal of Personality and Social Psychology,
73(4), 733–746. https://doi.org/10.1037/0022-3514.73.4.733 Study 1",10.1037/0022-3514.73.4.733,"Van Lange, P. A. M., De Bruin, E., Otten, W., & Joireman, J. A. (1997). Development of prosocial, individualistic, and competitive orientations: Theory and preliminary evidence. Journal of Personality and Social Psychology, 73(4), 733–746. https://doi.org/10.1037/0022-3514.73.4.733",1.0,"Liu, Y., Wang, B., & Van Lange, P. a. M. (2022). The development of social value orientation: Attachment styles, number of siblings, age, and a comparison of measures. European Journal of Personality, 37(4), 402–417.",10.1177/08902070221094216,"Liu, Y., Wang, B., & Van Lange, P. a. M. (2022). The development of social value orientation: Attachment styles, number of siblings, age, and a comparison of measures. European Journal of Personality, 37(4), 402–417. https://doi.org/10.1177/08902070221094216",,,,0.23,d,0.13,d,,,,,,,,,,,https://osf.io/g9b7c/,,2,Prolific,1,,1,1,,,,,,,,,,,Success,https://osf.io/u6zw9,2.0,3.0,1.0,1.0,3.0,2.0,3.0,1.0,3.0,3.0,"(1) the sample of the study is from the US and UK instead of the Netherlands, thus the language used in the studies is different;(2) some of the measures (e.g., SLM for SVO, AAS and ECR-R for attachment) are not the same as the original study, but we include the measures used in the original study as well; (3) the original Studies 1 and 3 were conducted in paper-and-pencil, while the current studies were conducted online",,,0.032642559,0.194338343,0.026809365,0.102729159,,,,Journal of Personality and Social Psychology,,,,,,,,,,,,,,,,,,,1997,0.001702912,0.006185618,0.000375181,0.000846305,0.999989465,signal,"inconsistent, smaller","signal - inconsistent, smaller",2.739571371,0.041885391
svodevelopment2,svodevelopment2,2.0,,1,LK,Individual submissions,Social Psychology,Social value orientation,social value orientation (SLM); secure attachment (AAS); sample 2,prosocials have a higher level of secure attachment than individualists,,,,,only 458 participants in the original paper were included in the analysis because of unclassified participants by TDM; number of competitors was very low.,Yi Liu,45049.0,,There are more effects in the original and the replication study which are not relevant to the main hypotheses. The preregistration link was incorrect; it was the OSF link for the OSF folder.,,0.114247023,0.049937617,573,2644,"Van Lange, P. A. M., De Bruin, E., Otten, W., & Joireman, J. A. (1997).
Development of prosocial, individualistic, and competitive orientations:
Theory and preliminary evidence. Journal of Personality and Social Psychology,
73(4), 733–746. https://doi.org/10.1037/0022-3514.73.4.733 Study 1",10.1037/0022-3514.73.4.733,"Van Lange, P. A. M., De Bruin, E., Otten, W., & Joireman, J. A. (1997). Development of prosocial, individualistic, and competitive orientations: Theory and preliminary evidence. Journal of Personality and Social Psychology, 73(4), 733–746. https://doi.org/10.1037/0022-3514.73.4.733",1.0,"Liu, Y., Wang, B., & Van Lange, P. a. M. (2022). The development of social value orientation: Attachment styles, number of siblings, age, and a comparison of measures. European Journal of Personality, 37(4), 402–417.",10.1177/08902070221094216,"Liu, Y., Wang, B., & Van Lange, P. a. M. (2022). The development of social value orientation: Attachment styles, number of siblings, age, and a comparison of measures. European Journal of Personality, 37(4), 402–417. https://doi.org/10.1177/08902070221094216",,,,0.23,d,0.1,d,,,,,,,,,,,https://osf.io/g9b7c/,,2,Prolific,1,,1,1,,,,,,,,,,,Success,https://osf.io/u6zw9,2.0,3.0,1.0,1.0,3.0,2.0,3.0,1.0,3.0,3.0,"(1) the sample of the study is from the US and UK instead of the Netherlands, thus the language used in the studies is different;(2) some of the measures (e.g., SLM for SVO, AAS and ECR-R for attachment) are not the same as the original study, but we include the measures used in the original study as well; (3) the original Studies 1 and 3 were conducted in paper-and-pencil, while the current studies were conducted online; (4) the replication study has a larger sample size",,,0.032642559,0.194338343,0.011840112,0.087890351,,,,Journal of Personality and Social Psychology,,,,,,,,,,,,,,,,,,,1997,0.001702912,0.006185618,0.000376473,0.01022363,0.999989465,signal,"inconsistent, smaller","signal - inconsistent, smaller",2.739571371,0.041885391
svodevelopment2,svodevelopment2,2.0,,1,LK,Individual submissions,Social Psychology,Social value orientation,social value orientation (TDM); secure attachment (ECR-R); sample 2,prosocials have a higher level of secure attachment than competitors,,,,,only 458 participants in the original paper and 2483 in sample 2 were included in the analysis because of unclassified participants by TDM; number of competitors was very low.,Yi Liu,45049.0,,There are more effects in the original and the replication study which are not relevant to the main hypotheses. The preregistration link was incorrect; it was the OSF link for the OSF folder.,,0.23796223,0,573,2644,"Van Lange, P. A. M., De Bruin, E., Otten, W., & Joireman, J. A. (1997).
Development of prosocial, individualistic, and competitive orientations:
Theory and preliminary evidence. Journal of Personality and Social Psychology,
73(4), 733–746. https://doi.org/10.1037/0022-3514.73.4.733 Study 1",10.1037/0022-3514.73.4.733,"Van Lange, P. A. M., De Bruin, E., Otten, W., & Joireman, J. A. (1997). Development of prosocial, individualistic, and competitive orientations: Theory and preliminary evidence. Journal of Personality and Social Psychology, 73(4), 733–746. https://doi.org/10.1037/0022-3514.73.4.733",1.0,"Liu, Y., Wang, B., & Van Lange, P. a. M. (2022). The development of social value orientation: Attachment styles, number of siblings, age, and a comparison of measures. European Journal of Personality, 37(4), 402–417.",10.1177/08902070221094216,"Liu, Y., Wang, B., & Van Lange, P. a. M. (2022). The development of social value orientation: Attachment styles, number of siblings, age, and a comparison of measures. European Journal of Personality, 37(4), 402–417. https://doi.org/10.1177/08902070221094216",,,,0.49,d,0,d,,,,,,,,,,,https://osf.io/g9b7c/,,2,Prolific,1,,1,1,,,,,,,,,,,Failure,https://osf.io/u6zw9,2.0,3.0,1.0,1.0,3.0,2.0,3.0,1.0,3.0,3.0,"(1) the sample of the study is from the US and UK instead of the Netherlands, thus the language used in the studies is different;(2) some of the measures (e.g., SLM for SVO, AAS and ECR-R for attachment) are not the same as the original study, but we include the measures used in the original study as well; (3) the original Studies 1 and 3 were conducted in paper-and-pencil, while the current studies were conducted online",,,0.159154452,0.313756585,-0.038120044,0.038120044,,,,Journal of Personality and Social Psychology,,,,,,,,,,,,,,,,,,,1997,0.001555864,8.07892E-09,0.000378358,1,1,no signal,inconsistent,no signal - inconsistent,5.79230387,0.041885391
svodevelopment2,svodevelopment2,2.0,,1,LK,Individual submissions,Social Psychology,Social value orientation,social value orientation (TDM); secure attachment (original); sample 2,prosocials have a higher level of secure attachment than competitors,,,,,only 458 participants in the original paper and 2483 in sample 2 were included in the analysis because of unclassified participants by TDM; number of competitors was very low.,Yi Liu,45049.0,,There are more effects in the original and the replication study which are not relevant to the main hypotheses. The preregistration link was incorrect; it was the OSF link for the OSF folder.,,0.23796223,0.014998313,573,2644,"Van Lange, P. A. M., De Bruin, E., Otten, W., & Joireman, J. A. (1997).
Development of prosocial, individualistic, and competitive orientations:
Theory and preliminary evidence. Journal of Personality and Social Psychology,
73(4), 733–746. https://doi.org/10.1037/0022-3514.73.4.733 Study 1",10.1037/0022-3514.73.4.733,"Van Lange, P. A. M., De Bruin, E., Otten, W., & Joireman, J. A. (1997). Development of prosocial, individualistic, and competitive orientations: Theory and preliminary evidence. Journal of Personality and Social Psychology, 73(4), 733–746. https://doi.org/10.1037/0022-3514.73.4.733",1.0,"Liu, Y., Wang, B., & Van Lange, P. a. M. (2022). The development of social value orientation: Attachment styles, number of siblings, age, and a comparison of measures. European Journal of Personality, 37(4), 402–417.",10.1177/08902070221094216,"Liu, Y., Wang, B., & Van Lange, P. a. M. (2022). The development of social value orientation: Attachment styles, number of siblings, age, and a comparison of measures. European Journal of Personality, 37(4), 402–417. https://doi.org/10.1177/08902070221094216",,,,0.49,d,0.03,d,,,,,,,,,,,https://osf.io/g9b7c/,,2,Prolific,1,,1,1,,,,,,,,,,,Failure,https://osf.io/u6zw9,2.0,1.0,1.0,1.0,3.0,2.0,3.0,1.0,3.0,3.0,"(1) the sample of the study is from the US and UK instead of the Netherlands, thus the language used in the studies is different;(2) some of the measures (e.g., SLM for SVO, AAS and ECR-R for attachment) are not the same as the original study, but we include the measures used in the original study as well; (3) the original Studies 1 and 3 were conducted in paper-and-pencil, while the current studies were conducted online",,,0.159154452,0.313756585,-0.023134958,0.053088005,,,,Journal of Personality and Social Psychology,,,,,,,,,,,,,,,,,,,1997,0.001555864,8.07892E-09,0.000378188,0.440772416,1,no signal,inconsistent,no signal - inconsistent,5.79230387,0.041885391
svodevelopment2,svodevelopment2,2.0,,1,LK,Individual submissions,Social Psychology,Social value orientation,social value orientation (TDM); secure attachment (AAS); sample 2,prosocials have a higher level of secure attachment than competitors,,,,,only 458 participants in the original paper and 2483 in sample 2 were included in the analysis because of unclassified participants by TDM; number of competitors was very low.,Yi Liu,45049.0,,There are more effects in the original and the replication study which are not relevant to the main hypotheses. The preregistration link was incorrect; it was the OSF link for the OSF folder.,,0.23796223,0.004999938,573,2644,"Van Lange, P. A. M., De Bruin, E., Otten, W., & Joireman, J. A. (1997).
Development of prosocial, individualistic, and competitive orientations:
Theory and preliminary evidence. Journal of Personality and Social Psychology,
73(4), 733–746. https://doi.org/10.1037/0022-3514.73.4.733 Study 1",10.1037/0022-3514.73.4.733,"Van Lange, P. A. M., De Bruin, E., Otten, W., & Joireman, J. A. (1997). Development of prosocial, individualistic, and competitive orientations: Theory and preliminary evidence. Journal of Personality and Social Psychology, 73(4), 733–746. https://doi.org/10.1037/0022-3514.73.4.733",1.0,"Liu, Y., Wang, B., & Van Lange, P. a. M. (2022). The development of social value orientation: Attachment styles, number of siblings, age, and a comparison of measures. European Journal of Personality, 37(4), 402–417.",10.1177/08902070221094216,"Liu, Y., Wang, B., & Van Lange, P. a. M. (2022). The development of social value orientation: Attachment styles, number of siblings, age, and a comparison of measures. European Journal of Personality, 37(4), 402–417. https://doi.org/10.1177/08902070221094216",,,,0.49,d,-0.01,d,,,,,,,,,,,https://osf.io/g9b7c/,,2,Prolific,1,,1,1,,,,,,,,,,,Failure,https://osf.io/u6zw9,2.0,3.0,1.0,1.0,3.0,2.0,3.0,1.0,3.0,3.0,"(1) the sample of the study is from the US and UK instead of the Netherlands, thus the language used in the studies is different;(2) some of the measures (e.g., SLM for SVO, AAS and ECR-R for attachment) are not the same as the original study, but we include the measures used in the original study as well; (3) the original Studies 1 and 3 were conducted in paper-and-pencil, while the current studies were conducted online; (4) the replication study has a larger sample size",,,0.159154452,0.313756585,-0.03312642,0.043111765,,,,Journal of Personality and Social Psychology,,,,,,,,,,,,,,,,,,,1997,0.001555864,8.07892E-09,0.000378339,0.797197284,1,no signal,inconsistent,no signal - inconsistent,5.79230387,0.041885391
svodevelopment2,svodevelopment2,2.0,,1,LK,Individual submissions,Social Psychology,Social value orientation,social value orientation (TDM); secure attachment (ECR-R); sample 2,prosocials have a higher level of secure attachment than individualists,,,,,only 458 participants in the original paper and 2483 in sample 2 were included in the analysis because of unclassified participants by TDM; number of competitors was very low.,Yi Liu,45049.0,,There are more effects in the original and the replication study which are not relevant to the main hypotheses. The preregistration link was incorrect; it was the OSF link for the OSF folder.,,0.114247023,0.019996001,573,2644,"Van Lange, P. A. M., De Bruin, E., Otten, W., & Joireman, J. A. (1997).
Development of prosocial, individualistic, and competitive orientations:
Theory and preliminary evidence. Journal of Personality and Social Psychology,
73(4), 733–746. https://doi.org/10.1037/0022-3514.73.4.733 Study 1",10.1037/0022-3514.73.4.733,"Van Lange, P. A. M., De Bruin, E., Otten, W., & Joireman, J. A. (1997). Development of prosocial, individualistic, and competitive orientations: Theory and preliminary evidence. Journal of Personality and Social Psychology, 73(4), 733–746. https://doi.org/10.1037/0022-3514.73.4.733",1.0,"Liu, Y., Wang, B., & Van Lange, P. a. M. (2022). The development of social value orientation: Attachment styles, number of siblings, age, and a comparison of measures. European Journal of Personality, 37(4), 402–417.",10.1177/08902070221094216,"Liu, Y., Wang, B., & Van Lange, P. a. M. (2022). The development of social value orientation: Attachment styles, number of siblings, age, and a comparison of measures. European Journal of Personality, 37(4), 402–417. https://doi.org/10.1177/08902070221094216",,,,0.23,d,0.04,d,,,,,,,,,,,https://osf.io/g9b7c/,,2,Prolific,1,,1,1,,,,,,,,,,,Failure,https://osf.io/u6zw9,2.0,3.0,1.0,1.0,3.0,2.0,3.0,1.0,3.0,3.0,"(1) the sample of the study is from the US and UK instead of the Netherlands, thus the language used in the studies is different;(2) some of the measures (e.g., SLM for SVO, AAS and ECR-R for attachment) are not the same as the original study, but we include the measures used in the original study as well; (3) the original Studies 1 and 3 were conducted in paper-and-pencil, while the current studies were conducted online",,,0.032642559,0.194338343,-0.018137868,0.05807178,,,,Journal of Personality and Social Psychology,,,,,,,,,,,,,,,,,,,1997,0.001702912,0.006185618,0.000378055,0.304040272,0.999989465,no signal,inconsistent,no signal - inconsistent,2.739571371,0.041885391
svodevelopment2,svodevelopment2,2.0,,1,LK,Individual submissions,Social Psychology,Social value orientation,social value orientation (TDM); secure attachment (original); sample 2,prosocials have a higher level of secure attachment than individualists,,,,,only 458 participants in the original paper and 2483 in sample 2 were included in the analysis because of unclassified participants by TDM; number of competitors was very low.,Yi Liu,45049.0,,There are more effects in the original and the replication study which are not relevant to the main hypotheses. The preregistration link was incorrect; it was the OSF link for the OSF folder.,,0.114247023,0.054917001,573,2644,"Van Lange, P. A. M., De Bruin, E., Otten, W., & Joireman, J. A. (1997).
Development of prosocial, individualistic, and competitive orientations:
Theory and preliminary evidence. Journal of Personality and Social Psychology,
73(4), 733–746. https://doi.org/10.1037/0022-3514.73.4.733 Study 1",10.1037/0022-3514.73.4.733,"Van Lange, P. A. M., De Bruin, E., Otten, W., & Joireman, J. A. (1997). Development of prosocial, individualistic, and competitive orientations: Theory and preliminary evidence. Journal of Personality and Social Psychology, 73(4), 733–746. https://doi.org/10.1037/0022-3514.73.4.733",1.0,"Liu, Y., Wang, B., & Van Lange, P. a. M. (2022). The development of social value orientation: Attachment styles, number of siblings, age, and a comparison of measures. European Journal of Personality, 37(4), 402–417.",10.1177/08902070221094216,"Liu, Y., Wang, B., & Van Lange, P. a. M. (2022). The development of social value orientation: Attachment styles, number of siblings, age, and a comparison of measures. European Journal of Personality, 37(4), 402–417. https://doi.org/10.1177/08902070221094216",,,,0.23,d,0.11,d,,,,,,,,,,,https://osf.io/g9b7c/,,2,Prolific,1,,1,1,,,,,,,,,,,Success,https://osf.io/u6zw9,2.0,1.0,1.0,1.0,3.0,2.0,3.0,1.0,3.0,3.0,"(1) the sample of the study is from the US and UK instead of the Netherlands, thus the language used in the studies is different;(2) some of the measures (e.g., SLM for SVO, AAS and ECR-R for attachment) are not the same as the original study, but we include the measures used in the original study as well; (3) the original Studies 1 and 3 were conducted in paper-and-pencil, while the current studies were conducted online",,,0.032642559,0.194338343,0.016832194,0.092842684,,,,Journal of Personality and Social Psychology,,,,,,,,,,,,,,,,,,,1997,0.001702912,0.006185618,0.000376079,0.004733676,0.999989465,signal,"inconsistent, smaller","signal - inconsistent, smaller",2.739571371,0.041885391
svodevelopment2,svodevelopment2,2.0,,1,LK,Individual submissions,Social Psychology,Social value orientation,social value orientation (TDM); secure attachment (AAS); sample 2,prosocials have a higher level of secure attachment than individualists,,,,,only 458 participants in the original paper and 2483 in sample 2 were included in the analysis because of unclassified participants by TDM; number of competitors was very low.,Yi Liu,45049.0,,There are more effects in the original and the replication study which are not relevant to the main hypotheses. The preregistration link was incorrect; it was the OSF link for the OSF folder.,,0.114247023,0.039968038,573,2644,"Van Lange, P. A. M., De Bruin, E., Otten, W., & Joireman, J. A. (1997).
Development of prosocial, individualistic, and competitive orientations:
Theory and preliminary evidence. Journal of Personality and Social Psychology,
73(4), 733–746. https://doi.org/10.1037/0022-3514.73.4.733 Study 1",10.1037/0022-3514.73.4.733,"Van Lange, P. A. M., De Bruin, E., Otten, W., & Joireman, J. A. (1997). Development of prosocial, individualistic, and competitive orientations: Theory and preliminary evidence. Journal of Personality and Social Psychology, 73(4), 733–746. https://doi.org/10.1037/0022-3514.73.4.733",1.0,"Liu, Y., Wang, B., & Van Lange, P. a. M. (2022). The development of social value orientation: Attachment styles, number of siblings, age, and a comparison of measures. European Journal of Personality, 37(4), 402–417.",10.1177/08902070221094216,"Liu, Y., Wang, B., & Van Lange, P. a. M. (2022). The development of social value orientation: Attachment styles, number of siblings, age, and a comparison of measures. European Journal of Personality, 37(4), 402–417. https://doi.org/10.1177/08902070221094216",,,,0.23,d,0.08,d,,,,,,,,,,,https://osf.io/g9b7c/,,2,Prolific,1,,1,1,,,,,,,,,,,Success,https://osf.io/u6zw9,2.0,3.0,1.0,1.0,3.0,2.0,3.0,1.0,3.0,3.0,"(1) the sample of the study is from the US and UK instead of the Netherlands, thus the language used in the studies is different;(2) some of the measures (e.g., SLM for SVO, AAS and ECR-R for attachment) are not the same as the original study, but we include the measures used in the original study as well; (3) the original Studies 1 and 3 were conducted in paper-and-pencil, while the current studies were conducted online; (4) the replication study has a larger sample size",,,0.032642559,0.194338343,0.001850814,0.07796929,,,,Journal of Personality and Social Psychology,,,,,,,,,,,,,,,,,,,1997,0.001702912,0.006185618,0.00037715,0.03987906,0.999989465,signal,"inconsistent, smaller","signal - inconsistent, smaller",2.739571371,0.041885391
svodevelopment,svodevelopment,2.0,,1,LK,Individual submissions,Social Psychology,Social value orientation,social value orientation (SLM); secure attachment (ECR-R); sample 1,prosocials have a higher level of secure attachment than competitors,,,,,only 458 participants in the original paper were included in the analysis because of unclassified participants by TDM; number of competitors was very low.,Yi Liu,45049.0,,There are more effects in the original and the replication study which are not relevant to the main hypotheses. The preregistration link was incorrect; it was the OSF link for the OSF folder.,,0.23796223,0.12891523,573,1446,"Van Lange, P. A. M., De Bruin, E., Otten, W., & Joireman, J. A. (1997).
Development of prosocial, individualistic, and competitive orientations:
Theory and preliminary evidence. Journal of Personality and Social Psychology,
73(4), 733–746. https://doi.org/10.1037/0022-3514.73.4.733 Study 1",10.1037/0022-3514.73.4.733,"Van Lange, P. A. M., De Bruin, E., Otten, W., & Joireman, J. A. (1997). Development of prosocial, individualistic, and competitive orientations: Theory and preliminary evidence. Journal of Personality and Social Psychology, 73(4), 733–746. https://doi.org/10.1037/0022-3514.73.4.733",1.0,"Liu, Y., Wang, B., & Van Lange, P. a. M. (2022). The development of social value orientation: Attachment styles, number of siblings, age, and a comparison of measures. European Journal of Personality, 37(4), 402–417.",10.1177/08902070221094216,"Liu, Y., Wang, B., & Van Lange, P. a. M. (2022). The development of social value orientation: Attachment styles, number of siblings, age, and a comparison of measures. European Journal of Personality, 37(4), 402–417. https://doi.org/10.1177/08902070221094216",,,,0.49,d,0.26,d,,,,,,,,,,,https://osf.io/g9b7c/,,2,Mturk,1,,1,1,,,,,,,,,,,Success,https://osf.io/u6zw9,2.0,3.0,1.0,1.0,3.0,2.0,3.0,1.0,3.0,3.0,"(1) the sample of the study is from the US and UK instead of the Netherlands, thus the language used in the studies is different;(2) some of the measures (e.g., SLM for SVO, AAS and ECR-R for attachment) are not the same as the original study, but we include the measures used in the original study as well; (3) the original Studies 1 and 3 were conducted in paper-and-pencil, while the current studies were conducted online",,,0.159154452,0.313756585,0.077882675,0.17927398,,,,Journal of Personality and Social Psychology,,,,,,,,,,,,,,,,,,,1997,0.001555864,8.07892E-09,0.00066923,8.72246E-07,1,signal,"inconsistent, smaller","signal - inconsistent, smaller",5.79230387,0.041885391
svodevelopment,svodevelopment,2.0,,1,LK,Individual submissions,Social Psychology,Social value orientation,social value orientation (SLM); secure attachment (original); sample 1,prosocials have a higher level of secure attachment than competitors,,,,,only 458 participants in the original paper were included in the analysis because of unclassified participants by TDM; number of competitors was very low.,Yi Liu,45049.0,,There are more effects in the original and the replication study which are not relevant to the main hypotheses. The preregistration link was incorrect; it was the OSF link for the OSF folder.,,0.23796223,0.064863121,573,1446,"Van Lange, P. A. M., De Bruin, E., Otten, W., & Joireman, J. A. (1997).
Development of prosocial, individualistic, and competitive orientations:
Theory and preliminary evidence. Journal of Personality and Social Psychology,
73(4), 733–746. https://doi.org/10.1037/0022-3514.73.4.733 Study 1",10.1037/0022-3514.73.4.733,"Van Lange, P. A. M., De Bruin, E., Otten, W., & Joireman, J. A. (1997). Development of prosocial, individualistic, and competitive orientations: Theory and preliminary evidence. Journal of Personality and Social Psychology, 73(4), 733–746. https://doi.org/10.1037/0022-3514.73.4.733",1.0,"Liu, Y., Wang, B., & Van Lange, P. a. M. (2022). The development of social value orientation: Attachment styles, number of siblings, age, and a comparison of measures. European Journal of Personality, 37(4), 402–417.",10.1177/08902070221094216,"Liu, Y., Wang, B., & Van Lange, P. a. M. (2022). The development of social value orientation: Attachment styles, number of siblings, age, and a comparison of measures. European Journal of Personality, 37(4), 402–417. https://doi.org/10.1177/08902070221094216",,,,0.49,d,0.13,d,,,,,,,,,,,https://osf.io/g9b7c/,,2,Mturk,1,,1,1,,,,,,,,,,,Success,https://osf.io/u6zw9,2.0,3.0,1.0,1.0,3.0,2.0,3.0,1.0,3.0,3.0,"(1) the sample of the study is from the US and UK instead of the Netherlands, thus the language used in the studies is different;(2) some of the measures (e.g., SLM for SVO, AAS and ECR-R for attachment) are not the same as the original study, but we include the measures used in the original study as well; (3) the original Studies 1 and 3 were conducted in paper-and-pencil, while the current studies were conducted online",,,0.159154452,0.313756585,0.013357653,0.116025299,,,,Journal of Personality and Social Psychology,,,,,,,,,,,,,,,,,,,1997,0.001555864,8.07892E-09,0.000686231,0.013626176,1,signal,"inconsistent, smaller","signal - inconsistent, smaller",5.79230387,0.041885391
svodevelopment,svodevelopment,2.0,,1,LK,Individual submissions,Social Psychology,Social value orientation,social value orientation (SLM); secure attachment (AAS); sample 1,prosocials have a higher level of secure attachment than competitors,,,,,only 458 participants in the original paper were included in the analysis because of unclassified participants by TDM; number of competitors was very low.,Yi Liu,45049.0,,There are more effects in the original and the replication study which are not relevant to the main hypotheses. The preregistration link was incorrect; it was the OSF link for the OSF folder.,,0.23796223,0.044954507,573,1446,"Van Lange, P. A. M., De Bruin, E., Otten, W., & Joireman, J. A. (1997).
Development of prosocial, individualistic, and competitive orientations:
Theory and preliminary evidence. Journal of Personality and Social Psychology,
73(4), 733–746. https://doi.org/10.1037/0022-3514.73.4.733 Study 1",10.1037/0022-3514.73.4.733,"Van Lange, P. A. M., De Bruin, E., Otten, W., & Joireman, J. A. (1997). Development of prosocial, individualistic, and competitive orientations: Theory and preliminary evidence. Journal of Personality and Social Psychology, 73(4), 733–746. https://doi.org/10.1037/0022-3514.73.4.733",1.0,"Liu, Y., Wang, B., & Van Lange, P. a. M. (2022). The development of social value orientation: Attachment styles, number of siblings, age, and a comparison of measures. European Journal of Personality, 37(4), 402–417.",10.1177/08902070221094216,"Liu, Y., Wang, B., & Van Lange, P. a. M. (2022). The development of social value orientation: Attachment styles, number of siblings, age, and a comparison of measures. European Journal of Personality, 37(4), 402–417. https://doi.org/10.1177/08902070221094216",,,,0.49,d,0.09,d,,,,,,,,,,,https://osf.io/g9b7c/,,2,Mturk,1,,1,1,,,,,,,,,,,Failure,https://osf.io/u6zw9,2.0,3.0,1.0,1.0,3.0,2.0,3.0,1.0,3.0,3.0,"(1) the sample of the study is from the US and UK instead of the Netherlands, thus the language used in the studies is different;(2) some of the measures (e.g., SLM for SVO, AAS and ECR-R for attachment) are not the same as the original study, but we include the measures used in the original study as well; (3) the original Studies 1 and 3 were conducted in paper-and-pencil, while the current studies were conducted online; (4) the replication study has a larger sample size",,,0.159154452,0.313756585,-0.006610946,0.096281515,,,,Journal of Personality and Social Psychology,,,,,,,,,,,,,,,,,,,1997,0.001555864,8.07892E-09,0.000689247,0.087480696,1,no signal,inconsistent,no signal - inconsistent,5.79230387,0.041885391
svodevelopment,svodevelopment,2.0,,1,LK,Individual submissions,Social Psychology,Social value orientation,social value orientation (SLM); secure attachment (ECR-R); sample 1,prosocials have a higher level of secure attachment than individualists,,,,,only 458 participants in the original paper were included in the analysis because of unclassified participants by TDM; number of competitors was very low.,Yi Liu,45049.0,,There are more effects in the original and the replication study which are not relevant to the main hypotheses. The preregistration link was incorrect; it was the OSF link for the OSF folder.,,0.114247023,0.069829128,573,1446,"Van Lange, P. A. M., De Bruin, E., Otten, W., & Joireman, J. A. (1997).
Development of prosocial, individualistic, and competitive orientations:
Theory and preliminary evidence. Journal of Personality and Social Psychology,
73(4), 733–746. https://doi.org/10.1037/0022-3514.73.4.733 Study 1",10.1037/0022-3514.73.4.733,"Van Lange, P. A. M., De Bruin, E., Otten, W., & Joireman, J. A. (1997). Development of prosocial, individualistic, and competitive orientations: Theory and preliminary evidence. Journal of Personality and Social Psychology, 73(4), 733–746. https://doi.org/10.1037/0022-3514.73.4.733",1.0,"Liu, Y., Wang, B., & Van Lange, P. a. M. (2022). The development of social value orientation: Attachment styles, number of siblings, age, and a comparison of measures. European Journal of Personality, 37(4), 402–417.",10.1177/08902070221094216,"Liu, Y., Wang, B., & Van Lange, P. a. M. (2022). The development of social value orientation: Attachment styles, number of siblings, age, and a comparison of measures. European Journal of Personality, 37(4), 402–417. https://doi.org/10.1177/08902070221094216",,,,0.23,d,0.14,d,,,,,,,,,,,https://osf.io/g9b7c/,,2,Mturk,1,,1,1,,,,,,,,,,,Success,https://osf.io/u6zw9,2.0,3.0,1.0,1.0,3.0,2.0,3.0,1.0,3.0,3.0,"(1) the sample of the study is from the US and UK instead of the Netherlands, thus the language used in the studies is different;(2) some of the measures (e.g., SLM for SVO, AAS and ECR-R for attachment) are not the same as the original study, but we include the measures used in the original study as well; (3) the original Studies 1 and 3 were conducted in paper-and-pencil, while the current studies were conducted online",,,0.032642559,0.194338343,0.018345032,0.120943898,,,,Journal of Personality and Social Psychology,,,,,,,,,,,,,,,,,,,1997,0.001702912,0.006185618,0.000685309,0.007900555,0.996692118,signal,consistent,signal - consistent,2.739571371,0.041885391
svodevelopment,svodevelopment,2.0,,1,LK,Individual submissions,Social Psychology,Social value orientation,social value orientation (SLM); secure attachment (original); sample 1,prosocials have a higher level of secure attachment than individualists,,,,,only 458 participants in the original paper were included in the analysis because of unclassified participants by TDM; number of competitors was very low.,Yi Liu,45049.0,,There are more effects in the original and the replication study which are not relevant to the main hypotheses. The preregistration link was incorrect; it was the OSF link for the OSF folder.,,0.114247023,0.034978582,573,1446,"Van Lange, P. A. M., De Bruin, E., Otten, W., & Joireman, J. A. (1997).
Development of prosocial, individualistic, and competitive orientations:
Theory and preliminary evidence. Journal of Personality and Social Psychology,
73(4), 733–746. https://doi.org/10.1037/0022-3514.73.4.733 Study 1",10.1037/0022-3514.73.4.733,"Van Lange, P. A. M., De Bruin, E., Otten, W., & Joireman, J. A. (1997). Development of prosocial, individualistic, and competitive orientations: Theory and preliminary evidence. Journal of Personality and Social Psychology, 73(4), 733–746. https://doi.org/10.1037/0022-3514.73.4.733",1.0,"Liu, Y., Wang, B., & Van Lange, P. a. M. (2022). The development of social value orientation: Attachment styles, number of siblings, age, and a comparison of measures. European Journal of Personality, 37(4), 402–417.",10.1177/08902070221094216,"Liu, Y., Wang, B., & Van Lange, P. a. M. (2022). The development of social value orientation: Attachment styles, number of siblings, age, and a comparison of measures. European Journal of Personality, 37(4), 402–417. https://doi.org/10.1177/08902070221094216",,,,0.23,d,0.07,d,,,,,,,,,,,https://osf.io/g9b7c/,,2,Mturk,1,,1,1,,,,,,,,,,,Failure,https://osf.io/u6zw9,2.0,3.0,1.0,1.0,3.0,2.0,3.0,1.0,3.0,3.0,"(1) the sample of the study is from the US and UK instead of the Netherlands, thus the language used in the studies is different;(2) some of the measures (e.g., SLM for SVO, AAS and ECR-R for attachment) are not the same as the original study, but we include the measures used in the original study as well; (3) the original Studies 1 and 3 were conducted in paper-and-pencil, while the current studies were conducted online",,,0.032642559,0.194338343,-0.016601485,0.086372971,,,,Journal of Personality and Social Psychology,,,,,,,,,,,,,,,,,,,1997,0.001702912,0.006185618,0.000690349,0.183728302,0.996692118,no signal,inconsistent,no signal - inconsistent,2.739571371,0.041885391
svodevelopment,svodevelopment,2.0,,1,LK,Individual submissions,Social Psychology,Social value orientation,social value orientation (SLM); secure attachment (AAS); sample 1,prosocials have a higher level of secure attachment than individualists,,,,,only 458 participants in the original paper were included in the analysis because of unclassified participants by TDM; number of competitors was very low.,Yi Liu,45049.0,,There are more effects in the original and the replication study which are not relevant to the main hypotheses. The preregistration link was incorrect; it was the OSF link for the OSF folder.,,0.114247023,0.024992191,573,1446,"Van Lange, P. A. M., De Bruin, E., Otten, W., & Joireman, J. A. (1997).
Development of prosocial, individualistic, and competitive orientations:
Theory and preliminary evidence. Journal of Personality and Social Psychology,
73(4), 733–746. https://doi.org/10.1037/0022-3514.73.4.733 Study 1",10.1037/0022-3514.73.4.733,"Van Lange, P. A. M., De Bruin, E., Otten, W., & Joireman, J. A. (1997). Development of prosocial, individualistic, and competitive orientations: Theory and preliminary evidence. Journal of Personality and Social Psychology, 73(4), 733–746. https://doi.org/10.1037/0022-3514.73.4.733",1.0,"Liu, Y., Wang, B., & Van Lange, P. a. M. (2022). The development of social value orientation: Attachment styles, number of siblings, age, and a comparison of measures. European Journal of Personality, 37(4), 402–417.",10.1177/08902070221094216,"Liu, Y., Wang, B., & Van Lange, P. a. M. (2022). The development of social value orientation: Attachment styles, number of siblings, age, and a comparison of measures. European Journal of Personality, 37(4), 402–417. https://doi.org/10.1177/08902070221094216",,,,0.23,d,0.05,d,,,,,,,,,,,https://osf.io/g9b7c/,,2,Mturk,1,,1,1,,,,,,,,,,,Failure,https://osf.io/u6zw9,2.0,3.0,1.0,1.0,3.0,2.0,3.0,1.0,3.0,3.0,"(1) the sample of the study is from the US and UK instead of the Netherlands, thus the language used in the studies is different;(2) some of the measures (e.g., SLM for SVO, AAS and ECR-R for attachment) are not the same as the original study, but we include the measures used in the original study as well; (3) the original Studies 1 and 3 were conducted in paper-and-pencil, while the current studies were conducted online; (4) the replication study has a larger sample size",,,0.032642559,0.194338343,-0.026592201,0.076443837,,,,Journal of Personality and Social Psychology,,,,,,,,,,,,,,,,,,,1997,0.001702912,0.006185618,0.000691177,0.342271222,0.996692118,no signal,inconsistent,no signal - inconsistent,2.739571371,0.041885391
svodevelopment,svodevelopment,2.0,,1,LK,Individual submissions,Social Psychology,Social value orientation,social value orientation (TDM); secure attachment (ECR-R); sample 1,prosocials have a higher level of secure attachment than competitors,,,,,only 458 participants in the original paper and 1279 in sample 1 were included in the analysis because of unclassified participants by TDM; number of competitors was very low.,Yi Liu,45049.0,,There are more effects in the original and the replication study which are not relevant to the main hypotheses. The preregistration link was incorrect; it was the OSF link for the OSF folder.,,0.23796223,0.260665852,573,1446,"Van Lange, P. A. M., De Bruin, E., Otten, W., & Joireman, J. A. (1997).
Development of prosocial, individualistic, and competitive orientations:
Theory and preliminary evidence. Journal of Personality and Social Psychology,
73(4), 733–746. https://doi.org/10.1037/0022-3514.73.4.733 Study 1",10.1037/0022-3514.73.4.733,"Van Lange, P. A. M., De Bruin, E., Otten, W., & Joireman, J. A. (1997). Development of prosocial, individualistic, and competitive orientations: Theory and preliminary evidence. Journal of Personality and Social Psychology, 73(4), 733–746. https://doi.org/10.1037/0022-3514.73.4.733",1.0,"Liu, Y., Wang, B., & Van Lange, P. a. M. (2022). The development of social value orientation: Attachment styles, number of siblings, age, and a comparison of measures. European Journal of Personality, 37(4), 402–417.",10.1177/08902070221094216,"Liu, Y., Wang, B., & Van Lange, P. a. M. (2022). The development of social value orientation: Attachment styles, number of siblings, age, and a comparison of measures. European Journal of Personality, 37(4), 402–417. https://doi.org/10.1177/08902070221094216",,,,0.49,d,0.54,d,,,,,,,,,,,https://osf.io/g9b7c/,,2,Mturk,1,,1,1,,,,,,,,,,,Success,https://osf.io/u6zw9,2.0,3.0,1.0,1.0,3.0,2.0,3.0,1.0,3.0,3.0,"(1) the sample of the study is from the US and UK instead of the Netherlands, thus the language used in the studies is different;(2) some of the measures (e.g., SLM for SVO, AAS and ECR-R for attachment) are not the same as the original study, but we include the measures used in the original study as well; (3) the original Studies 1 and 3 were conducted in paper-and-pencil, while the current studies were conducted online",,,0.159154452,0.313756585,0.211963956,0.308076253,,,,Journal of Personality and Social Psychology,,,,,,,,,,,,,,,,,,,1997,0.001555864,8.07892E-09,0.000601193,6.88962E-24,1,signal,consistent,signal - consistent,5.79230387,0.041885391
svodevelopment,svodevelopment,2.0,,1,LK,Individual submissions,Social Psychology,Social value orientation,social value orientation (TDM); secure attachment (original); sample 1,prosocials have a higher level of secure attachment than competitors,,,,,only 458 participants in the original paper and 1279 in sample 1 were included in the analysis because of unclassified participants by TDM; number of competitors was very low.,Yi Liu,45049.0,,There are more effects in the original and the replication study which are not relevant to the main hypotheses. The preregistration link was incorrect; it was the OSF link for the OSF folder.,,0.23796223,0.049937617,573,1446,"Van Lange, P. A. M., De Bruin, E., Otten, W., & Joireman, J. A. (1997).
Development of prosocial, individualistic, and competitive orientations:
Theory and preliminary evidence. Journal of Personality and Social Psychology,
73(4), 733–746. https://doi.org/10.1037/0022-3514.73.4.733 Study 1",10.1037/0022-3514.73.4.733,"Van Lange, P. A. M., De Bruin, E., Otten, W., & Joireman, J. A. (1997). Development of prosocial, individualistic, and competitive orientations: Theory and preliminary evidence. Journal of Personality and Social Psychology, 73(4), 733–746. https://doi.org/10.1037/0022-3514.73.4.733",1.0,"Liu, Y., Wang, B., & Van Lange, P. a. M. (2022). The development of social value orientation: Attachment styles, number of siblings, age, and a comparison of measures. European Journal of Personality, 37(4), 402–417.",10.1177/08902070221094216,"Liu, Y., Wang, B., & Van Lange, P. a. M. (2022). The development of social value orientation: Attachment styles, number of siblings, age, and a comparison of measures. European Journal of Personality, 37(4), 402–417. https://doi.org/10.1177/08902070221094216",,,,0.49,d,0.1,d,,,,,,,,,,,https://osf.io/g9b7c/,,2,Mturk,1,,1,1,,,,,,,,,,,Failure,https://osf.io/u6zw9,2.0,1.0,1.0,1.0,3.0,2.0,3.0,1.0,3.0,3.0,"(1) the sample of the study is from the US and UK instead of the Netherlands, thus the language used in the studies is different;(2) some of the measures (e.g., SLM for SVO, AAS and ECR-R for attachment) are not the same as the original study, but we include the measures used in the original study as well; (3) the original Studies 1 and 3 were conducted in paper-and-pencil, while the current studies were conducted online",,,0.159154452,0.313756585,-0.001616677,0.101227161,,,,Journal of Personality and Social Psychology,,,,,,,,,,,,,,,,,,,1997,0.001555864,8.07892E-09,0.000688594,0.057632161,1,no signal,inconsistent,no signal - inconsistent,5.79230387,0.041885391
svodevelopment,svodevelopment,2.0,,1,LK,Individual submissions,Social Psychology,Social value orientation,social value orientation (TDM); secure attachment (AAS); sample 1,prosocials have a higher level of secure attachment than competitors,,,,,only 458 participants in the original paper and 1279 in sample 1 were included in the analysis because of unclassified participants by TDM; number of competitors was very low.,Yi Liu,45049.0,,There are more effects in the original and the replication study which are not relevant to the main hypotheses. The preregistration link was incorrect; it was the OSF link for the OSF folder.,,0.23796223,0.064863121,573,1446,"Van Lange, P. A. M., De Bruin, E., Otten, W., & Joireman, J. A. (1997).
Development of prosocial, individualistic, and competitive orientations:
Theory and preliminary evidence. Journal of Personality and Social Psychology,
73(4), 733–746. https://doi.org/10.1037/0022-3514.73.4.733 Study 1",10.1037/0022-3514.73.4.733,"Van Lange, P. A. M., De Bruin, E., Otten, W., & Joireman, J. A. (1997). Development of prosocial, individualistic, and competitive orientations: Theory and preliminary evidence. Journal of Personality and Social Psychology, 73(4), 733–746. https://doi.org/10.1037/0022-3514.73.4.733",1.0,"Liu, Y., Wang, B., & Van Lange, P. a. M. (2022). The development of social value orientation: Attachment styles, number of siblings, age, and a comparison of measures. European Journal of Personality, 37(4), 402–417.",10.1177/08902070221094216,"Liu, Y., Wang, B., & Van Lange, P. a. M. (2022). The development of social value orientation: Attachment styles, number of siblings, age, and a comparison of measures. European Journal of Personality, 37(4), 402–417. https://doi.org/10.1177/08902070221094216",,,,0.49,d,0.13,d,,,,,,,,,,,https://osf.io/g9b7c/,,2,Mturk,1,,1,1,,,,,,,,,,,Success,https://osf.io/u6zw9,2.0,3.0,1.0,1.0,3.0,2.0,3.0,1.0,3.0,3.0,"(1) the sample of the study is from the US and UK instead of the Netherlands, thus the language used in the studies is different;(2) some of the measures (e.g., SLM for SVO, AAS and ECR-R for attachment) are not the same as the original study, but we include the measures used in the original study as well; (3) the original Studies 1 and 3 were conducted in paper-and-pencil, while the current studies were conducted online; (4) the replication study has a larger sample size",,,0.159154452,0.313756585,0.013357653,0.116025299,,,,Journal of Personality and Social Psychology,,,,,,,,,,,,,,,,,,,1997,0.001555864,8.07892E-09,0.000686231,0.013626176,1,signal,"inconsistent, smaller","signal - inconsistent, smaller",5.79230387,0.041885391
svodevelopment,svodevelopment,2.0,,1,LK,Individual submissions,Social Psychology,Social value orientation,social value orientation (TDM); secure attachment (ECR-R); sample 1,prosocials have a higher level of secure attachment than individualists,,,,,only 458 participants in the original paper and 1279 in sample 1 were included in the analysis because of unclassified participants by TDM; number of competitors was very low.,Yi Liu,45049.0,,There are more effects in the original and the replication study which are not relevant to the main hypotheses. The preregistration link was incorrect; it was the OSF link for the OSF folder.,,0.114247023,0.094574193,573,1446,"Van Lange, P. A. M., De Bruin, E., Otten, W., & Joireman, J. A. (1997).
Development of prosocial, individualistic, and competitive orientations:
Theory and preliminary evidence. Journal of Personality and Social Psychology,
73(4), 733–746. https://doi.org/10.1037/0022-3514.73.4.733 Study 1",10.1037/0022-3514.73.4.733,"Van Lange, P. A. M., De Bruin, E., Otten, W., & Joireman, J. A. (1997). Development of prosocial, individualistic, and competitive orientations: Theory and preliminary evidence. Journal of Personality and Social Psychology, 73(4), 733–746. https://doi.org/10.1037/0022-3514.73.4.733",1.0,"Liu, Y., Wang, B., & Van Lange, P. a. M. (2022). The development of social value orientation: Attachment styles, number of siblings, age, and a comparison of measures. European Journal of Personality, 37(4), 402–417.",10.1177/08902070221094216,"Liu, Y., Wang, B., & Van Lange, P. a. M. (2022). The development of social value orientation: Attachment styles, number of siblings, age, and a comparison of measures. European Journal of Personality, 37(4), 402–417. https://doi.org/10.1177/08902070221094216",,,,0.23,d,0.19,d,,,,,,,,,,,https://osf.io/g9b7c/,,2,Mturk,1,,1,1,,,,,,,,,,,Success,https://osf.io/u6zw9,2.0,3.0,1.0,1.0,3.0,2.0,3.0,1.0,3.0,3.0,"(1) the sample of the study is from the US and UK instead of the Netherlands, thus the language used in the studies is different;(2) some of the measures (e.g., SLM for SVO, AAS and ECR-R for attachment) are not the same as the original study, but we include the measures used in the original study as well; (3) the original Studies 1 and 3 were conducted in paper-and-pencil, while the current studies were conducted online",,,0.032642559,0.194338343,0.043234844,0.145415379,,,,Journal of Personality and Social Psychology,,,,,,,,,,,,,,,,,,,1997,0.001702912,0.006185618,0.000679717,0.000316665,0.996692118,signal,consistent,signal - consistent,2.739571371,0.041885391
svodevelopment,svodevelopment,2.0,,1,LK,Individual submissions,Social Psychology,Social value orientation,social value orientation (TDM); secure attachment (original); sample 1,prosocials have a higher level of secure attachment than individualists,,,,,only 458 participants in the original paper and 1279 in sample 1 were included in the analysis because of unclassified participants by TDM; number of competitors was very low.,Yi Liu,45049.0,,There are more effects in the original and the replication study which are not relevant to the main hypotheses. The preregistration link was incorrect; it was the OSF link for the OSF folder.,,0.114247023,0.089637699,573,1446,"Van Lange, P. A. M., De Bruin, E., Otten, W., & Joireman, J. A. (1997).
Development of prosocial, individualistic, and competitive orientations:
Theory and preliminary evidence. Journal of Personality and Social Psychology,
73(4), 733–746. https://doi.org/10.1037/0022-3514.73.4.733 Study 1",10.1037/0022-3514.73.4.733,"Van Lange, P. A. M., De Bruin, E., Otten, W., & Joireman, J. A. (1997). Development of prosocial, individualistic, and competitive orientations: Theory and preliminary evidence. Journal of Personality and Social Psychology, 73(4), 733–746. https://doi.org/10.1037/0022-3514.73.4.733",1.0,"Liu, Y., Wang, B., & Van Lange, P. a. M. (2022). The development of social value orientation: Attachment styles, number of siblings, age, and a comparison of measures. European Journal of Personality, 37(4), 402–417.",10.1177/08902070221094216,"Liu, Y., Wang, B., & Van Lange, P. a. M. (2022). The development of social value orientation: Attachment styles, number of siblings, age, and a comparison of measures. European Journal of Personality, 37(4), 402–417. https://doi.org/10.1177/08902070221094216",,,,0.23,d,0.18,d,,,,,,,,,,,https://osf.io/g9b7c/,,2,Mturk,1,,1,1,,,,,,,,,,,Success,https://osf.io/u6zw9,2.0,1.0,1.0,1.0,3.0,2.0,3.0,1.0,3.0,3.0,"(1) the sample of the study is from the US and UK instead of the Netherlands, thus the language used in the studies is different;(2) some of the measures (e.g., SLM for SVO, AAS and ECR-R for attachment) are not the same as the original study, but we include the measures used in the original study as well; (3) the original Studies 1 and 3 were conducted in paper-and-pencil, while the current studies were conducted online",,,0.032642559,0.194338343,0.038264381,0.140538427,,,,Journal of Personality and Social Psychology,,,,,,,,,,,,,,,,,,,1997,0.001702912,0.006185618,0.000680965,0.000643666,0.996692118,signal,consistent,signal - consistent,2.739571371,0.041885391
svodevelopment,svodevelopment,2.0,,1,LK,Individual submissions,Social Psychology,Social value orientation,social value orientation (TDM); secure attachment (AAS); sample 1,prosocials have a higher level of secure attachment than individualists,,,,,only 458 participants in the original paper and 1279 in sample 1 were included in the analysis because of unclassified participants by TDM; number of competitors was very low.,Yi Liu,45049.0,,There are more effects in the original and the replication study which are not relevant to the main hypotheses. The preregistration link was incorrect; it was the OSF link for the OSF folder.,,0.114247023,0.079745222,573,1446,"Van Lange, P. A. M., De Bruin, E., Otten, W., & Joireman, J. A. (1997).
Development of prosocial, individualistic, and competitive orientations:
Theory and preliminary evidence. Journal of Personality and Social Psychology,
73(4), 733–746. https://doi.org/10.1037/0022-3514.73.4.733 Study 1",10.1037/0022-3514.73.4.733,"Van Lange, P. A. M., De Bruin, E., Otten, W., & Joireman, J. A. (1997). Development of prosocial, individualistic, and competitive orientations: Theory and preliminary evidence. Journal of Personality and Social Psychology, 73(4), 733–746. https://doi.org/10.1037/0022-3514.73.4.733",1.0,"Liu, Y., Wang, B., & Van Lange, P. a. M. (2022). The development of social value orientation: Attachment styles, number of siblings, age, and a comparison of measures. European Journal of Personality, 37(4), 402–417.",10.1177/08902070221094216,"Liu, Y., Wang, B., & Van Lange, P. a. M. (2022). The development of social value orientation: Attachment styles, number of siblings, age, and a comparison of measures. European Journal of Personality, 37(4), 402–417. https://doi.org/10.1177/08902070221094216",,,,0.23,d,0.16,d,,,,,,,,,,,https://osf.io/g9b7c/,,2,Mturk,1,,1,1,,,,,,,,,,,Success,https://osf.io/u6zw9,2.0,3.0,1.0,1.0,3.0,2.0,3.0,1.0,3.0,3.0,"(1) the sample of the study is from the US and UK instead of the Netherlands, thus the language used in the studies is different;(2) some of the measures (e.g., SLM for SVO, AAS and ECR-R for attachment) are not the same as the original study, but we include the measures used in the original study as well; (3) the original Studies 1 and 3 were conducted in paper-and-pencil, while the current studies were conducted online; (4) the replication study has a larger sample size",,,0.032642559,0.194338343,0.028311475,0.130757825,,,,Journal of Personality and Social Psychology,,,,,,,,,,,,,,,,,,,1997,0.001702912,0.006185618,0.000683268,0.002408328,0.996692118,signal,consistent,signal - consistent,2.739571371,0.041885391
svodevelopment2,svodevelopment2,2.0,,1,LK,Individual submissions,Social Psychology,Social value orientation,social value orientation (SLM); older siblings; sample 2,prosocials have more older siblings than competitors,,,,,only 544 participants in the original paper and 2483 in sample 2 were included in the analysis because of unclassified participants by TDM; number of competitors was very low.,Yi Liu,45049.0,,There are more effects in the original and the replication study which are not relevant to the main hypotheses. The preregistration link was incorrect; it was the OSF link for the OSF folder.,,0.024992191,0.133786376,631,2644,"Van Lange, P. A. M., De Bruin, E., Otten, W., & Joireman, J. A. (1997).
Development of prosocial, individualistic, and competitive orientations:
Theory and preliminary evidence. Journal of Personality and Social Psychology,
73(4), 733–746. https://doi.org/10.1037/0022-3514.73.4.733 Study 3",10.1037/0022-3514.73.4.733,"Van Lange, P. A. M., De Bruin, E., Otten, W., & Joireman, J. A. (1997). Development of prosocial, individualistic, and competitive orientations: Theory and preliminary evidence. Journal of Personality and Social Psychology, 73(4), 733–746. https://doi.org/10.1037/0022-3514.73.4.733",3.0,"Liu, Y., Wang, B., & Van Lange, P. a. M. (2022). The development of social value orientation: Attachment styles, number of siblings, age, and a comparison of measures. European Journal of Personality, 37(4), 402–417.",10.1177/08902070221094216,"Liu, Y., Wang, B., & Van Lange, P. a. M. (2022). The development of social value orientation: Attachment styles, number of siblings, age, and a comparison of measures. European Journal of Personality, 37(4), 402–417. https://doi.org/10.1177/08902070221094216",,,,0.05,d,-0.27,d,,,,,,,,,,,https://osf.io/g9b7c/,,2,Prolific,1,,1,1,,,,,,,,,,,OS not significant,https://osf.io/u6zw9,2.0,2.0,1.0,1.0,3.0,2.0,3.0,1.0,3.0,3.0,"(1) the sample of the study is from the US and UK instead of the Netherlands, thus the language used in the studies is different;(2) some of the measures (e.g., SLM for SVO, AAS and ECR-R for attachment) are not the same as the original study, but we include the measures used in the original study as well; (3) the original Studies 1 and 3 were conducted in paper-and-pencil, while the current studies were conducted online",,,-0.053163509,0.10284357,0.096156726,0.171034156,,,,Journal of Personality and Social Psychology,,,,,,,,,,,,,,,,,,,1997,0.001585319,0.530888835,0.000364935,4.94689E-12,0.35943755,signal,OS not significant,signal - OS not significant,0.626432962,0.039904344
svodevelopment2,svodevelopment2,2.0,,1,LK,Individual submissions,Social Psychology,Social value orientation,social value orientation (SLM); older siblings; sample 2,prosocials have more older siblings than individualists,,,,,only 544 participants in the original paper and 2483 in sample 2 were included in the analysis because of unclassified participants by TDM; number of competitors was very low.,Yi Liu,45049.0,,There are more effects in the original and the replication study which are not relevant to the main hypotheses. The preregistration link was incorrect; it was the OSF link for the OSF folder.,,0.138647845,0.044954507,631,2644,"Van Lange, P. A. M., De Bruin, E., Otten, W., & Joireman, J. A. (1997).
Development of prosocial, individualistic, and competitive orientations:
Theory and preliminary evidence. Journal of Personality and Social Psychology,
73(4), 733–746. https://doi.org/10.1037/0022-3514.73.4.733 Study 3",10.1037/0022-3514.73.4.733,"Van Lange, P. A. M., De Bruin, E., Otten, W., & Joireman, J. A. (1997). Development of prosocial, individualistic, and competitive orientations: Theory and preliminary evidence. Journal of Personality and Social Psychology, 73(4), 733–746. https://doi.org/10.1037/0022-3514.73.4.733",3.0,"Liu, Y., Wang, B., & Van Lange, P. a. M. (2022). The development of social value orientation: Attachment styles, number of siblings, age, and a comparison of measures. European Journal of Personality, 37(4), 402–417.",10.1177/08902070221094216,"Liu, Y., Wang, B., & Van Lange, P. a. M. (2022). The development of social value orientation: Attachment styles, number of siblings, age, and a comparison of measures. European Journal of Personality, 37(4), 402–417. https://doi.org/10.1177/08902070221094216",,,,0.28,d,0.09,d,,,,,,,,,,,https://osf.io/g9b7c/,,2,Prolific,1,,1,1,,,,,,,,,,,Success,https://osf.io/u6zw9,2.0,2.0,1.0,1.0,3.0,2.0,3.0,1.0,3.0,3.0,"(1) the sample of the study is from the US and UK instead of the Netherlands, thus the language used in the studies is different;(2) some of the measures (e.g., SLM for SVO, AAS and ECR-R for attachment) are not the same as the original study, but we include the measures used in the original study as well; (3) the original Studies 1 and 3 were conducted in paper-and-pencil, while the current studies were conducted online",,,0.061258776,0.214379876,0.006846195,0.082932432,,,,Journal of Personality and Social Psychology,,,,,,,,,,,,,,,,,,,1997,0.001526862,0.000478036,0.00037683,0.020798131,0.999999984,signal,"inconsistent, smaller","signal - inconsistent, smaller",3.497029124,0.039904344
svodevelopment2,svodevelopment2,2.0,,1,LK,Individual submissions,Social Psychology,Social value orientation,social value orientation (SLM); sister; sample 2,prosocials have more sisters than competitors,,,,,only 544 participants in the original paper and 2483 in sample 2 were included in the analysis because of unclassified participants by TDM; number of competitors was very low.,Yi Liu,45049.0,,There are more effects in the original and the replication study which are not relevant to the main hypotheses. The preregistration link was incorrect; it was the OSF link for the OSF folder.,,0.138647845,0.282945147,631,2644,"Van Lange, P. A. M., De Bruin, E., Otten, W., & Joireman, J. A. (1997).
Development of prosocial, individualistic, and competitive orientations:
Theory and preliminary evidence. Journal of Personality and Social Psychology,
73(4), 733–746. https://doi.org/10.1037/0022-3514.73.4.733 Study 3",10.1037/0022-3514.73.4.733,"Van Lange, P. A. M., De Bruin, E., Otten, W., & Joireman, J. A. (1997). Development of prosocial, individualistic, and competitive orientations: Theory and preliminary evidence. Journal of Personality and Social Psychology, 73(4), 733–746. https://doi.org/10.1037/0022-3514.73.4.733",3.0,"Liu, Y., Wang, B., & Van Lange, P. a. M. (2022). The development of social value orientation: Attachment styles, number of siblings, age, and a comparison of measures. European Journal of Personality, 37(4), 402–417.",10.1177/08902070221094216,"Liu, Y., Wang, B., & Van Lange, P. a. M. (2022). The development of social value orientation: Attachment styles, number of siblings, age, and a comparison of measures. European Journal of Personality, 37(4), 402–417. https://doi.org/10.1177/08902070221094216",,,,0.28,d,-0.59,d,,,,,,,,,,,https://osf.io/g9b7c/,,2,Prolific,1,,1,1,,,,,,,,,,,Success,https://osf.io/u6zw9,2.0,2.0,1.0,1.0,3.0,2.0,3.0,1.0,3.0,3.0,"(1) the sample of the study is from the US and UK instead of the Netherlands, thus the language used in the studies is different;(2) some of the measures (e.g., SLM for SVO, AAS and ECR-R for attachment) are not the same as the original study, but we include the measures used in the original study as well; (3) the original Studies 1 and 3 were conducted in paper-and-pencil, while the current studies were conducted online",,,0.061258776,0.214379876,0.24749455,0.317639173,,,,Journal of Personality and Social Psychology,,,,,,,,,,,,,,,,,,,1997,0.001526862,0.000478036,0.000320202,7.32724E-50,0.999999984,signal,"inconsistent, larger","signal - inconsistent, larger",3.497029124,0.039904344
svodevelopment2,svodevelopment2,2.0,,1,LK,Individual submissions,Social Psychology,Social value orientation,social value orientation (SLM); sister; sample 2,prosocials have more sisters than individualists,,,,,only 544 participants in the original paper and 2483 in sample 2 were included in the analysis because of unclassified participants by TDM; number of competitors was very low.,Yi Liu,45049.0,,There are more effects in the original and the replication study which are not relevant to the main hypotheses. The preregistration link was incorrect; it was the OSF link for the OSF folder.,,0.157990501,0.029986509,631,2644,"Van Lange, P. A. M., De Bruin, E., Otten, W., & Joireman, J. A. (1997).
Development of prosocial, individualistic, and competitive orientations:
Theory and preliminary evidence. Journal of Personality and Social Psychology,
73(4), 733–746. https://doi.org/10.1037/0022-3514.73.4.733 Study 3",10.1037/0022-3514.73.4.733,"Van Lange, P. A. M., De Bruin, E., Otten, W., & Joireman, J. A. (1997). Development of prosocial, individualistic, and competitive orientations: Theory and preliminary evidence. Journal of Personality and Social Psychology, 73(4), 733–746. https://doi.org/10.1037/0022-3514.73.4.733",3.0,"Liu, Y., Wang, B., & Van Lange, P. a. M. (2022). The development of social value orientation: Attachment styles, number of siblings, age, and a comparison of measures. European Journal of Personality, 37(4), 402–417.",10.1177/08902070221094216,"Liu, Y., Wang, B., & Van Lange, P. a. M. (2022). The development of social value orientation: Attachment styles, number of siblings, age, and a comparison of measures. European Journal of Personality, 37(4), 402–417. https://doi.org/10.1177/08902070221094216",,,,0.32,d,0.06,d,,,,,,,,,,,https://osf.io/g9b7c/,,2,Prolific,1,,1,1,,,,,,,,,,,Failure,https://osf.io/u6zw9,2.0,2.0,1.0,1.0,3.0,2.0,3.0,1.0,3.0,3.0,"(1) the sample of the study is from the US and UK instead of the Netherlands, thus the language used in the studies is different;(2) some of the measures (e.g., SLM for SVO, AAS and ECR-R for attachment) are not the same as the original study, but we include the measures used in the original study as well; (3) the original Studies 1 and 3 were conducted in paper-and-pencil, while the current studies were conducted online",,,0.080936573,0.233167201,-0.008142843,0.06802879,,,,Journal of Personality and Social Psychology,,,,,,,,,,,,,,,,,,,1997,0.001509049,6.72342E-05,0.000377678,0.123190516,1,no signal,inconsistent,no signal - inconsistent,3.992675057,0.039904344
svodevelopment2,svodevelopment2,2.0,,1,LK,Individual submissions,Social Psychology,Social value orientation,social value orientation (SLM); total siblings; sample 2,prosocials have more siblings than competitors,,,,,only 544 participants in the original paper and 2483 in sample 2 were included in the analysis because of unclassified participants by TDM; number of competitors was very low.,Yi Liu,45049.0,,There are more effects in the original and the replication study which are not relevant to the main hypotheses. The preregistration link was incorrect; it was the OSF link for the OSF folder.,,0.109340479,0.326136346,631,2644,"Van Lange, P. A. M., De Bruin, E., Otten, W., & Joireman, J. A. (1997).
Development of prosocial, individualistic, and competitive orientations:
Theory and preliminary evidence. Journal of Personality and Social Psychology,
73(4), 733–746. https://doi.org/10.1037/0022-3514.73.4.733 Study 3",10.1037/0022-3514.73.4.733,"Van Lange, P. A. M., De Bruin, E., Otten, W., & Joireman, J. A. (1997). Development of prosocial, individualistic, and competitive orientations: Theory and preliminary evidence. Journal of Personality and Social Psychology, 73(4), 733–746. https://doi.org/10.1037/0022-3514.73.4.733",3.0,"Liu, Y., Wang, B., & Van Lange, P. a. M. (2022). The development of social value orientation: Attachment styles, number of siblings, age, and a comparison of measures. European Journal of Personality, 37(4), 402–417.",10.1177/08902070221094216,"Liu, Y., Wang, B., & Van Lange, P. a. M. (2022). The development of social value orientation: Attachment styles, number of siblings, age, and a comparison of measures. European Journal of Personality, 37(4), 402–417. https://doi.org/10.1177/08902070221094216",,,,0.22,d,-0.69,d,,,,,,,,,,,https://osf.io/g9b7c/,,2,Prolific,1,,1,1,,,,,,,,,,,Success,https://osf.io/u6zw9,2.0,2.0,1.0,1.0,3.0,2.0,3.0,1.0,3.0,3.0,"(1) the sample of the study is from the US and UK instead of the Netherlands, thus the language used in the studies is different;(2) some of the measures (e.g., SLM for SVO, AAS and ECR-R for attachment) are not the same as the original study, but we include the measures used in the original study as well; (3) the original Studies 1 and 3 were conducted in paper-and-pencil, while the current studies were conducted online; (4) the replication study has a larger sample size",,,0.031557806,0.185806754,0.291642093,0.359783443,,,,Journal of Personality and Social Psychology,,,,,,,,,,,,,,,,,,,1997,0.001549575,0.005970393,0.00030215,1.44146E-66,0.999968041,signal,"inconsistent, larger","signal - inconsistent, larger",2.751063025,0.039904344
svodevelopment2,svodevelopment2,2.0,,1,LK,Individual submissions,Social Psychology,Social value orientation,social value orientation (SLM); total siblings; sample 2,prosocials have more siblings than individualists,,,,,only 544 participants in the original paper and 2483 in sample 2 were included in the analysis because of unclassified participants by TDM; number of competitors was very low.,Yi Liu,45049.0,,There are more effects in the original and the replication study which are not relevant to the main hypotheses. The preregistration link was incorrect; it was the OSF link for the OSF folder.,,0.153170954,0.059892291,631,2644,"Van Lange, P. A. M., De Bruin, E., Otten, W., & Joireman, J. A. (1997).
Development of prosocial, individualistic, and competitive orientations:
Theory and preliminary evidence. Journal of Personality and Social Psychology,
73(4), 733–746. https://doi.org/10.1037/0022-3514.73.4.733 Study 3",10.1037/0022-3514.73.4.733,"Van Lange, P. A. M., De Bruin, E., Otten, W., & Joireman, J. A. (1997). Development of prosocial, individualistic, and competitive orientations: Theory and preliminary evidence. Journal of Personality and Social Psychology, 73(4), 733–746. https://doi.org/10.1037/0022-3514.73.4.733",3.0,"Liu, Y., Wang, B., & Van Lange, P. a. M. (2022). The development of social value orientation: Attachment styles, number of siblings, age, and a comparison of measures. European Journal of Personality, 37(4), 402–417.",10.1177/08902070221094216,"Liu, Y., Wang, B., & Van Lange, P. a. M. (2022). The development of social value orientation: Attachment styles, number of siblings, age, and a comparison of measures. European Journal of Personality, 37(4), 402–417. https://doi.org/10.1177/08902070221094216",,,,0.31,d,0.12,d,,,,,,,,,,,https://osf.io/g9b7c/,,2,Prolific,1,,1,1,,,,,,,,,,,Success,https://osf.io/u6zw9,2.0,2.0,1.0,1.0,3.0,2.0,3.0,1.0,3.0,3.0,"(1) the sample of the study is from the US and UK instead of the Netherlands, thus the language used in the studies is different;(2) some of the measures (e.g., SLM for SVO, AAS and ECR-R for attachment) are not the same as the original study, but we include the measures used in the original study as well; (3) the original Studies 1 and 3 were conducted in paper-and-pencil, while the current studies were conducted online",,,0.076027896,0.228491268,0.021822069,0.097789073,,,,Journal of Personality and Social Psychology,,,,,,,,,,,,,,,,,,,1997,0.001513695,0.000112096,0.000375648,0.002063332,1,signal,"inconsistent, smaller","signal - inconsistent, smaller",3.868901312,0.039904344
svodevelopment2,svodevelopment2,2.0,,1,LK,Individual submissions,Social Psychology,Social value orientation,social value orientation (TDM); older siblings; sample 2,prosocials have more older siblings than competitors,,,,,only 544 participants in the original paper and 2483 in sample 2 were included in the analysis because of unclassified participants by TDM; number of competitors was very low.,Yi Liu,45049.0,,There are more effects in the original and the replication study which are not relevant to the main hypotheses. The preregistration link was incorrect; it was the OSF link for the OSF folder.,,0.024992191,0.004999938,631,2644,"Van Lange, P. A. M., De Bruin, E., Otten, W., & Joireman, J. A. (1997).
Development of prosocial, individualistic, and competitive orientations:
Theory and preliminary evidence. Journal of Personality and Social Psychology,
73(4), 733–746. https://doi.org/10.1037/0022-3514.73.4.733 Study 3",10.1037/0022-3514.73.4.733,"Van Lange, P. A. M., De Bruin, E., Otten, W., & Joireman, J. A. (1997). Development of prosocial, individualistic, and competitive orientations: Theory and preliminary evidence. Journal of Personality and Social Psychology, 73(4), 733–746. https://doi.org/10.1037/0022-3514.73.4.733",3.0,"Liu, Y., Wang, B., & Van Lange, P. a. M. (2022). The development of social value orientation: Attachment styles, number of siblings, age, and a comparison of measures. European Journal of Personality, 37(4), 402–417.",10.1177/08902070221094216,"Liu, Y., Wang, B., & Van Lange, P. a. M. (2022). The development of social value orientation: Attachment styles, number of siblings, age, and a comparison of measures. European Journal of Personality, 37(4), 402–417. https://doi.org/10.1177/08902070221094216",,,,0.05,d,0.01,d,,,,,,,,,,,https://osf.io/g9b7c/,,2,Prolific,1,,1,1,,,,,,,,,,,OS not significant,https://osf.io/u6zw9,1.0,1.0,1.0,1.0,3.0,2.0,3.0,1.0,3.0,3.0,"(1) the sample of the study is from the US and UK instead of the Netherlands, thus the language used in the studies is different;(2) some of the measures (e.g., SLM for SVO, AAS and ECR-R for attachment) are not the same as the original study, but we include the measures used in the original study as well; (3) the original Studies 1 and 3 were conducted in paper-and-pencil, while the current studies were conducted online",,,-0.053163509,0.10284357,-0.03312642,0.043111765,,,,Journal of Personality and Social Psychology,,,,,,,,,,,,,,,,,,,1997,0.001585319,0.530888835,0.000378339,0.797197284,0.35943755,no signal,OS not significant,no signal - OS not significant,0.626432962,0.039904344
svodevelopment2,svodevelopment2,2.0,,1,LK,Individual submissions,Social Psychology,Social value orientation,social value orientation (TDM); older siblings; sample 2,prosocials have more older siblings than individualists,,,,,only 544 participants in the original paper and 2483 in sample 2 were included in the analysis because of unclassified participants by TDM; number of competitors was very low.,Yi Liu,45049.0,,There are more effects in the original and the replication study which are not relevant to the main hypotheses. The preregistration link was incorrect; it was the OSF link for the OSF folder.,,0.138647845,0.029986509,631,2644,"Van Lange, P. A. M., De Bruin, E., Otten, W., & Joireman, J. A. (1997).
Development of prosocial, individualistic, and competitive orientations:
Theory and preliminary evidence. Journal of Personality and Social Psychology,
73(4), 733–746. https://doi.org/10.1037/0022-3514.73.4.733 Study 3",10.1037/0022-3514.73.4.733,"Van Lange, P. A. M., De Bruin, E., Otten, W., & Joireman, J. A. (1997). Development of prosocial, individualistic, and competitive orientations: Theory and preliminary evidence. Journal of Personality and Social Psychology, 73(4), 733–746. https://doi.org/10.1037/0022-3514.73.4.733",3.0,"Liu, Y., Wang, B., & Van Lange, P. a. M. (2022). The development of social value orientation: Attachment styles, number of siblings, age, and a comparison of measures. European Journal of Personality, 37(4), 402–417.",10.1177/08902070221094216,"Liu, Y., Wang, B., & Van Lange, P. a. M. (2022). The development of social value orientation: Attachment styles, number of siblings, age, and a comparison of measures. European Journal of Personality, 37(4), 402–417. https://doi.org/10.1177/08902070221094216",,,,0.28,d,0.06,d,,,,,,,,,,,https://osf.io/g9b7c/,,2,Prolific,1,,1,1,,,,,,,,,,,Failure,https://osf.io/u6zw9,1.0,1.0,1.0,1.0,3.0,2.0,3.0,1.0,3.0,3.0,"(1) the sample of the study is from the US and UK instead of the Netherlands, thus the language used in the studies is different;(2) some of the measures (e.g., SLM for SVO, AAS and ECR-R for attachment) are not the same as the original study, but we include the measures used in the original study as well; (3) the original Studies 1 and 3 were conducted in paper-and-pencil, while the current studies were conducted online; (4) the replication study has a larger sample size",,,0.061258776,0.214379876,-0.008142843,0.06802879,,,,Journal of Personality and Social Psychology,,,,,,,,,,,,,,,,,,,1997,0.001526862,0.000478036,0.000377678,0.123190516,0.999999984,no signal,inconsistent,no signal - inconsistent,3.497029124,0.039904344
svodevelopment2,svodevelopment2,2.0,,1,LK,Individual submissions,Social Psychology,Social value orientation,social value orientation (TDM); sister; sample 2,prosocials have more sisters than competitors,,,,,only 544 participants in the original paper and 2483 in sample 2 were included in the analysis because of unclassified participants by TDM; number of competitors was very low.,Yi Liu,45049.0,,There are more effects in the original and the replication study which are not relevant to the main hypotheses. The preregistration link was incorrect; it was the OSF link for the OSF folder.,,0.138647845,0.019996001,631,2644,"Van Lange, P. A. M., De Bruin, E., Otten, W., & Joireman, J. A. (1997).
Development of prosocial, individualistic, and competitive orientations:
Theory and preliminary evidence. Journal of Personality and Social Psychology,
73(4), 733–746. https://doi.org/10.1037/0022-3514.73.4.733 Study 3",10.1037/0022-3514.73.4.733,"Van Lange, P. A. M., De Bruin, E., Otten, W., & Joireman, J. A. (1997). Development of prosocial, individualistic, and competitive orientations: Theory and preliminary evidence. Journal of Personality and Social Psychology, 73(4), 733–746. https://doi.org/10.1037/0022-3514.73.4.733",3.0,"Liu, Y., Wang, B., & Van Lange, P. a. M. (2022). The development of social value orientation: Attachment styles, number of siblings, age, and a comparison of measures. European Journal of Personality, 37(4), 402–417.",10.1177/08902070221094216,"Liu, Y., Wang, B., & Van Lange, P. a. M. (2022). The development of social value orientation: Attachment styles, number of siblings, age, and a comparison of measures. European Journal of Personality, 37(4), 402–417. https://doi.org/10.1177/08902070221094216",,,,0.28,d,0.04,d,,,,,,,,,,,https://osf.io/g9b7c/,,2,Prolific,1,,1,1,,,,,,,,,,,Failure,https://osf.io/u6zw9,1.0,1.0,1.0,1.0,3.0,2.0,3.0,1.0,3.0,3.0,"(1) the sample of the study is from the US and UK instead of the Netherlands, thus the language used in the studies is different;(2) some of the measures (e.g., SLM for SVO, AAS and ECR-R for attachment) are not the same as the original study, but we include the measures used in the original study as well; (3) the original Studies 1 and 3 were conducted in paper-and-pencil, while the current studies were conducted online",,,0.061258776,0.214379876,-0.018137868,0.05807178,,,,Journal of Personality and Social Psychology,,,,,,,,,,,,,,,,,,,1997,0.001526862,0.000478036,0.000378055,0.304040272,0.999999984,no signal,inconsistent,no signal - inconsistent,3.497029124,0.039904344
svodevelopment2,svodevelopment2,2.0,,1,LK,Individual submissions,Social Psychology,Social value orientation,social value orientation (TDM); sister; sample 2,prosocials have more sisters than individualists,,,,,only 544 participants in the original paper and 2483 in sample 2 were included in the analysis because of unclassified participants by TDM; number of competitors was very low.,Yi Liu,45049.0,,There are more effects in the original and the replication study which are not relevant to the main hypotheses. The preregistration link was incorrect; it was the OSF link for the OSF folder.,,0.157990501,0.059892291,631,2644,"Van Lange, P. A. M., De Bruin, E., Otten, W., & Joireman, J. A. (1997).
Development of prosocial, individualistic, and competitive orientations:
Theory and preliminary evidence. Journal of Personality and Social Psychology,
73(4), 733–746. https://doi.org/10.1037/0022-3514.73.4.733 Study 3",10.1037/0022-3514.73.4.733,"Van Lange, P. A. M., De Bruin, E., Otten, W., & Joireman, J. A. (1997). Development of prosocial, individualistic, and competitive orientations: Theory and preliminary evidence. Journal of Personality and Social Psychology, 73(4), 733–746. https://doi.org/10.1037/0022-3514.73.4.733",3.0,"Liu, Y., Wang, B., & Van Lange, P. a. M. (2022). The development of social value orientation: Attachment styles, number of siblings, age, and a comparison of measures. European Journal of Personality, 37(4), 402–417.",10.1177/08902070221094216,"Liu, Y., Wang, B., & Van Lange, P. a. M. (2022). The development of social value orientation: Attachment styles, number of siblings, age, and a comparison of measures. European Journal of Personality, 37(4), 402–417. https://doi.org/10.1177/08902070221094216",,,,0.32,d,0.12,d,,,,,,,,,,,https://osf.io/g9b7c/,,2,Prolific,1,,1,1,,,,,,,,,,,Success,https://osf.io/u6zw9,1.0,1.0,1.0,1.0,3.0,2.0,3.0,1.0,3.0,3.0,"(1) the sample of the study is from the US and UK instead of the Netherlands, thus the language used in the studies is different;(2) some of the measures (e.g., SLM for SVO, AAS and ECR-R for attachment) are not the same as the original study, but we include the measures used in the original study as well; (3) the original Studies 1 and 3 were conducted in paper-and-pencil, while the current studies were conducted online",,,0.080936573,0.233167201,0.021822069,0.097789073,,,,Journal of Personality and Social Psychology,,,,,,,,,,,,,,,,,,,1997,0.001509049,6.72342E-05,0.000375648,0.002063332,1,signal,"inconsistent, smaller","signal - inconsistent, smaller",3.992675057,0.039904344
svodevelopment2,svodevelopment2,2.0,,1,LK,Individual submissions,Social Psychology,Social value orientation,social value orientation (TDM); total siblings; sample 2,prosocials have more siblings than competitors,,,,,only 544 participants in the original paper and 2483 in sample 2 were included in the analysis because of unclassified participants by TDM; number of competitors was very low.,Yi Liu,45049.0,,There are more effects in the original and the replication study which are not relevant to the main hypotheses. The preregistration link was incorrect; it was the OSF link for the OSF folder.,,0.109340479,0.014998313,631,2644,"Van Lange, P. A. M., De Bruin, E., Otten, W., & Joireman, J. A. (1997).
Development of prosocial, individualistic, and competitive orientations:
Theory and preliminary evidence. Journal of Personality and Social Psychology,
73(4), 733–746. https://doi.org/10.1037/0022-3514.73.4.733 Study 3",10.1037/0022-3514.73.4.733,"Van Lange, P. A. M., De Bruin, E., Otten, W., & Joireman, J. A. (1997). Development of prosocial, individualistic, and competitive orientations: Theory and preliminary evidence. Journal of Personality and Social Psychology, 73(4), 733–746. https://doi.org/10.1037/0022-3514.73.4.733",3.0,"Liu, Y., Wang, B., & Van Lange, P. a. M. (2022). The development of social value orientation: Attachment styles, number of siblings, age, and a comparison of measures. European Journal of Personality, 37(4), 402–417.",10.1177/08902070221094216,"Liu, Y., Wang, B., & Van Lange, P. a. M. (2022). The development of social value orientation: Attachment styles, number of siblings, age, and a comparison of measures. European Journal of Personality, 37(4), 402–417. https://doi.org/10.1177/08902070221094216",,,,0.22,d,0.03,d,,,,,,,,,,,https://osf.io/g9b7c/,,2,Prolific,1,,1,1,,,,,,,,,,,Failure,https://osf.io/u6zw9,1.0,1.0,1.0,1.0,3.0,2.0,3.0,1.0,3.0,3.0,"(1) the sample of the study is from the US and UK instead of the Netherlands, thus the language used in the studies is different;(2) some of the measures (e.g., SLM for SVO, AAS and ECR-R for attachment) are not the same as the original study, but we include the measures used in the original study as well; (3) the original Studies 1 and 3 were conducted in paper-and-pencil, while the current studies were conducted online; (4) the replication study has a larger sample size",,,0.031557806,0.185806754,-0.023134958,0.053088005,,,,Journal of Personality and Social Psychology,,,,,,,,,,,,,,,,,,,1997,0.001549575,0.005970393,0.000378188,0.440772416,0.999968041,no signal,inconsistent,no signal - inconsistent,2.751063025,0.039904344
svodevelopment2,svodevelopment2,2.0,,1,LK,Individual submissions,Social Psychology,Social value orientation,social value orientation (TDM); total siblings; sample 2,prosocials have more siblings than individualists,,,,,only 544 participants in the original paper and 2483 in sample 2 were included in the analysis because of unclassified participants by TDM; number of competitors was very low.,Yi Liu,45049.0,,There are more effects in the original and the replication study which are not relevant to the main hypotheses. The preregistration link was incorrect; it was the OSF link for the OSF folder.,,0.153170954,0.064863121,631,2644,"Van Lange, P. A. M., De Bruin, E., Otten, W., & Joireman, J. A. (1997).
Development of prosocial, individualistic, and competitive orientations:
Theory and preliminary evidence. Journal of Personality and Social Psychology,
73(4), 733–746. https://doi.org/10.1037/0022-3514.73.4.733 Study 3",10.1037/0022-3514.73.4.733,"Van Lange, P. A. M., De Bruin, E., Otten, W., & Joireman, J. A. (1997). Development of prosocial, individualistic, and competitive orientations: Theory and preliminary evidence. Journal of Personality and Social Psychology, 73(4), 733–746. https://doi.org/10.1037/0022-3514.73.4.733",3.0,"Liu, Y., Wang, B., & Van Lange, P. a. M. (2022). The development of social value orientation: Attachment styles, number of siblings, age, and a comparison of measures. European Journal of Personality, 37(4), 402–417.",10.1177/08902070221094216,"Liu, Y., Wang, B., & Van Lange, P. a. M. (2022). The development of social value orientation: Attachment styles, number of siblings, age, and a comparison of measures. European Journal of Personality, 37(4), 402–417. https://doi.org/10.1177/08902070221094216",,,,0.31,d,0.13,d,,,,,,,,,,,https://osf.io/g9b7c/,,2,Prolific,1,,1,1,,,,,,,,,,,Success,https://osf.io/u6zw9,1.0,1.0,1.0,1.0,3.0,2.0,3.0,1.0,3.0,3.0,"(1) the sample of the study is from the US and UK instead of the Netherlands, thus the language used in the studies is different;(2) some of the measures (e.g., SLM for SVO, AAS and ECR-R for attachment) are not the same as the original study, but we include the measures used in the original study as well; (3) the original Studies 1 and 3 were conducted in paper-and-pencil, while the current studies were conducted online",,,0.076027896,0.228491268,0.026809365,0.102729159,,,,Journal of Personality and Social Psychology,,,,,,,,,,,,,,,,,,,1997,0.001513695,0.000112096,0.000375181,0.000846305,1,signal,"inconsistent, smaller","signal - inconsistent, smaller",3.868901312,0.039904344
svodevelopment,svodevelopment,2.0,,1,LK,Individual submissions,Social Psychology,Social value orientation,social value orientation (SLM); older siblings; sample 1,prosocials have more older siblings than competitors,,,,,only 544 participants in the original paper were included in the analysis because of unclassified participants by TDM; number of competitors was very low.,Yi Liu,45049.0,,There are more effects in the original and the replication study which are not relevant to the main hypotheses. The preregistration link was incorrect; it was the OSF link for the OSF folder.,,0.024992191,0.172380332,631,1446,"Van Lange, P. A. M., De Bruin, E., Otten, W., & Joireman, J. A. (1997).
Development of prosocial, individualistic, and competitive orientations:
Theory and preliminary evidence. Journal of Personality and Social Psychology,
73(4), 733–746. https://doi.org/10.1037/0022-3514.73.4.733 Study 3",10.1037/0022-3514.73.4.733,"Van Lange, P. A. M., De Bruin, E., Otten, W., & Joireman, J. A. (1997). Development of prosocial, individualistic, and competitive orientations: Theory and preliminary evidence. Journal of Personality and Social Psychology, 73(4), 733–746. https://doi.org/10.1037/0022-3514.73.4.733",3.0,"Liu, Y., Wang, B., & Van Lange, P. a. M. (2022). The development of social value orientation: Attachment styles, number of siblings, age, and a comparison of measures. European Journal of Personality, 37(4), 402–417.",10.1177/08902070221094216,"Liu, Y., Wang, B., & Van Lange, P. a. M. (2022). The development of social value orientation: Attachment styles, number of siblings, age, and a comparison of measures. European Journal of Personality, 37(4), 402–417. https://doi.org/10.1177/08902070221094216",,,,0.05,d,-0.35,d,,,,,,,,,,,https://osf.io/g9b7c/,,2,Mturk,1,,1,1,,,,,,,,,,,OS not significant,https://osf.io/u6zw9,2.0,2.0,1.0,1.0,3.0,2.0,3.0,1.0,3.0,3.0,"(1) the sample of the study is from the US and UK instead of the Netherlands, thus the language used in the studies is different;(2) some of the measures (e.g., SLM for SVO, AAS and ECR-R for attachment) are not the same as the original study, but we include the measures used in the original study as well; (3) the original Studies 1 and 3 were conducted in paper-and-pencil, while the current studies were conducted online",,,-0.053163509,0.10284357,0.121913552,0.221958093,,,,Journal of Personality and Social Psychology,,,,,,,,,,,,,,,,,,,1997,0.001585319,0.530888835,0.000651525,4.14572E-11,0.24355118,signal,OS not significant,signal - OS not significant,0.626432962,0.039904344
svodevelopment,svodevelopment,2.0,,1,LK,Individual submissions,Social Psychology,Social value orientation,social value orientation (SLM); older siblings; sample 1,prosocials have more older siblings than individualists,,,,,only 544 participants in the original paper were included in the analysis because of unclassified participants by TDM; number of competitors was very low.,Yi Liu,45049.0,,There are more effects in the original and the replication study which are not relevant to the main hypotheses. The preregistration link was incorrect; it was the OSF link for the OSF folder.,,0.138647845,0.039968038,631,1446,"Van Lange, P. A. M., De Bruin, E., Otten, W., & Joireman, J. A. (1997).
Development of prosocial, individualistic, and competitive orientations:
Theory and preliminary evidence. Journal of Personality and Social Psychology,
73(4), 733–746. https://doi.org/10.1037/0022-3514.73.4.733 Study 3",10.1037/0022-3514.73.4.733,"Van Lange, P. A. M., De Bruin, E., Otten, W., & Joireman, J. A. (1997). Development of prosocial, individualistic, and competitive orientations: Theory and preliminary evidence. Journal of Personality and Social Psychology, 73(4), 733–746. https://doi.org/10.1037/0022-3514.73.4.733",3.0,"Liu, Y., Wang, B., & Van Lange, P. a. M. (2022). The development of social value orientation: Attachment styles, number of siblings, age, and a comparison of measures. European Journal of Personality, 37(4), 402–417.",10.1177/08902070221094216,"Liu, Y., Wang, B., & Van Lange, P. a. M. (2022). The development of social value orientation: Attachment styles, number of siblings, age, and a comparison of measures. European Journal of Personality, 37(4), 402–417. https://doi.org/10.1177/08902070221094216",,,,0.28,d,0.08,d,,,,,,,,,,,https://osf.io/g9b7c/,,2,Mturk,1,,1,1,,,,,,,,,,,Failure,https://osf.io/u6zw9,2.0,2.0,1.0,1.0,3.0,2.0,3.0,1.0,3.0,3.0,"(1) the sample of the study is from the US and UK instead of the Netherlands, thus the language used in the studies is different;(2) some of the measures (e.g., SLM for SVO, AAS and ECR-R for attachment) are not the same as the original study, but we include the measures used in the original study as well; (3) the original Studies 1 and 3 were conducted in paper-and-pencil, while the current studies were conducted online",,,0.061258776,0.214379876,-0.011606006,0.091329998,,,,Journal of Personality and Social Psychology,,,,,,,,,,,,,,,,,,,1997,0.001526862,0.000478036,0.000689832,0.128729895,0.999872871,no signal,inconsistent,no signal - inconsistent,3.497029124,0.039904344
svodevelopment,svodevelopment,2.0,,1,LK,Individual submissions,Social Psychology,Social value orientation,social value orientation (SLM); sister; sample 1,prosocials have more sisters than competitors,,,,,only 544 participants in the original paper were included in the analysis because of unclassified participants by TDM; number of competitors was very low.,Yi Liu,45049.0,,There are more effects in the original and the replication study which are not relevant to the main hypotheses. The preregistration link was incorrect; it was the OSF link for the OSF folder.,,0.138647845,0.296098771,631,1446,"Van Lange, P. A. M., De Bruin, E., Otten, W., & Joireman, J. A. (1997).
Development of prosocial, individualistic, and competitive orientations:
Theory and preliminary evidence. Journal of Personality and Social Psychology,
73(4), 733–746. https://doi.org/10.1037/0022-3514.73.4.733 Study 3",10.1037/0022-3514.73.4.733,"Van Lange, P. A. M., De Bruin, E., Otten, W., & Joireman, J. A. (1997). Development of prosocial, individualistic, and competitive orientations: Theory and preliminary evidence. Journal of Personality and Social Psychology, 73(4), 733–746. https://doi.org/10.1037/0022-3514.73.4.733",3.0,"Liu, Y., Wang, B., & Van Lange, P. a. M. (2022). The development of social value orientation: Attachment styles, number of siblings, age, and a comparison of measures. European Journal of Personality, 37(4), 402–417.",10.1177/08902070221094216,"Liu, Y., Wang, B., & Van Lange, P. a. M. (2022). The development of social value orientation: Attachment styles, number of siblings, age, and a comparison of measures. European Journal of Personality, 37(4), 402–417. https://doi.org/10.1177/08902070221094216",,,,0.28,d,-0.62,d,,,,,,,,,,,https://osf.io/g9b7c/,,2,Mturk,1,,1,1,,,,,,,,,,,Success,https://osf.io/u6zw9,2.0,2.0,1.0,1.0,3.0,2.0,3.0,1.0,3.0,3.0,"(1) the sample of the study is from the US and UK instead of the Netherlands, thus the language used in the studies is different;(2) some of the measures (e.g., SLM for SVO, AAS and ECR-R for attachment) are not the same as the original study, but we include the measures used in the original study as well; (3) the original Studies 1 and 3 were conducted in paper-and-pencil, while the current studies were conducted online",,,0.061258776,0.214379876,0.248339273,0.342422194,,,,Journal of Personality and Social Psychology,,,,,,,,,,,,,,,,,,,1997,0.001526862,0.000478036,0.000576012,1.19054E-30,0.999872871,signal,"inconsistent, larger","signal - inconsistent, larger",3.497029124,0.039904344
svodevelopment,svodevelopment,2.0,,1,LK,Individual submissions,Social Psychology,Social value orientation,social value orientation (SLM); sister; sample 1,prosocials have more sisters than individualists,,,,,only 544 participants in the original paper were included in the analysis because of unclassified participants by TDM; number of competitors was very low.,Yi Liu,45049.0,,There are more effects in the original and the replication study which are not relevant to the main hypotheses. The preregistration link was incorrect; it was the OSF link for the OSF folder.,,0.157990501,0.074789948,631,1446,"Van Lange, P. A. M., De Bruin, E., Otten, W., & Joireman, J. A. (1997).
Development of prosocial, individualistic, and competitive orientations:
Theory and preliminary evidence. Journal of Personality and Social Psychology,
73(4), 733–746. https://doi.org/10.1037/0022-3514.73.4.733 Study 3",10.1037/0022-3514.73.4.733,"Van Lange, P. A. M., De Bruin, E., Otten, W., & Joireman, J. A. (1997). Development of prosocial, individualistic, and competitive orientations: Theory and preliminary evidence. Journal of Personality and Social Psychology, 73(4), 733–746. https://doi.org/10.1037/0022-3514.73.4.733",3.0,"Liu, Y., Wang, B., & Van Lange, P. a. M. (2022). The development of social value orientation: Attachment styles, number of siblings, age, and a comparison of measures. European Journal of Personality, 37(4), 402–417.",10.1177/08902070221094216,"Liu, Y., Wang, B., & Van Lange, P. a. M. (2022). The development of social value orientation: Attachment styles, number of siblings, age, and a comparison of measures. European Journal of Personality, 37(4), 402–417. https://doi.org/10.1177/08902070221094216",,,,0.32,d,0.15,d,,,,,,,,,,,https://osf.io/g9b7c/,,2,Mturk,1,,1,1,,,,,,,,,,,Success,https://osf.io/u6zw9,2.0,2.0,1.0,1.0,3.0,2.0,3.0,1.0,3.0,3.0,"(1) the sample of the study is from the US and UK instead of the Netherlands, thus the language used in the studies is different;(2) some of the measures (e.g., SLM for SVO, AAS and ECR-R for attachment) are not the same as the original study, but we include the measures used in the original study as well; (3) the original Studies 1 and 3 were conducted in paper-and-pencil, while the current studies were conducted online; (4) the replication study has a larger sample size",,,0.080936573,0.233167201,0.023329763,0.125854855,,,,Journal of Personality and Social Psychology,,,,,,,,,,,,,,,,,,,1997,0.001509049,6.72342E-05,0.000684321,0.00443401,0.99999482,signal,"inconsistent, smaller","signal - inconsistent, smaller",3.992675057,0.039904344
svodevelopment,svodevelopment,2.0,,1,LK,Individual submissions,Social Psychology,Social value orientation,social value orientation (SLM); total siblings; sample 1,prosocials have more siblings than competitors,,,,,only 544 participants in the original paper were included in the analysis because of unclassified participants by TDM; number of competitors was very low.,Yi Liu,45049.0,,There are more effects in the original and the replication study which are not relevant to the main hypotheses. The preregistration link was incorrect; it was the OSF link for the OSF folder.,,0.109340479,0.402738614,631,1446,"Van Lange, P. A. M., De Bruin, E., Otten, W., & Joireman, J. A. (1997).
Development of prosocial, individualistic, and competitive orientations:
Theory and preliminary evidence. Journal of Personality and Social Psychology,
73(4), 733–746. https://doi.org/10.1037/0022-3514.73.4.733 Study 3",10.1037/0022-3514.73.4.733,"Van Lange, P. A. M., De Bruin, E., Otten, W., & Joireman, J. A. (1997). Development of prosocial, individualistic, and competitive orientations: Theory and preliminary evidence. Journal of Personality and Social Psychology, 73(4), 733–746. https://doi.org/10.1037/0022-3514.73.4.733",3.0,"Liu, Y., Wang, B., & Van Lange, P. a. M. (2022). The development of social value orientation: Attachment styles, number of siblings, age, and a comparison of measures. European Journal of Personality, 37(4), 402–417.",10.1177/08902070221094216,"Liu, Y., Wang, B., & Van Lange, P. a. M. (2022). The development of social value orientation: Attachment styles, number of siblings, age, and a comparison of measures. European Journal of Personality, 37(4), 402–417. https://doi.org/10.1177/08902070221094216",,,,0.22,d,-0.88,d,,,,,,,,,,,https://osf.io/g9b7c/,,2,Mturk,1,,1,1,,,,,,,,,,,Success,https://osf.io/u6zw9,2.0,2.0,1.0,1.0,3.0,2.0,3.0,1.0,3.0,3.0,"(1) the sample of the study is from the US and UK instead of the Netherlands, thus the language used in the studies is different;(2) some of the measures (e.g., SLM for SVO, AAS and ECR-R for attachment) are not the same as the original study, but we include the measures used in the original study as well; (3) the original Studies 1 and 3 were conducted in paper-and-pencil, while the current studies were conducted online",,,0.031557806,0.185806754,0.358634168,0.445048983,,,,Journal of Personality and Social Psychology,,,,,,,,,,,,,,,,,,,1997,0.001549575,0.005970393,0.000485752,1.67286E-57,0.994244368,signal,"inconsistent, larger","signal - inconsistent, larger",2.751063025,0.039904344
svodevelopment,svodevelopment,2.0,,1,LK,Individual submissions,Social Psychology,Social value orientation,social value orientation (SLM); total siblings; sample 1,prosocials have more siblings than individualists,,,,,only 544 participants in the original paper were included in the analysis because of unclassified participants by TDM; number of competitors was very low.,Yi Liu,45049.0,,There are more effects in the original and the replication study which are not relevant to the main hypotheses. The preregistration link was incorrect; it was the OSF link for the OSF folder.,,0.153170954,0.079745222,631,1446,"Van Lange, P. A. M., De Bruin, E., Otten, W., & Joireman, J. A. (1997).
Development of prosocial, individualistic, and competitive orientations:
Theory and preliminary evidence. Journal of Personality and Social Psychology,
73(4), 733–746. https://doi.org/10.1037/0022-3514.73.4.733 Study 3",10.1037/0022-3514.73.4.733,"Van Lange, P. A. M., De Bruin, E., Otten, W., & Joireman, J. A. (1997). Development of prosocial, individualistic, and competitive orientations: Theory and preliminary evidence. Journal of Personality and Social Psychology, 73(4), 733–746. https://doi.org/10.1037/0022-3514.73.4.733",3.0,"Liu, Y., Wang, B., & Van Lange, P. a. M. (2022). The development of social value orientation: Attachment styles, number of siblings, age, and a comparison of measures. European Journal of Personality, 37(4), 402–417.",10.1177/08902070221094216,"Liu, Y., Wang, B., & Van Lange, P. a. M. (2022). The development of social value orientation: Attachment styles, number of siblings, age, and a comparison of measures. European Journal of Personality, 37(4), 402–417. https://doi.org/10.1177/08902070221094216",,,,0.31,d,0.16,d,,,,,,,,,,,https://osf.io/g9b7c/,,2,Mturk,1,,1,1,,,,,,,,,,,Success,https://osf.io/u6zw9,2.0,2.0,1.0,1.0,3.0,2.0,3.0,1.0,3.0,3.0,"(1) the sample of the study is from the US and UK instead of the Netherlands, thus the language used in the studies is different;(2) some of the measures (e.g., SLM for SVO, AAS and ECR-R for attachment) are not the same as the original study, but we include the measures used in the original study as well; (3) the original Studies 1 and 3 were conducted in paper-and-pencil, while the current studies were conducted online",,,0.076027896,0.228491268,0.028311475,0.130757825,,,,Journal of Personality and Social Psychology,,,,,,,,,,,,,,,,,,,1997,0.001513695,0.000112096,0.000683268,0.002408328,0.999987883,signal,"inconsistent, smaller","signal - inconsistent, smaller",3.868901312,0.039904344
svodevelopment,svodevelopment,2.0,,1,LK,Individual submissions,Social Psychology,Social value orientation,social value orientation (TDM); older siblings; sample 1,prosocials have more older siblings than competitors,,,,,only 544 participants in the original paper and 1279 in sample 1 were included in the analysis because of unclassified participants by TDM; number of competitors was very low.,Yi Liu,45049.0,,There are more effects in the original and the replication study which are not relevant to the main hypotheses. The preregistration link was incorrect; it was the OSF link for the OSF folder.,,0.024992191,0.024992191,631,1446,"Van Lange, P. A. M., De Bruin, E., Otten, W., & Joireman, J. A. (1997).
Development of prosocial, individualistic, and competitive orientations:
Theory and preliminary evidence. Journal of Personality and Social Psychology,
73(4), 733–746. https://doi.org/10.1037/0022-3514.73.4.733 Study 3",10.1037/0022-3514.73.4.733,"Van Lange, P. A. M., De Bruin, E., Otten, W., & Joireman, J. A. (1997). Development of prosocial, individualistic, and competitive orientations: Theory and preliminary evidence. Journal of Personality and Social Psychology, 73(4), 733–746. https://doi.org/10.1037/0022-3514.73.4.733",3.0,"Liu, Y., Wang, B., & Van Lange, P. a. M. (2022). The development of social value orientation: Attachment styles, number of siblings, age, and a comparison of measures. European Journal of Personality, 37(4), 402–417.",10.1177/08902070221094216,"Liu, Y., Wang, B., & Van Lange, P. a. M. (2022). The development of social value orientation: Attachment styles, number of siblings, age, and a comparison of measures. European Journal of Personality, 37(4), 402–417. https://doi.org/10.1177/08902070221094216",,,,0.05,d,-0.05,d,,,,,,,,,,,https://osf.io/g9b7c/,,2,Mturk,1,,1,1,,,,,,,,,,,OS not significant,https://osf.io/u6zw9,1.0,1.0,1.0,1.0,3.0,2.0,3.0,1.0,3.0,3.0,"(1) the sample of the study is from the US and UK instead of the Netherlands, thus the language used in the studies is different;(2) some of the measures (e.g., SLM for SVO, AAS and ECR-R for attachment) are not the same as the original study, but we include the measures used in the original study as well; (3) the original Studies 1 and 3 were conducted in paper-and-pencil, while the current studies were conducted online; (4) the replication study has a larger sample size",,,-0.053163509,0.10284357,-0.026592201,0.076443837,,,,Journal of Personality and Social Psychology,,,,,,,,,,,,,,,,,,,1997,0.001585319,0.530888835,0.000691177,0.342271222,0.24355118,no signal,OS not significant,no signal - OS not significant,0.626432962,0.039904344
svodevelopment,svodevelopment,2.0,,1,LK,Individual submissions,Social Psychology,Social value orientation,social value orientation (TDM); older siblings; sample 1,prosocials have more older siblings than individualists,,,,,only 544 participants in the original paper and 1279 in sample 1 were included in the analysis because of unclassified participants by TDM; number of competitors was very low.,Yi Liu,45049.0,,There are more effects in the original and the replication study which are not relevant to the main hypotheses. The preregistration link was incorrect; it was the OSF link for the OSF folder.,,0.138647845,0.024992191,631,1446,"Van Lange, P. A. M., De Bruin, E., Otten, W., & Joireman, J. A. (1997).
Development of prosocial, individualistic, and competitive orientations:
Theory and preliminary evidence. Journal of Personality and Social Psychology,
73(4), 733–746. https://doi.org/10.1037/0022-3514.73.4.733 Study 3",10.1037/0022-3514.73.4.733,"Van Lange, P. A. M., De Bruin, E., Otten, W., & Joireman, J. A. (1997). Development of prosocial, individualistic, and competitive orientations: Theory and preliminary evidence. Journal of Personality and Social Psychology, 73(4), 733–746. https://doi.org/10.1037/0022-3514.73.4.733",3.0,"Liu, Y., Wang, B., & Van Lange, P. a. M. (2022). The development of social value orientation: Attachment styles, number of siblings, age, and a comparison of measures. European Journal of Personality, 37(4), 402–417.",10.1177/08902070221094216,"Liu, Y., Wang, B., & Van Lange, P. a. M. (2022). The development of social value orientation: Attachment styles, number of siblings, age, and a comparison of measures. European Journal of Personality, 37(4), 402–417. https://doi.org/10.1177/08902070221094216",,,,0.28,d,0.05,d,,,,,,,,,,,https://osf.io/g9b7c/,,2,Mturk,1,,1,1,,,,,,,,,,,Failure,https://osf.io/u6zw9,1.0,1.0,1.0,1.0,3.0,2.0,3.0,1.0,3.0,3.0,"(1) the sample of the study is from the US and UK instead of the Netherlands, thus the language used in the studies is different;(2) some of the measures (e.g., SLM for SVO, AAS and ECR-R for attachment) are not the same as the original study, but we include the measures used in the original study as well; (3) the original Studies 1 and 3 were conducted in paper-and-pencil, while the current studies were conducted online",,,0.061258776,0.214379876,-0.026592201,0.076443837,,,,Journal of Personality and Social Psychology,,,,,,,,,,,,,,,,,,,1997,0.001526862,0.000478036,0.000691177,0.342271222,0.999872871,no signal,inconsistent,no signal - inconsistent,3.497029124,0.039904344
svodevelopment,svodevelopment,2.0,,1,LK,Individual submissions,Social Psychology,Social value orientation,social value orientation (TDM); sister; sample 1,prosocials have more sisters than competitors,,,,,only 544 participants in the original paper and 1279 in sample 1 were included in the analysis because of unclassified participants by TDM; number of competitors was very low.,Yi Liu,45049.0,,There are more effects in the original and the replication study which are not relevant to the main hypotheses. The preregistration link was incorrect; it was the OSF link for the OSF folder.,,0.138647845,0.148340453,631,1446,"Van Lange, P. A. M., De Bruin, E., Otten, W., & Joireman, J. A. (1997).
Development of prosocial, individualistic, and competitive orientations:
Theory and preliminary evidence. Journal of Personality and Social Psychology,
73(4), 733–746. https://doi.org/10.1037/0022-3514.73.4.733 Study 3",10.1037/0022-3514.73.4.733,"Van Lange, P. A. M., De Bruin, E., Otten, W., & Joireman, J. A. (1997). Development of prosocial, individualistic, and competitive orientations: Theory and preliminary evidence. Journal of Personality and Social Psychology, 73(4), 733–746. https://doi.org/10.1037/0022-3514.73.4.733",3.0,"Liu, Y., Wang, B., & Van Lange, P. a. M. (2022). The development of social value orientation: Attachment styles, number of siblings, age, and a comparison of measures. European Journal of Personality, 37(4), 402–417.",10.1177/08902070221094216,"Liu, Y., Wang, B., & Van Lange, P. a. M. (2022). The development of social value orientation: Attachment styles, number of siblings, age, and a comparison of measures. European Journal of Personality, 37(4), 402–417. https://doi.org/10.1177/08902070221094216",,,,0.28,d,-0.3,d,,,,,,,,,,,https://osf.io/g9b7c/,,2,Mturk,1,,1,1,,,,,,,,,,,Success,https://osf.io/u6zw9,1.0,1.0,1.0,1.0,3.0,2.0,3.0,1.0,3.0,3.0,"(1) the sample of the study is from the US and UK instead of the Netherlands, thus the language used in the studies is different;(2) some of the measures (e.g., SLM for SVO, AAS and ECR-R for attachment) are not the same as the original study, but we include the measures used in the original study as well; (3) the original Studies 1 and 3 were conducted in paper-and-pencil, while the current studies were conducted online",,,0.061258776,0.214379876,0.097536177,0.198373628,,,,Journal of Personality and Social Psychology,,,,,,,,,,,,,,,,,,,1997,0.001526862,0.000478036,0.00066192,1.45029E-08,0.999872871,signal,consistent,signal - consistent,3.497029124,0.039904344
svodevelopment,svodevelopment,2.0,,1,LK,Individual submissions,Social Psychology,Social value orientation,social value orientation (TDM); sister; sample 1,prosocials have more sisters than individualists,,,,,only 544 participants in the original paper and 1279 in sample 1 were included in the analysis because of unclassified participants by TDM; number of competitors was very low.,Yi Liu,45049.0,,There are more effects in the original and the replication study which are not relevant to the main hypotheses. The preregistration link was incorrect; it was the OSF link for the OSF folder.,,0.157990501,0.059892291,631,1446,"Van Lange, P. A. M., De Bruin, E., Otten, W., & Joireman, J. A. (1997).
Development of prosocial, individualistic, and competitive orientations:
Theory and preliminary evidence. Journal of Personality and Social Psychology,
73(4), 733–746. https://doi.org/10.1037/0022-3514.73.4.733 Study 3",10.1037/0022-3514.73.4.733,"Van Lange, P. A. M., De Bruin, E., Otten, W., & Joireman, J. A. (1997). Development of prosocial, individualistic, and competitive orientations: Theory and preliminary evidence. Journal of Personality and Social Psychology, 73(4), 733–746. https://doi.org/10.1037/0022-3514.73.4.733",3.0,"Liu, Y., Wang, B., & Van Lange, P. a. M. (2022). The development of social value orientation: Attachment styles, number of siblings, age, and a comparison of measures. European Journal of Personality, 37(4), 402–417.",10.1177/08902070221094216,"Liu, Y., Wang, B., & Van Lange, P. a. M. (2022). The development of social value orientation: Attachment styles, number of siblings, age, and a comparison of measures. European Journal of Personality, 37(4), 402–417. https://doi.org/10.1177/08902070221094216",,,,0.32,d,0.12,d,,,,,,,,,,,https://osf.io/g9b7c/,,2,Mturk,1,,1,1,,,,,,,,,,,Success,https://osf.io/u6zw9,1.0,1.0,1.0,1.0,3.0,2.0,3.0,1.0,3.0,3.0,"(1) the sample of the study is from the US and UK instead of the Netherlands, thus the language used in the studies is different;(2) some of the measures (e.g., SLM for SVO, AAS and ECR-R for attachment) are not the same as the original study, but we include the measures used in the original study as well; (3) the original Studies 1 and 3 were conducted in paper-and-pencil, while the current studies were conducted online; (4) the replication study has a larger sample size",,,0.080936573,0.233167201,0.008367995,0.111099408,,,,Journal of Personality and Social Psychology,,,,,,,,,,,,,,,,,,,1997,0.001509049,6.72342E-05,0.000687086,0.022752939,0.99999482,signal,"inconsistent, smaller","signal - inconsistent, smaller",3.992675057,0.039904344
svodevelopment,svodevelopment,2.0,,1,LK,Individual submissions,Social Psychology,Social value orientation,social value orientation (TDM); total siblings; sample 1,prosocials have more siblings than competitors,,,,,only 544 participants in the original paper and 1279 in sample 1 were included in the analysis because of unclassified participants by TDM; number of competitors was very low.,Yi Liu,45049.0,,There are more effects in the original and the replication study which are not relevant to the main hypotheses. The preregistration link was incorrect; it was the OSF link for the OSF folder.,,0.109340479,0.219512195,631,1446,"Van Lange, P. A. M., De Bruin, E., Otten, W., & Joireman, J. A. (1997).
Development of prosocial, individualistic, and competitive orientations:
Theory and preliminary evidence. Journal of Personality and Social Psychology,
73(4), 733–746. https://doi.org/10.1037/0022-3514.73.4.733 Study 3",10.1037/0022-3514.73.4.733,"Van Lange, P. A. M., De Bruin, E., Otten, W., & Joireman, J. A. (1997). Development of prosocial, individualistic, and competitive orientations: Theory and preliminary evidence. Journal of Personality and Social Psychology, 73(4), 733–746. https://doi.org/10.1037/0022-3514.73.4.733",3.0,"Liu, Y., Wang, B., & Van Lange, P. a. M. (2022). The development of social value orientation: Attachment styles, number of siblings, age, and a comparison of measures. European Journal of Personality, 37(4), 402–417.",10.1177/08902070221094216,"Liu, Y., Wang, B., & Van Lange, P. a. M. (2022). The development of social value orientation: Attachment styles, number of siblings, age, and a comparison of measures. European Journal of Personality, 37(4), 402–417. https://doi.org/10.1177/08902070221094216",,,,0.22,d,-0.45,d,,,,,,,,,,,https://osf.io/g9b7c/,,2,Mturk,1,,1,1,,,,,,,,,,,Success,https://osf.io/u6zw9,1.0,1.0,1.0,1.0,3.0,2.0,3.0,1.0,3.0,3.0,"(1) the sample of the study is from the US and UK instead of the Netherlands, thus the language used in the studies is different;(2) some of the measures (e.g., SLM for SVO, AAS and ECR-R for attachment) are not the same as the original study, but we include the measures used in the original study as well; (3) the original Studies 1 and 3 were conducted in paper-and-pencil, while the current studies were conducted online",,,0.031557806,0.185806754,0.169884456,0.268029339,,,,Journal of Personality and Social Psychology,,,,,,,,,,,,,,,,,,,1997,0.001549575,0.005970393,0.000626955,3.08758E-17,0.994244368,signal,"inconsistent, larger","signal - inconsistent, larger",2.751063025,0.039904344
svodevelopment,svodevelopment,2.0,,1,LK,Individual submissions,Social Psychology,Social value orientation,social value orientation (TDM); total siblings; sample 1,prosocials have more siblings than individualists,,,,,only 544 participants in the original paper and 1279 in sample 1 were included in the analysis because of unclassified participants by TDM; number of competitors was very low.,Yi Liu,45049.0,,There are more effects in the original and the replication study which are not relevant to the main hypotheses. The preregistration link was incorrect; it was the OSF link for the OSF folder.,,0.153170954,0.059892291,631,1446,"Van Lange, P. A. M., De Bruin, E., Otten, W., & Joireman, J. A. (1997).
Development of prosocial, individualistic, and competitive orientations:
Theory and preliminary evidence. Journal of Personality and Social Psychology,
73(4), 733–746. https://doi.org/10.1037/0022-3514.73.4.733 Study 3",10.1037/0022-3514.73.4.733,"Van Lange, P. A. M., De Bruin, E., Otten, W., & Joireman, J. A. (1997). Development of prosocial, individualistic, and competitive orientations: Theory and preliminary evidence. Journal of Personality and Social Psychology, 73(4), 733–746. https://doi.org/10.1037/0022-3514.73.4.733",3.0,"Liu, Y., Wang, B., & Van Lange, P. a. M. (2022). The development of social value orientation: Attachment styles, number of siblings, age, and a comparison of measures. European Journal of Personality, 37(4), 402–417.",10.1177/08902070221094216,"Liu, Y., Wang, B., & Van Lange, P. a. M. (2022). The development of social value orientation: Attachment styles, number of siblings, age, and a comparison of measures. European Journal of Personality, 37(4), 402–417. https://doi.org/10.1177/08902070221094216",,,,0.31,d,0.12,d,,,,,,,,,,,https://osf.io/g9b7c/,,2,Mturk,1,,1,1,,,,,,,,,,,Success,https://osf.io/u6zw9,1.0,1.0,1.0,1.0,3.0,2.0,3.0,1.0,3.0,3.0,"(1) the sample of the study is from the US and UK instead of the Netherlands, thus the language used in the studies is different;(2) some of the measures (e.g., SLM for SVO, AAS and ECR-R for attachment) are not the same as the original study, but we include the measures used in the original study as well; (3) the original Studies 1 and 3 were conducted in paper-and-pencil, while the current studies were conducted online",,,0.076027896,0.228491268,0.008367995,0.111099408,,,,Journal of Personality and Social Psychology,,,,,,,,,,,,,,,,,,,1997,0.001513695,0.000112096,0.000687086,0.022752939,0.999987883,signal,"inconsistent, smaller","signal - inconsistent, smaller",3.868901312,0.039904344
Manylabs2_25,,2.0,,1,LKasseckert,ML2,Psychology,,Many Labs 2,Social value orientation and family size,,,,,,Lukas Röseler,45384.0,,,,0.094574193,-0.02,631,6234,"Van Lange, P. A. M., Otten, W., De Bruin, E. M. N., & Joireman, J. A. (1997).
Development of prosocial, individualistic, and competitive orientations:
Theory and preliminary evidence. Journal of Personality and Social Psychology,
73, 733–746. doi:10.1037/0022-3514.73.4.733 Study 3",10.1037/0022-3514.73.4.733,"Van Lange, P. A. M., Otten, W., De Bruin, E. M. N., & Joireman, J. A. (1997). Development of prosocial, individualistic, and competitive orientations: Theory and preliminary evidence. Journal of Personality and Social Psychology, 73, 733–746. https://doi.org/10.1037/0022-3514.73.4.733",3.0,"Klein, R. A., Vianello, M., Hasselman, F., Adams, B. G., Adams Jr, R. B., Alper, S., ... & Sowden, W. (2018). Many Labs 2: Investigating variation in replicability across samples and settings. Advances in Methods and Practices in Psychological Science, 1(4), 443-490.",10.1177/2515245918810225,"Klein, R. A., Vianello, M., Hasselman, F., Adams, B. G., Adams Jr, R. B., Alper, S., ... & Sowden, W. (2018). Many Labs 2: Investigating variation in replicability across samples and settings. Advances in Methods and Practices in Psychological Science, 1(4), 443-490. https://doi.org/10.1177/2515245918810225",,,,0.19,d,-0.02,r,,,,,,,,,,,https://osf.io/8cd4r/,,2,manylabs2,,,0,,,,,,,,,,,,Failure,,,,,,,,,,,,,,,0.016645066,0.171361249,-0.044802226,0.004826866,,,,Journal of Personality and Social Psychology,,,,,,,,,,,,,,,,,,,1997,0.001559034,0.017487507,0.000160308,0.114346395,0.999999997,no signal,inconsistent,no signal - inconsistent,2.377126683,0.039904344
datareplicada7c,datareplicada7c,2.0,,1,LK,datareplicada,Marketing,,"entitativity, product quantity, perceived efficacy",This study examines the hypothesis that a “product would be perceived as more efficacious when represented [in an advertisement] by multiple product replicates (vs. a single product).,,,,,,"Kaiser, Leonard",45167.0,,,,0.21019671,0.049937617,87,702,"VanBergen, N., Irmak, C., & Sevilla, J. (2020). Product Entitativity: How
the Presence of Product Replicates Increases Perceived and Actual Product
Efficacy. Journal of Consumer Research, 47, 192-214. Study 1",10.1093/jcr/ucaa006,"VanBergen, N., Irmak, C., & Sevilla, J. (2020). Product Entitativity: How the Presence of Product Replicates Increases Perceived and Actual Product Efficacy. Journal of Consumer Research, 47, 192-214.",1.0,"Simmons, J. &. Nelson, L.D. (2020). [90] Data Replicada #7: Does Displaying Multiple Copies of a Product Increase Its Perceived Effectiveness? Data Colada. (Replication 3)",,"Simmons, J. &. Nelson, L.D. (2020). [90] Data Replicada #7: Does Displaying Multiple Copies of a Product Increase Its Perceived Effectiveness? Data Colada.",Replication 3,,,0.43,d,0.1,d,,,,,,,,,,,https://aspredicted.org/n5tu8.pdf,,3,7c,,,,,,,,,,,,,,,OS not significant,,,,,,,,,,,,,,,-0.000472463,0.403001055,-0.02414876,0.123478476,,,,Journal of Consumer Research,,,,,,,,,,,,,,,,,,,2020,0.010623102,0.050687307,0.001419428,0.186308714,0.999968404,no signal,OS not significant,no signal - OS not significant,1.955633792,0.109108945
datareplicada7b,datareplicada7b,2.0,,1,LK,datareplicada,Marketing,,"entitativity, product quantity, perceived efficacy",This study examines the hypothesis that a “product would be perceived as more efficacious when represented [in an advertisement] by multiple product replicates (vs. a single product).,,,,,,"Kaiser, Leonard",45167.0,,,,0.21019671,0.029986509,87,574,"VanBergen, N., Irmak, C., & Sevilla, J. (2020). Product Entitativity: How
the Presence of Product Replicates Increases Perceived and Actual Product
Efficacy. Journal of Consumer Research, 47, 192-214. Study 1",10.1093/jcr/ucaa006,"VanBergen, N., Irmak, C., & Sevilla, J. (2020). Product Entitativity: How the Presence of Product Replicates Increases Perceived and Actual Product Efficacy. Journal of Consumer Research, 47, 192-214.",1.0,"Simmons, J. &. Nelson, L.D. (2020). [90] Data Replicada #7: Does Displaying Multiple Copies of a Product Increase Its Perceived Effectiveness? Data Colada. (Replication 2)",,"Simmons, J. &. Nelson, L.D. (2020). [90] Data Replicada #7: Does Displaying Multiple Copies of a Product Increase Its Perceived Effectiveness? Data Colada.",Replication 2,,,0.43,d,-0.06,d,,,,,,,,,,,https://aspredicted.org/pw4tv.pdf,,3,7b,,,,,,,,,,,,,,,OS not significant,,,,,,,,,,,,,,,-0.000472463,0.403001055,-0.051979548,0.111551253,,,,Journal of Consumer Research,,,,,,,,,,,,,,,,,,,2020,0.010623102,0.050687307,0.001742064,0.473361226,0.99972828,no signal,OS not significant,no signal - OS not significant,1.955633792,0.109108945
datareplicada7a,datareplicada7a,2.0,,1,LK,datareplicada,Marketing,,"entitativity, product quantity, perceived efficacy",This study examines the hypothesis that a “product would be perceived as more efficacious when represented [in an advertisement] by multiple product replicates (vs. a single product).,,,,,,"Kaiser, Leonard",45167.0,,,,0.21019671,0.024992191,87,636,"VanBergen, N., Irmak, C., & Sevilla, J. (2020). Product Entitativity: How
the Presence of Product Replicates Increases Perceived and Actual Product
Efficacy. Journal of Consumer Research, 47, 192-214. Study 1",10.1093/jcr/ucaa006,"VanBergen, N., Irmak, C., & Sevilla, J. (2020). Product Entitativity: How the Presence of Product Replicates Increases Perceived and Actual Product Efficacy. Journal of Consumer Research, 47, 192-214.",1.0,"Simmons, J. &. Nelson, L.D. (2020). [90] Data Replicada #7: Does Displaying Multiple Copies of a Product Increase Its Perceived Effectiveness? Data Colada. (Replication 1)",,"Simmons, J. &. Nelson, L.D. (2020). [90] Data Replicada #7: Does Displaying Multiple Copies of a Product Increase Its Perceived Effectiveness? Data Colada.",Replication 1,,,0.43,d,0.05,d,,,,,,,,,,,https://aspredicted.org/gi726.pdf,,3,7a,,,,,,,,,,,,,,,OS not significant,,,,,,,,,,,,,,,-0.000472463,0.403001055,-0.052854876,0.102537331,,,,Journal of Consumer Research,,,,,,,,,,,,,,,,,,,2020,0.010623102,0.050687307,0.001572836,0.529259059,0.999903434,no signal,OS not significant,no signal - OS not significant,1.955633792,0.109108945
soscisubmission41,soscisubmission41,2.0,,1,LK,Individual submissions,,,"Regulatory focus theory, Self-determination theory, Need satisfaction, Need support, Goals and motivation",Participants reported higher need satisfaction in experiences of pursuing hopes than in experiences of pursuing duties (need for relatedness),,,,,,"Vaughn, Leigh Ann",45086.0,,"t(455) = 4.33, p < .001, mean difference = 0.49, 95% C.I. [0.27, 0.71], d = 0.409",,0.214861783,0.200353491,601,446,"Vaughn, L. A. (2017b). Foundational tests of the need support model: A
framework for bridging regulatory focus theory and self-determination theory.
Personality and Social Psychology Bulletin, 43, 313–328. https://doi.org/10.1177/0146167216684132,
Combined sample of Studies 1a-1c",10.1177/0146167216684132,"Vaughn, L. A. (2017b). Foundational tests of the need support model: A framework for bridging regulatory focus theory and self-determination theory. Personality and Social Psychology Bulletin, 43, 313–328. https://doi.org/10.1177/0146167216684132",1a-1c (combined samples),"Vaughn, L. A. (2019). Distinguishing Between Need Support and Regulatory Focus with LIWC. Collabra, 5(1). (Analyses of Study 2 reported in Footnote 4)",10.1525/collabra.185,"Vaughn, L. A. (2019). Distinguishing Between Need Support and Regulatory Focus with LIWC. Collabra, 5(1). https://doi.org/10.1525/collabra.185",Analyses of Study 2 reported in Footnote 4,,,0.44,d,0.409,d,,,,,,,,,,,https://osf.io/m2cyn/,,2,sosci_41,1,,1,1,,,t(590.45) = 5.37,t(455) = 4.33,"Vaughn, L. A. (2019). Distinguishing between need support and regulatory focus with LIWC. Collabra: Psychology, 5, 32. https://doi.org/10.1525/collabra.185, Analyses of Study 2 reported in Footnote 4, page 17 out of 20",,,,,,Success,This study was not preregistered.,1.0,1.0,1.0,2.0,1.0,1.0,1.0,1.0,1.0,1.0,"Vaughn's (2017) Studies 1a-1c had the same procedure through the measure of need satisfaction except that Study 1c had a mood measure on a page between where the participants wrote their description and the page containing the measure of need satisfaction.
 
 Vaughn's (2019) Study 2 Samples 1 and 2 had the same procedure through the measure of need satisfaction except that Sample 2 had a self-esteem measure on a page between where the participants wrote their description and the page containing the measure of need satisfaction.
 
 Otherwise, the procedures of Vaughn's (2017) Studies 1a-1c and Vaughn's (2019) Study 2 Samples 1 and 2 were the same through the page containing the measure of need satisfaction.",0.00151633,0.0020704,0.137242472,0.289858516,0.109538811,0.287850974,1,1,0.998,Personality and Social Psychology Bulletin,consistent,signal - consistent,0.03990461,5.38438483,,,,,,,,,,,,,,,2017,0.001516333,1.04525E-07,0.002070401,2.02034E-05,0.998432713,signal,consistent,signal - consistent,5.337409546,0.040893041
soscisubmission41,soscisubmission41,2.0,,1,LK,Individual submissions,,,"Regulatory focus theory, Self-determination theory, Need satisfaction, Need support, Goals and motivation",Participants reported higher need satisfaction in experiences of pursuing hopes than in experiences of pursuing duties (need for competence),,,,,,"Vaughn, Leigh Ann",45086.0,,"t(445) = 3.86, p < .001, mean difference = 0.37, 95% C.I. [0.18, 0.55], d = 0.365.",,0.172380332,0.179534675,601,446,"Vaughn, L. A. (2017b). Foundational tests of the need support model: A
framework for bridging regulatory focus theory and self-determination theory.
Personality and Social Psychology Bulletin, 43, 313–328. https://doi.org/10.1177/0146167216684132,
Combined sample of Studies 1a-1c",10.1177/0146167216684132,"Vaughn, L. A. (2017b). Foundational tests of the need support model: A framework for bridging regulatory focus theory and self-determination theory. Personality and Social Psychology Bulletin, 43, 313–328. https://doi.org/10.1177/0146167216684132",1a-1c (combined samples),"Vaughn, L. A. (2019). Distinguishing Between Need Support and Regulatory Focus with LIWC. Collabra, 5(1). (Analyses of Study 2 reported in Footnote 4)",10.1525/collabra.185,"Vaughn, L. A. (2019). Distinguishing Between Need Support and Regulatory Focus with LIWC. Collabra, 5(1). https://doi.org/10.1525/collabra.185",Analyses of Study 2 reported in Footnote 4,,,0.35,d,0.365,d,,,,,,,,,,,https://osf.io/m2cyn/,,2,sosci_41,1,,1,1,,,t(599) = 4.33,t(445) = 3.86,"Vaughn, L. A. (2019). Distinguishing between need support and regulatory focus with LIWC. Collabra: Psychology, 5, 32. https://doi.org/10.1525/collabra.185, Analyses of Study 2 reported in Footnote 4, page 17 out of 20",,,,,,Success,This study was not preregistered.,1.0,1.0,1.0,2.0,1.0,1.0,1.0,1.0,1.0,1.0,"Vaughn's (2017) Studies 1a-1c had the same procedure through the measure of need satisfaction except that Study 1c had a mood measure on a page between where the participants wrote their description and the page containing the measure of need satisfaction.
 
 Vaughn's (2019) Study 2 Samples 1 and 2 had the same procedure through the measure of need satisfaction except that Sample 2 had a self-esteem measure on a page between where the participants wrote their description and the page containing the measure of need satisfaction.
 
 Otherwise, the procedures of Vaughn's (2017) Studies 1a-1c and Vaughn's (2019) Study 2 Samples 1 and 2 were the same through the page containing the measure of need satisfaction.",0.00156909,0.00210466,0.093694351,0.248926196,0.08815172,0.267920837,1,1,0.979,Personality and Social Psychology Bulletin,consistent,signal - consistent,0.04024725,4.28303339,,,,,,,,,,,,,,,2017,0.001569088,2.14722E-05,0.00210466,0.000137893,0.978519742,signal,consistent,signal - consistent,4.25790933,0.040893041
soscisubmission41,soscisubmission41,2.0,,1,LK,Individual submissions,,,"Regulatory focus theory, Self-determination theory, Need satisfaction, Need support, Goals and motivation",Participants reported higher need satisfaction in experiences of pursuing hopes than in experiences of pursuing duties (need for autonomy),,,,,"I just entered this information for this effect but I didn't see it on the spreadsheet, so I am submitting it again.","Vaughn, Leigh Ann",45086.0,,"t(426.01) = 7.70, p < .001, mean difference = 0.86, 95% C.I. [0.64, 1.09], d = 0.728.",,0.387232484,0.342044842,601,446,"Vaughn, L. A. (2017b). Foundational tests of the need support model: A
framework for bridging regulatory focus theory and self-determination theory.
Personality and Social Psychology Bulletin, 43, 313–328. https://doi.org/10.1177/0146167216684132,
Combined sample of Studies 1a-1c",10.1177/0146167216684132,"Vaughn, L. A. (2017b). Foundational tests of the need support model: A framework for bridging regulatory focus theory and self-determination theory. Personality and Social Psychology Bulletin, 43, 313–328. https://doi.org/10.1177/0146167216684132",1a-1c (combined samples),"Vaughn, L. A. (2019). Distinguishing Between Need Support and Regulatory Focus with LIWC. Collabra, 5(1). (Analyses of Study 2 reported in Footnote 4)",10.1525/collabra.185,"Vaughn, L. A. (2019). Distinguishing Between Need Support and Regulatory Focus with LIWC. Collabra, 5(1). https://doi.org/10.1525/collabra.185",Analyses of Study 2 reported in Footnote 4,,,0.84,d,0.728,d,,,,,,,,,,,https://osf.io/m2cyn/,,2,sosci_41,1,,1,1,,,t(579.86) = 10.31,t(426.01) = 7.70,"Vaughn, L. A. (2019). Distinguishing between need support and regulatory focus with LIWC. Collabra: Psychology, 5, 32. https://doi.org/10.1525/collabra.185, Analyses of Study 2 reported in Footnote 4, page 17 out of 20",,,,,,Success,This study was not preregistered.,1.0,1.0,1.0,2.0,1.0,1.0,1.0,1.0,1.0,1.0,"Vaughn's (2017) Studies 1a-1c had the same procedure through the measure of need satisfaction except that Study 1c had a mood measure on a page between where the participants wrote their description and the page containing the measure of need satisfaction.
 
 Vaughn's (2019) Study 2 Samples 1 and 2 had the same procedure through the measure of need satisfaction except that Sample 2 had a self-esteem measure on a page between where the participants wrote their description and the page containing the measure of need satisfaction.
 
 Otherwise, the procedures of Vaughn's (2017) Studies 1a-1c and Vaughn's (2019) Study 2 Samples 1 and 2 were the same through the page containing the measure of need satisfaction.",0.00120431,0.00175213,0.317074567,0.453175365,0.257366253,0.421510264,1,1,1,Personality and Social Psychology Bulletin,consistent,signal - consistent,0.03767117,10.2792801,,,,,,,,,,,,,,,2017,0.001204311,6.16371E-23,0.001752131,1.09829E-13,1,signal,consistent,signal - consistent,9.99045798,0.040893041
Boyce_etal2023164,,2.0,,1,Veronica Boyce,Boyce_etal2023,Psychology,,,Women’s reactions to sexual stimuli vary with market factors,,,,,subfield: social,LR,45429.0,,,,0.22529486,-0.02900523,87,120,"Vohs, K. D., Sengupta, J., & Dahl, D. W. (2014). The price had better be
right: Women’s reactions to sexual stimuli vary with market factors. Psychological
science, 25(1), 278-283.",10.1177/0956797613502732,"Vohs, K. D., Sengupta, J., & Dahl, D. W. (2014). The price had better be right: Women’s reactions to sexual stimuli vary with market factors. Psychological science, 25(1), 278-283.",1.0,"Boyce, V., Mathur, M., & Frank, M. C. (2023). Eleven years of student replication projects provide evidence on the correlates of replicability in psychology. Royal Society Open Science, 10(11), 231240. https://doi.org/10.1098/rsos.231240",10.1098/rsos.231403,"Boyce, V., Mathur, M., & Frank, M. C. (2023). Eleven years of student replication projects provide evidence on the correlates of replicability in psychology. Royal Society Open Science, 10(11), 231240. https://doi.org/10.1098/rsos.231240",,,,,,,,,,,,,,,,,,https://osf.io/xwn9m/,,2,,,0.0,,0,,,"F(1, 83) = 7.55","F(1,36)=.56",,,,,,,Failure,,,,,,,,,,,,close,,,0.015376337,0.416191509,-0.207169508,0.151021259,,,,,,,,,,,,,,,,,,,,,,,2014,0.010477451,0.035898864,0.008389228,0.753158911,0.801006748,no signal,inconsistent,no signal - inconsistent,2.100901549,0.109108945
osc2015116,osc2015116,2.0,,1,CD,OSC 2015,,,"Crowding, Humans, Models, Statistical",Measuring the crowd within: Probabilistic representations within individuals.,,,,,only contact author listed as contributor,Vanpaemel,44927.0,,,,0.28771881,0.322727228,173,140,"Vul, E., & Pashler, H. (2008). Measuring the crowd within: Probabilistic
representations within individuals. Psychological Science, 19, 645-647.",10.1111/j.1467-9280.2008.02136.x,"Vul, E., & Pashler, H. (2008). Measuring the crowd within: Probabilistic representations within individuals. Psychological Science, 19, 645-647. https://doi.org/10.1111/j.1467-9280.2008.02136.x",,"steegen, sara, vanpaemel, wolf, tuerlinckx, francis, & Dewitte, L. (2023, September 28). Replication of Vul & Pashler (Psych Science, 2008). Retrieved from osf.io/ivfu6",10.3389/fpsyg.2014.00786,"Open Science Collaboration. (2015). Estimating the reproducibility of psychological science. Science, 349(6251), aac4716. https://doi.org/10.1126/science.aac4716","steegen, sara, vanpaemel, wolf, tuerlinckx, francis, & Dewitte, L. (2023, September 28). Replication of Vul & Pashler (Psych Science, 2008). Retrieved from osf.io/ivfu6",,,,,,,,,,,,,,,,,https://osf.io/ivfu6/,,,,,,,,,,,,,,,,,,Success,,,,,,,,,,,,,,,0.144731557,0.418935129,0.165695536,0.463798062,1,1,0.967,Psychological Science,,,,,,,,,,,,,,,,,,,2008,0.004891213,0.000123838,0.005773684,0.000100696,0.966603743,signal,consistent,signal - consistent,3.860377025,0.076696499
soscisubmission72,,2.0,,1,LK,Individual submissions,Health Psychology,Bottomless Bowls' effect,"consumption norms, eating behavior, visual cues, portion size,",Visual cues of portion size influence food intake; participants who unknowingly ate from self-refilling bowls ate more soup than did participants eating from normal (not self-refilling) bowls.,,,,,,"Pavlović, Zoran",45288.0,,,,0.387232484,0.219512195,54,464,"Wansink, B., Painter, J. E., & North, J. (2005). Bottomless bowls: why
visual cues of portion size may influence intake. Obesity research, 13(1),
93-100. https://doi.org/10.1038/oby.2005.12",10.1038/oby.2005.12,"Wansink, B., Painter, J. E., & North, J. (2005). Bottomless bowls: why visual cues of portion size may influence intake. Obesity research, 13(1), 93-100. https://doi.org/10.1038/oby.2005.12",,"Lopez, A., Choi, A. K., Dellawar, N. C., Cullen, B. C., Avila Contreras, S., Rosenfeld, D. L., & Tomiyama, A. J. (2023). Visual cues and food intake: A preregistered replication of Wansink et al.(2005). Journal of Experimental Psychology: General. Advance online publication. https://doi.org/10.1037/xge0001503",10.1037/xge0001503,"Lopez, A., Choi, A. K., Dellawar, N. C., Cullen, B. C., Avila Contreras, S., Rosenfeld, D. L., & Tomiyama, A. J. (2023). Visual cues and food intake: A preregistered replication of Wansink et al.(2005). Journal of Experimental Psychology: General. Advance online publication. https://doi.org/10.1037/xge0001503",,,,0.84,d,0.45,d,,,,,,,,,,,https://osf.io/8q647/,,2,sosci_29,1,independent,0,0,,,,,"All of the reported data (sample sizes and effect sizes) are visible in the abstract of the replication paper, Lopez et al., 2023, p. 1. It reports both the original and replication sample and effect sizes.",,,,,,Success,https://osf.io/ux42g,2.0,2.0,2.0,1.0,2.0,2.0,2.0,4.0,1.0,4.0,There were no obvious relevant differences between the original and replication study. They possibly differ in exclusion criteria and nationality of the respondents. But it is impossible to tell since these issues are not described in the original study.,0.01363371,,0.133292435,0.593459811,0.131100005,0.304460195,1,1,1,Obesity Research,,,,,,,,,,,,,,,,,,,2005,0.013633711,0.003818588,0.001956697,1.80572E-06,1,signal,"inconsistent, smaller","signal - inconsistent, smaller",2.917560654,0.140028008
OpenMKT21,,2.0,,1,LK,openmkt,Marketing,,,"The mere presence of one’s own smartphone may occupy limited-capacity cognitive resources, thereby leaving fewer resources available for other tasks and undercutting cognitive performance",,,,,,"Kaiser, Leonard",45217.0,,,,0.161245155,0.031622777,275,383,"Ward, A. F., Duke, K., Gneezy, A., & Bos, M. W. (2017). Brain drain: The
mere presence of one’s own smartphone reduces available cognitive capacity.
Journal of the Association for Consumer Research, 2(2), 140-154. Study
2",10.1086/691462,"Ward, A. F., Duke, K., Gneezy, A., & Bos, M. W. (2017). Brain drain: The mere presence of one’s own smartphone reduces available cognitive capacity. Journal of the Association for Consumer Research, 2(2), 140-154.",2.0,"Pardo, A. C. R., & Minda, J. P. (2022). Reexamining the “brain drain” effect: A replication of Ward et al.(2017). Acta Psychologica, 230, 103717.",10.1016/j.actpsy.2022.103717,"Pardo, A. C. R., & Minda, J. P. (2022). Reexamining the “brain drain” effect: A replication of Ward et al.(2017). Acta Psychologica, 230, 103717. https://doi.org/10.1016/j.actpsy.2022.103717",,,,0.026,etasq,0.001,etasq,,,,,,,,,,,https://osf.io/ubys7/,,2,,,,,,,,"F(2, 263) = 3.53","F(2, 377) = 0.10",,,,,,,Failure,,,,,,,,,,,,,,,0.043796519,0.274297511,-0.068801835,0.131412946,,,,Journal of the Association for Consumer Research,,,,,,,,,,,,,,,,,,,2017,0.003462321,0.007377109,0.002612568,0.537233792,0.937027524,no signal,inconsistent,no signal - inconsistent,2.682737046,0.060633906
osc201532,osc201532,2.0,,1,CD,OSC 2015,,,"Association Learning, Causality, Humans, Judgment, Likelihood Functions, Probability Learning, Problem Solving",Accounting for occurrences: A new view of the use of contingency information in causal judgment.,,,,,only contact author listed as contributor,Renkewitz,44927.0,,,,0.623367433,0.480717115,37,38,"White, P.A. (2008). Accounting for Occurrences: A New View of the Use of
Contingency Information in Causal Judgment. Journal of Experimental Psychology:
Learning, Memory, and Cognition, 34(1), 204–218.",10.1037/0278-7393.34.1.204,"White, P.A. (2008). Accounting for Occurrences: A New View of the Use of Contingency Information in Causal Judgment. Journal of Experimental Psychology: Learning, Memory, and Cognition, 34(1), 204–218. https://doi.org/10.1037/0278-7393.34.1.204",,"Müller, S. M., & Renkewitz, F. (2023, September 28). Replication of White (2008, JEP:LMC, Study 3). Retrieved from osf.io/rhbqj",10.1126/science.aac4716,"Open Science Collaboration. (2015). Estimating the reproducibility of psychological science. Science, 349(6251), aac4716. https://doi.org/10.1126/science.aac4716","Müller, S. M., & Renkewitz, F. (2023, September 28). Replication of White (2008, JEP:LMC, Study 3). Retrieved from osf.io/rhbqj",,,,,,,,,,,,,,,,,https://osf.io/rhbqj/,,,,,,,,,,,,,,,,,,Success,,,,,,,,,,,,,,,0.375115315,0.788186284,0.190274646,0.693781959,1,1,0.997,Journal of Experimental Psychology,,,,,,,,,,,,,,,,,,,2008,0.010384053,3.76717E-05,0.015979033,0.002251266,0.996814332,signal,consistent,signal - consistent,4.25947492,0.171498585
Boyce_etal2023166,,2.0,,1,Veronica Boyce,Boyce_etal2023,Psychology,anti-White bias,,Racial progress as threat to the status hierarchy,,,,,subfield: social,LR,45429.0,,,,0.0988171,0.15433528,168,37,"Wilkins, C. L., & Kaiser, C. R. (2014). Racial progress as threat to the
status hierarchy: Implications for perceptions of anti-White bias. Psychological
science, 25(2), 439-446.",10.1177/0956797613508412,"Wilkins, C. L., & Kaiser, C. R. (2014). Racial progress as threat to the status hierarchy: Implications for perceptions of anti-White bias. Psychological science, 25(2), 439-446.",2.0,"Boyce, V., Mathur, M., & Frank, M. C. (2023). Eleven years of student replication projects provide evidence on the correlates of replicability in psychology. Royal Society Open Science, 10(11), 231240. https://doi.org/10.1098/rsos.231240",10.1098/rsos.231405,"Boyce, V., Mathur, M., & Frank, M. C. (2023). Eleven years of student replication projects provide evidence on the correlates of replicability in psychology. Royal Society Open Science, 10(11), 231240. https://doi.org/10.1098/rsos.231240",,,,,,,,,,,,,,,,,,https://osf.io/xwn9m/,,2,,,0.0,,0,,,t(156) = 2.66,t(32)=-0.406,,,,,,,OS not significant,,,,,,,,,,,,exact,,,-0.053391527,0.246538216,-0.178615856,0.455572217,,,,,,,,,,,,,,,,,,,,,,,2014,0.005871651,0.202530622,0.026470239,0.361745247,0.145180625,no signal,OS not significant,no signal - OS not significant,1.273484597,0.077849894
osc2015140,osc2015140,2.0,,1,CD,OSC 2015,,,"Adult, Affect, Cues, Culture, Dangerous Behavior, Energy Intake, Female, Food Habits [psychology], Humans, Judgment, Male, Object Attachment, Personal Space, Reading, Self-Assessment, Social Facilitation, Social Perception, Violence [psychology]",Keeping one's distance: The influence of spatial distance cues on affect and evaluation.,,,,,only contact author listed as contributor,Joy Gaba,44927.0,,,,0.233776428,0.044266281,84,125,"Williams, L. E. & Bargh, J. A. (2008). Keeping one’s distance: The influence
of spatial distance cues on affect and evaluation. Psychological Science,
19, 302 – 308.",10.1111/j.1467-9280.2008.02084.x,"Williams, L. E. & Bargh, J. A. (2008). Keeping one’s distance: The influence of spatial distance cues on affect and evaluation. Psychological Science, 19, 302 – 308. https://doi.org/10.1111/j.1467-9280.2008.02084.x",,"Joy-Gaba, J. A., Clay, R., & Cleary, H. (2023, September 28). Replication of Williams & Bargh (2008, PS, Study 4). Retrieved from osf.io/vnsqg",10.1126/science.aac4716,"Open Science Collaboration. (2015). Estimating the reproducibility of psychological science. Science, 349(6251), aac4716. https://doi.org/10.1126/science.aac4716","Joy-Gaba, J. A., Clay, R., & Cleary, H. (2023, September 28). Replication of Williams & Bargh (2008, PS, Study 4). Retrieved from osf.io/vnsqg",,,,,,,,,,,,,,,,,https://osf.io/vnsqg/,,,,,,,,,,,,,,,,,,Failure,,,,,,,,,,,,,,,0.020403899,0.426781112,-0.132370217,0.218177797,1,0,0.841,Psychological Science,,,,,,,,,,,,,,,,,,,2008,0.010767276,0.032335058,0.008032942,0.624006235,0.840544549,no signal,inconsistent,no signal - inconsistent,2.143624567,0.111111111
Camereretal2018_21,,2.0,,1,LKasseckert,SSRP,Psychology,,"Social Science Replication Project, Science, Nature, Human Behavior",participants typically do not enjoy spending 6 to 15 minutes in a room by themselves with nothing to do but think,,,,,Effect sizes available here: https://osf.io/7286p,Lukas Röseler,45384.0,,,,0.674164951,0.593598902,30,39,"Wilson, T. D., Reinhard, D. A., Westgate, E. C., Gilbert, D. T., Ellerbeck,
N., Hahn, C., ... & Shaked, A. (2014). Just think: The challenges of the
disengaged mind. Science, 345(6192), 75-77.",10.1126/science.1250830,"Wilson, T. D., Reinhard, D. A., Westgate, E. C., Gilbert, D. T., Ellerbeck, N., Hahn, C., ... & Shaked, A. (2014). Just think: The challenges of the disengaged mind. Science, 345(6192), 75-77. https://doi.org/10.1126/science.1250830",,"Camerer, C. F., Dreber, A., Holzmeister, F., Ho, T. H., Huber, J., Johannesson, M., ... & Wu, H. (2018). Evaluating the replicability of social science experiments in Nature and Science between 2010 and 2015. Nature human behaviour, 2(9), 637-644.",10.1038/s41562-018-0399-z,"Camerer, C. F., Dreber, A., Holzmeister, F., Ho, T. H., Huber, J., Johannesson, M., ... & Wu, H. (2018). Evaluating the replicability of social science experiments in Nature and Science between 2010 and 2015. Nature human behaviour, 2(9), 637-644.",,,,,,,,,,,,,,,,,,https://osf.io/pfdyw/,,2,Camereretal2018_21,,,,,,,,,,,,,,,Success,https://osf.io/t3tk2,,,,,,,,,,,,,,0.414592263,0.83228746,0.342166391,0.765706367,,,,Science,,,,,,,,,,,,,,,,,,,2014,0.010261104,4.41438E-05,0.011037842,6.80018E-05,0.999549509,signal,consistent,signal - consistent,4.252215514,0.19245009
Boyce_etal2023168,,2.0,,1,Veronica Boyce,Boyce_etal2023,Psychology,,,Cheating more when the spoils are split,,,,,subfield: non-psych,LR,45429.0,,,,0.06205747,0.05498338,127,36,"Wiltermuth, S. S. (2011). Cheating more when the spoils are split. Organizational
Behavior and Human Decision Processes, 115(2), 157-168.",,"Wiltermuth, S. S. (2011). Cheating more when the spoils are split. Organizational Behavior and Human Decision Processes, 115(2), 157-168.",2.0,"Boyce, V., Mathur, M., & Frank, M. C. (2023). Eleven years of student replication projects provide evidence on the correlates of replicability in psychology. Royal Society Open Science, 10(11), 231240. https://doi.org/10.1098/rsos.231240",10.1098/rsos.231407,"Boyce, V., Mathur, M., & Frank, M. C. (2023). Eleven years of student replication projects provide evidence on the correlates of replicability in psychology. Royal Society Open Science, 10(11), 231240. https://doi.org/10.1098/rsos.231240",,,,,,,,,,,,,,,,,,https://osf.io/xwn9m/,,2,,,0.0,,0,,,"prop 22 / 60, 15 / 67","prop: 11/ 19, 9 / 17",,,,,,,OS not significant,,,,,,,,,,,,very close,,,-0.113382988,0.233745016,-0.278584714,0.376714152,,,,,,,,,,,,,,,,,,,,,,,2011,0.007875497,0.488243114,0.028398937,0.750106784,0.100040497,no signal,OS not significant,no signal - OS not significant,0.691931894,0.089802651
osc2015127,osc2015127,2.0,,1,CD,OSC 2015,,,"Attention, Cues, Figural Aftereffect, Humans, Imagination, Motion Perception, Orientation, Pattern Recognition, Visual, Photography, Psychophysics, Transfer (Psychology)",A motion aftereffect from still photographs depicting motion,,,,,only contact author listed as contributor,Levitan,44927.0,,,,0.685347348,0.527307869,29,26,"Winawer, Huk, and Boroditsky (2008). A Motion aftereffect from still photographs
depicting motion. Psychological Science, 19, 276-283.",10.1111/j.1467-9280.2008.02080.x,"Winawer, Huk, and Boroditsky (2008). A Motion aftereffect from still photographs depicting motion. Psychological Science, 19, 276-283. https://doi.org/10.1111/j.1467-9280.2008.02080.x",,"Levitan, C., Errington, T. M., & Gampa, A. (2023, September 28). Replication of Winawer, Huk, & Boroditsky (Psychological Science, 2008). Retrieved from osf.io/mjasz",10.1126/science.aac4716,"Open Science Collaboration. (2015). Estimating the reproducibility of psychological science. Science, 349(6251), aac4716. https://doi.org/10.1126/science.aac4716","Levitan, C., Errington, T. M., & Gampa, A. (2023, September 28). Replication of Winawer, Huk, & Boroditsky (Psychological Science, 2008). Retrieved from osf.io/mjasz",,,,,,,,,,,,,,,,,https://osf.io/mjasz/,,,,,,,,,,,,,,,,,,Success,,,,,,,,,,,,,,,0.425794241,0.840686328,0.175880095,0.759524167,1,1,0.993,Psychological Science,,,,,,,,,,,,,,,,,,,2008,0.010043466,4.09036E-05,0.020848265,0.00563789,0.992807427,signal,consistent,signal - consistent,4.278734188,0.196116135
Data (editable)_2,,2.0,,1,LK,individual submissions,Social Psychology,one-sided YouTube-comments on intention,"intention, media psychology, decision making, conformity",One-sided YouTube-comments may influence viewers' intention towards valence of comments,,,,,,"Lisa Mathes, Lukas röseler",45391.0,,,,0.167197632,0.080311892,1692,156,"Witteman H. O., Fagerlin A., Exe N., Trottier M. E., Zikmund-Fisher B.
J. One-sided social media comments influenced opinions and intentions about
home birth: An experimental study. Health Affairs, 35(4), 726-33. https://doi.org/10.1377/hlthaff.2015.1382.",10.1377/hlthaff.2015.1382,"Witteman H. O., Fagerlin A., Exe N., Trottier M. E., Zikmund-Fisher B. J. One-sided social media comments influenced opinions and intentions about home birth: An experimental study. Health Affairs, 35(4), 726-33. https://doi.org/10.1377/hlthaff.2015.1382.",,"Mathes, L., & Röseler, L. (11. April 2023). One-sided comments on opinions and intentions on YouTube: A replicarory approach. https://osf.io/624wf",,,,,,1.85,OR,0.00645,etasq,,,,,,,,,,,https://osf.io/624wf,,0,data(editable)_2,0,nested,0,0,,,"OR = 1.85, 95%-CI [1.37, 2.52], p < .001","F(2, 310) = 1.006, p = .367",App. 4,,728.0,,,,Failure,https://osf.io/624wf,,,,,,,,,,,"original study was conducted in English with broad US-sample, was a follow-up-part of another study and is based on a news article on home birth; replication study was conducted in German with german sample including students, was conducted on its own but included additional measures such as Attitude Importance and Need for Cognition and is based on three different YouTube-videos",,,0.120503239,0.213153811,-0.077810854,0.234493275,,,,Health Affairs,,,,,,,,,,,,,,,,,,,2015,0.000558765,4.47878E-12,0.006368656,0.318939889,0.673578388,no signal,consistent,no signal - consistent,6.93652148,0.024332413
osc2015123,osc2015123,2.0,,1,CD,OSC 2015,,,"Animals, Macaca mulatta, Macaca radiata, Neurophysiology, Reaction Time, Saccades [physiology], Visual Fields [physiology], Visual Perception",The effect of visual search efficiency on response preparation,,,,,only contact author listed as contributor,,44927.0,,,,0.919994961,,4,,"Woodman, G. F., Kang, M. S., Thompson, K., & Schall, J. D. (2008). The
effect of visual search efficiency on response preparation: neurophysiological
evidence for discrete flow. Psychological science, 19(2), 128-136.",10.1111/j.1467-9280.2008.02058.x,"Woodman, G. F., Kang, M. S., Thompson, K., & Schall, J. D. (2008). The effect of visual search efficiency on response preparation: neurophysiological evidence for discrete flow. Psychological science, 19(2), 128-136. https://doi.org/10.1111/j.1467-9280.2008.02058.x",,,10.1126/science.aac4716,"Open Science Collaboration. (2015). Estimating the reproducibility of psychological science. Science, 349(6251), aac4716. https://doi.org/10.1126/science.aac4716",,,,,,,,,,,,,,,,,,,,,,,,,,,,,,,,,,,,OS not significant,,,,,,,,,,,,,,,-0.35483976,0.998347714,,,0,,,Psychological Science,,,,,,,,,,,,,,,,,,,2008,0.007865269,0.080005039,,,,,OS not significant,NA - OS not significant,1.58899411,1
soscisubmission71,,2.0,,1,LK,Individual submissions,Applied Linguistics,elicited imitation test,"language learning, Mandarin, elicited imitation test",Whether an elicited imitation test (EIT) reliably distinguishes low-level from high-level language abilities among instructed second language learners of Mandarin Chinese,,,,,"Thank you for this project. I was not clear about the deadline to submit entries and the minimum entries expected for authorship. Also, should I submit this effect again to the Relications & Reversals Separately?","Al-Hoorie, Ali H.",45284.0,,,,0.495203044,0.406562268,40,45,"Wu, S.-L., & Ortega, L. (2013). Measuring global oral proficiency in SLA
research: A new elicited imitation test of L2 Chinese. Foreign Language
Annals, 46(4), 680-704. https://doi.org/10.1111/flan.12063",10.1111/flan.12063,"Wu, S.-L., & Ortega, L. (2013). Measuring global oral proficiency in SLA research: A new elicited imitation test of L2 Chinese. Foreign Language Annals, 46(4), 680-704. https://doi.org/10.1111/flan.12063",,"McManus, K., & Liu, Y. (2022). Using elicited imitation to measure global oral proficiency in SLA research: A close replication study. Language Teaching, 55(1), 116-135.",10.1017/S026144482000021X,"McManus, K., & Liu, Y. (2022). Using elicited imitation to measure global oral proficiency in SLA research: A close replication study. Language Teaching, 55(1), 116-135. https://doi.org/10.31234/osf.io/fmdqe",,,,1.14,d,0.89,d,,,,,,,,,,,,,2,sosci_28,1,,0,0,,,"Group 1 (M = 38.20, SD = 17.12), Group 2 = (61.45, SD = 23.21), d = 1.14","t(43) = -3.39, p = 0.003 (two-tailed), d = 0.89","Original: Table 3 and 4 (FLLs group). 
 Note that the d value I entered above is what I calculated from the Ms and SDs because the original study reported the F results combined for two groups: HLLs and FLLs, but the replication study was concerned with FLLs only. (But the results are pretty close anyway.) 
 The original study combined results: F(1) = 19.53, p > .001, etasq = .083 
 
 Replication: Tables 3 and 4 (Low-High comparison).",,,,,,Success,,,,,,,,,,,,,0.01460727,0.01583491,0.217198876,0.69889984,0.128345028,0.625454551,1,1,0.972,,,,,,,,,,,,,,,,,,,,2063,0.014607275,0.001159139,0.015834909,0.005581912,0.972019082,signal,consistent,signal - consistent,3.302517335,0.164398987
Boyce_etal2023169,,2.0,,1,Veronica Boyce,Boyce_etal2023,Psychology,,,Capacity for visual features in mental rotation,,,,,subfield: cognitive,LR,45429.0,,,,0.20917769,0.0992474,12,30,"Xu, Y., & Franconeri, S. L. (2015). Capacity for visual features in mental
rotation. Psychological science, 26(8), 1241-1251.",10.1177/0956797615585002,"Xu, Y., & Franconeri, S. L. (2015). Capacity for visual features in mental rotation. Psychological science, 26(8), 1241-1251.",1a,"Boyce, V., Mathur, M., & Frank, M. C. (2023). Eleven years of student replication projects provide evidence on the correlates of replicability in psychology. Royal Society Open Science, 10(11), 231240. https://doi.org/10.1098/rsos.231240",10.1098/rsos.231408,"Boyce, V., Mathur, M., & Frank, M. C. (2023). Eleven years of student replication projects provide evidence on the correlates of replicability in psychology. Royal Society Open Science, 10(11), 231240. https://doi.org/10.1098/rsos.231240",,,,,,,,,,,,,,,,,,https://osf.io/xwn9m/,,2,,,1.0,,0,,,"F(1, 11) = 32.04","F(1,26)=3.645357",,,,,,,OS not significant,,,,,,,,,,,,very close,,,-0.41448134,0.699148355,-0.270700947,0.443653446,,,,,,,,,,,,,,,,,,,,,,,2015,0.083127629,0.514100634,0.033806791,0.601814277,0.301175494,no signal,OS not significant,no signal - OS not significant,0.636933765,0.333333333
Boyce_etal2023170,,2.0,,1,Veronica Boyce,Boyce_etal2023,Psychology,,,Young children negatively evaluate and sanction free riders,,,,,subfield: other-psych,LR,45429.0,,,,0.19529164,0.07274809,48,17,"Yang, F., Choi, Y. J., Misch, A., Yang, X., & Dunham, Y. (2018). In defense
of the commons: Young children negatively evaluate and sanction free riders.
Psychological science, 29(10), 1598-1611.",10.1177/0956797618779061,"Yang, F., Choi, Y. J., Misch, A., Yang, X., & Dunham, Y. (2018). In defense of the commons: Young children negatively evaluate and sanction free riders. Psychological science, 29(10), 1598-1611.",2.0,"Boyce, V., Mathur, M., & Frank, M. C. (2023). Eleven years of student replication projects provide evidence on the correlates of replicability in psychology. Royal Society Open Science, 10(11), 231240. https://doi.org/10.1098/rsos.231240",10.1098/rsos.231409,"Boyce, V., Mathur, M., & Frank, M. C. (2023). Eleven years of student replication projects provide evidence on the correlates of replicability in psychology. Royal Society Open Science, 10(11), 231240. https://doi.org/10.1098/rsos.231240",,,,,,,,,,,,,,,,,,https://osf.io/xwn9m/,,2,,,1.0,,0,,,"d: 1.40 ; bci: b=1.72 [1.44, 2.00]","d: .64; bci b = 1.15 [0.65,1.64]",,,,,,,OS not significant,,,,,,,,,,,,close,,,-0.094062505,0.454221956,-0.422675959,0.534696659,,,,,,,,,,,,,,,,,,,,,,,2018,0.019684615,0.183450906,0.061840215,0.781420485,0.190113034,no signal,OS not significant,no signal - OS not significant,1.327102629,0.149071198
Boyce_etal2023171,,2.0,,1,Veronica Boyce,Boyce_etal2023,Psychology,,,Transient spatial attention degrades temporal resolution,,,,,subfield: cognitive,LR,45429.0,,,,0.3246242,0.232701348,18,10,"Yeshurun, Y., & Levy, L. (2003). Transient spatial attention degrades temporal
resolution. Psychological Science, 14(3), 225-231.",10.1111/1467-9280.02436,"Yeshurun, Y., & Levy, L. (2003). Transient spatial attention degrades temporal resolution. Psychological Science, 14(3), 225-231.",1.0,"Boyce, V., Mathur, M., & Frank, M. C. (2023). Eleven years of student replication projects provide evidence on the correlates of replicability in psychology. Royal Society Open Science, 10(11), 231240. https://doi.org/10.1098/rsos.231240",10.1098/rsos.231410,"Boyce, V., Mathur, M., & Frank, M. C. (2023). Eleven years of student replication projects provide evidence on the correlates of replicability in psychology. Royal Society Open Science, 10(11), 231240. https://doi.org/10.1098/rsos.231240",,,,0.686422953,d,-0.478539445,d,,,,,,,,,,,https://osf.io/xwn9m/,,2,,,1.0,,0,,,"F(1,17)=8.01","F(1,9)=2.061",,,,,,,OS not significant,,,,,,,,,,,,exact,,,-0.167655256,0.687325118,-0.46506371,0.752129481,,,,,,,,,,,,,,,,,,,,,,,2003,0.047079023,0.188737124,0.099403598,0.51764595,0.243583788,no signal,OS not significant,no signal - OS not significant,1.304449447,0.25819889
OpenMKT5,OpenMKT5,2.0,,1,LK,openmkt,Marketing,,"Brand Equity/Extension, Information Processing, Language, Sensory Marketing",Brand Evaluation Index (3-way interaction),,,,,,"Kaiser, Leonard",45142.0,,,,0.197,0.041,126,823,"Yorkston, E., and Menon, G. (2004). A sound idea: phonetic effects of brand
names on consumer judgments. J. Consum. Res. 31, 43–51. doi: 10.1086/383422
Study 1",10.1086/383422,"Yorkston, E., and Menon, G. (2004). A sound idea: phonetic effects of brand names on consumer judgments. J. Consum. Res. 31, 43–51. https://doi.org/10.1086/383422",1.0,"Motoki, K., & Iseki, S. (2022). Evaluating replicability of ten influential research on sensory marketing. Frontiers in Communication, 7, 1048896.",10.3389/fcomm.2022.1048896,"Motoki, K., & Iseki, S. (2022). Evaluating replicability of ten influential research on sensory marketing. Frontiers in Communication, 7, 1048896. https://doi.org/10.3389/fcomm.2022.1048896",,,,0.197,r,0.041,r,,,,,,,,,,,https://osf.io/tnmvq/,,2,openMKT5,,,,,,,,,,,,,,,Failure,,,,,,,,,,,,,,,0.0228815,0.359519092,-0.027415043,0.109032734,,,,Journal of Consumer Research,,,,,,,,,,,,,,,,,,,2004,0.007391105,0.027036175,0.001212458,0.240029373,0.999976951,no signal,inconsistent,no signal - inconsistent,2.2137764,0.090166963
OpenMKT5,OpenMKT5,2.0,,1,LK,openmkt,Marketing,,"Brand Equity/Extension, Information Processing, Language, Sensory Marketing",Brand Evaluation Index (2-way interaction),,,,,,"Kaiser, Leonard",45142.0,,,,0.246,0.038,126,823,"Yorkston, E., and Menon, G. (2004). A sound idea: phonetic effects of brand
names on consumer judgments. J. Consum. Res. 31, 43–51. doi: 10.1086/383422
Study 1",10.1086/383422,"Yorkston, E., and Menon, G. (2004). A sound idea: phonetic effects of brand names on consumer judgments. J. Consum. Res. 31, 43–51. https://doi.org/10.1086/383422",1.0,"Motoki, K., & Iseki, S. (2022). Evaluating replicability of ten influential research on sensory marketing. Frontiers in Communication, 7, 1048896.",10.3389/fcomm.2022.1048896,"Motoki, K., & Iseki, S. (2022). Evaluating replicability of ten influential research on sensory marketing. Frontiers in Communication, 7, 1048896. https://doi.org/10.3389/fcomm.2022.1048896",,,,0.246,r,0.038,r,,,,,,,,,,,https://osf.io/tnmvq/,,2,openMKT5,,,,,,,,,,,,,,,Failure,,,,,,,,,,,,,,,0.074289544,0.403543608,-0.030417219,0.1060628,,,,Journal of Consumer Research,,,,,,,,,,,,,,,,,,,2004,0.007061041,0.00549264,0.001213034,0.276207029,0.999999986,no signal,inconsistent,no signal - inconsistent,2.785395626,0.090166963
OpenMKT5,OpenMKT5,2.0,,1,LK,openmkt,Marketing,,"Brand Equity/Extension, Information Processing, Language, Sensory Marketing",Brand Evaluation Index (Main effect of brand name),,,,,,"Kaiser, Leonard",45142.0,,,,0.271,0.012,126,823,"Yorkston, E., and Menon, G. (2004). A sound idea: phonetic effects of brand
names on consumer judgments. J. Consum. Res. 31, 43–51. doi: 10.1086/383422
Study 1",10.1086/383422,"Yorkston, E., and Menon, G. (2004). A sound idea: phonetic effects of brand names on consumer judgments. J. Consum. Res. 31, 43–51. https://doi.org/10.1086/383422",1.0,"Motoki, K., & Iseki, S. (2022). Evaluating replicability of ten influential research on sensory marketing. Frontiers in Communication, 7, 1048896.",10.3389/fcomm.2022.1048896,"Motoki, K., & Iseki, S. (2022). Evaluating replicability of ten influential research on sensory marketing. Frontiers in Communication, 7, 1048896. https://doi.org/10.3389/fcomm.2022.1048896",,,,0.271,r,0.012,r,,,,,,,,,,,https://osf.io/tnmvq/,,2,openMKT5,,,,,,,,,,,,,,,Failure,,,,,,,,,,,,,,,0.100874509,0.425727531,-0.056384468,0.080272402,,,,Journal of Consumer Research,,,,,,,,,,,,,,,,,,,2004,0.006868093,0.002145616,0.001216195,0.731038169,1,no signal,inconsistent,no signal - inconsistent,3.082534433,0.090166963
OpenMKT5,OpenMKT5,2.0,,1,LK,openmkt,Marketing,,"Brand Equity/Extension, Information Processing, Language, Sensory Marketing",Attribute Perception Index (3-way interaction),,,,,,"Kaiser, Leonard",45142.0,,,,0.178,0.036,126,823,"Yorkston, E., and Menon, G. (2004). A sound idea: phonetic effects of brand
names on consumer judgments. J. Consum. Res. 31, 43–51. doi: 10.1086/383422
Study 1",10.1086/383422,"Yorkston, E., and Menon, G. (2004). A sound idea: phonetic effects of brand names on consumer judgments. J. Consum. Res. 31, 43–51. https://doi.org/10.1086/383422",1.0,"Motoki, K., & Iseki, S. (2022). Evaluating replicability of ten influential research on sensory marketing. Frontiers in Communication, 7, 1048896.",10.3389/fcomm.2022.1048896,"Motoki, K., & Iseki, S. (2022). Evaluating replicability of ten influential research on sensory marketing. Frontiers in Communication, 7, 1048896. https://doi.org/10.3389/fcomm.2022.1048896",,,,0.178,r,0.036,r,,,,,,,,,,,https://osf.io/tnmvq/,,2,openMKT5,,,,,,,,,,,,,,,Failure,,,,,,,,,,,,,,,0.003192473,0.342251458,-0.032417984,0.104082169,,,,Journal of Consumer Research,,,,,,,,,,,,,,,,,,,2004,0.007501087,0.046142617,0.001213394,0.302291487,0.999776217,no signal,inconsistent,no signal - inconsistent,1.99537034,0.090166963
OpenMKT5,OpenMKT5,2.0,,1,LK,openmkt,Marketing,,"Brand Equity/Extension, Information Processing, Language, Sensory Marketing",Attribute Perception Index (2-way interaction),,,,,,"Kaiser, Leonard",45142.0,,,,0.186,0.012,126,823,"Yorkston, E., and Menon, G. (2004). A sound idea: phonetic effects of brand
names on consumer judgments. J. Consum. Res. 31, 43–51. doi: 10.1086/383422
Study 1",10.1086/383422,"Yorkston, E., and Menon, G. (2004). A sound idea: phonetic effects of brand names on consumer judgments. J. Consum. Res. 31, 43–51. https://doi.org/10.1086/383422",1.0,"Motoki, K., & Iseki, S. (2022). Evaluating replicability of ten influential research on sensory marketing. Frontiers in Communication, 7, 1048896.",10.3389/fcomm.2022.1048896,"Motoki, K., & Iseki, S. (2022). Evaluating replicability of ten influential research on sensory marketing. Frontiers in Communication, 7, 1048896. https://doi.org/10.3389/fcomm.2022.1048896",,,,0.186,r,0.012,r,,,,,,,,,,,https://osf.io/tnmvq/,,2,openMKT5,,,,,,,,,,,,,,,Failure,,,,,,,,,,,,,,,0.011466103,0.349535588,-0.056384468,0.080272402,,,,Journal of Consumer Research,,,,,,,,,,,,,,,,,,,2004,0.007456039,0.0370448,0.001216195,0.731038169,0.99991066,no signal,inconsistent,no signal - inconsistent,2.087134795,0.090166963
OpenMKT5,OpenMKT5,2.0,,1,LK,openmkt,Marketing,,"Brand Equity/Extension, Information Processing, Language, Sensory Marketing",Attribute Perception Index (Main effect of brand name),,,,,,"Kaiser, Leonard",45142.0,,,,0.274,0.095,126,823,"Yorkston, E., and Menon, G. (2004). A sound idea: phonetic effects of brand
names on consumer judgments. J. Consum. Res. 31, 43–51. doi: 10.1086/383422
Study 1",10.1086/383422,"Yorkston, E., and Menon, G. (2004). A sound idea: phonetic effects of brand names on consumer judgments. J. Consum. Res. 31, 43–51. https://doi.org/10.1086/383422",1.0,"Motoki, K., & Iseki, S. (2022). Evaluating replicability of ten influential research on sensory marketing. Frontiers in Communication, 7, 1048896.",10.3389/fcomm.2022.1048896,"Motoki, K., & Iseki, S. (2022). Evaluating replicability of ten influential research on sensory marketing. Frontiers in Communication, 7, 1048896. https://doi.org/10.3389/fcomm.2022.1048896",,,,0.274,r,0.095,r,,,,,,,,,,,https://osf.io/tnmvq/,,2,openMKT5,,,,,,,,,,,,,,,Success,,,,,,,,,,,,,,,0.104081115,0.42837716,0.026835993,0.162284656,,,,Journal of Consumer Research,,,,,,,,,,,,,,,,,,,2004,0.006843875,0.001905169,0.001194685,0.00638383,1,signal,"inconsistent, smaller","signal - inconsistent, smaller",3.118474881,0.090166963
is3,is3,2.0,,1,CD,Individual submissions,,,"facial redness, demand characteristics, emotion perception, emotion recognition",Facial redness increases perceived anger,,,,,,"Wolf, Röseler, Leder, Schütz",44927.0,,Originalpaper: p.52; Replication: p.25,,0.3316625,0.09950372,40,218,"Young, S. G., Thorstenson, C. A., & Pazda, A. D. (2018). Facial redness,
expression, and masculinity influence perceptions of anger and health.
Cognition and Emotion, 32(1), 49–60. https://doi.org/10.1080/02699931.2016.1273201",10.1080/02699931.2016.1273201,"Young, S. G., Thorstenson, C. A., & Pazda, A. D. (2018). Facial redness, expression, and masculinity influence perceptions of anger and health. Cognition and Emotion, 32(1), 49–60. https://doi.org/10.1080/02699931.2016.1273201",,"Wolf, D., Röseler, L., Leder, J., & Schütz, A. (2022, June 15). The Red-Anger Effect: Is it Nothing More Than Demand Characteristics?. https://doi.org/10.31234/osf.io/ntukz ",10.31234/osf.io/ntukz,"Wolf, D., Röseler, L., Leder, J., & Schütz, A. (2022, June 15). The Red-Anger Effect: Is it Nothing More Than Demand Characteristics?. https://doi.org/10.31234/osf.io/ntukz ",,,,,,,,,,,,,,,,,,https://osf.io/7ezvb/,,,,,,,,,,,,,,,,,,Failure,,,,,,,,,,,,,,,0.022475198,0.582944385,-0.03382145,0.229349285,1,0,1,Cognition and Emotion,,,,,,,,,,,,,,,,,,,2016,0.020310256,0.036556124,0.004517493,0.143099711,0.999687777,no signal,inconsistent,no signal - inconsistent,2.096698302,0.164398987
is2,is2,2.0,,1,CD,Individual submissions,,,"facial redness, demand characteristics, emotion perception, emotion recognition",Facial redness increases perceived anger,,,,,,"Wolf, Röseler, Leder, Schütz",44927.0,,Originalpaper: p.52; Replication: p.25,,0.3316625,0.2101967,40,111,"Young, S. G., Thorstenson, C. A., & Pazda, A. D. (2018). Facial redness,
expression, and masculinity influence perceptions of anger and health.
Cognition and Emotion, 32(1), 49–60. https://doi.org/10.1080/02699931.2016.1273201",10.1080/02699931.2016.1273201,"Young, S. G., Thorstenson, C. A., & Pazda, A. D. (2018). Facial redness, expression, and masculinity influence perceptions of anger and health. Cognition and Emotion, 32(1), 49–60. https://doi.org/10.1080/02699931.2016.1273201",,"Wolf, D., Röseler, L., Leder, J., & Schütz, A. (2022, June 15). The Red-Anger Effect: Is it Nothing More Than Demand Characteristics?. https://doi.org/10.31234/osf.io/ntukz ",10.31234/osf.io/ntukz,"Wolf, D., Röseler, L., Leder, J., & Schütz, A. (2022, June 15). The Red-Anger Effect: Is it Nothing More Than Demand Characteristics?. https://doi.org/10.31234/osf.io/ntukz ",,,,,,,,,,,,,,,,,,https://osf.io/7ezvb/,,,,,,,,,,,,,,,,,,Success,https://osf.io/caf6h,,,,,,,,,,,,,,0.022475198,0.582944385,0.024774437,0.381637368,1,1,0.975,Cognition and Emotion,,,,,,,,,,,,,,,,,,,2016,0.020310256,0.036556124,0.008305335,0.026808789,0.974613211,signal,consistent,signal - consistent,2.096698302,0.164398987
is1,is1,2.0,,1,CD,Individual submissions,,,"facial redness, demand characteristics, emotion perception, emotion recognition",Facial redness increases perceived anger,,,,,,"Wolf, Röseler, Leder, Schütz",44927.0,,"Original paper: p.52; Replication: p. 8,14",,0.3316625,0.2,40,40,"Young, S. G., Thorstenson, C. A., & Pazda, A. D. (2018). Facial redness,
expression, and masculinity influence perceptions of anger and health.
Cognition and Emotion, 32(1), 49–60. https://doi.org/10.1080/02699931.2016.1273201",10.1080/02699931.2016.1273201,"Young, S. G., Thorstenson, C. A., & Pazda, A. D. (2018). Facial redness, expression, and masculinity influence perceptions of anger and health. Cognition and Emotion, 32(1), 49–60. https://doi.org/10.1080/02699931.2016.1273201",,"Wolf, D., Röseler, L., Leder, J., & Schütz, A. (2022, June 15). The Red-Anger Effect: Is it Nothing More Than Demand Characteristics?. https://doi.org/10.31234/osf.io/ntukz ",10.31234/osf.io/ntukz,"Wolf, D., Röseler, L., Leder, J., & Schütz, A. (2022, June 15). The Red-Anger Effect: Is it Nothing More Than Demand Characteristics?. https://doi.org/10.31234/osf.io/ntukz ",,,,,,,,,,,,,,,,,,osf.io/ncbyg/,,,,,,,,,,,,,,,,,,Failure,https://osf.io/caf6h,,,,,,,,,,,,,,0.022475198,0.582944385,-0.118918174,0.481510354,1,0,0.684,Cognition and Emotion,,,,,,,,,,,,,,,,,,,2016,0.020310256,0.036556124,0.023630769,0.215957893,0.684034729,no signal,consistent,no signal - consistent,2.096698302,0.164398987
Boyce_etal2023172,,2.0,,1,Veronica Boyce,Boyce_etal2023,Psychology,illusion of consensus,,failure to distinguish between true and false consensus,,,,,subfield: cognitive,LR,45429.0,,,,0.25510635,0.12295826,240,160,"Yousif, S. R., Aboody, R., & Keil, F. C. (2019). The illusion of consensus:
A failure to distinguish between true and false consensus. Psychological
Science, 30(8), 1195-1204.",10.1177/0956797619856844,"Yousif, S. R., Aboody, R., & Keil, F. C. (2019). The illusion of consensus: A failure to distinguish between true and false consensus. Psychological Science, 30(8), 1195-1204.",5.0,"Boyce, V., Mathur, M., & Frank, M. C. (2023). Eleven years of student replication projects provide evidence on the correlates of replicability in psychology. Royal Society Open Science, 10(11), 231240. https://doi.org/10.1098/rsos.231240",10.1098/rsos.231411,"Boyce, V., Mathur, M., & Frank, M. C. (2023). Eleven years of student replication projects provide evidence on the correlates of replicability in psychology. Royal Society Open Science, 10(11), 231240. https://doi.org/10.1098/rsos.231240",,,,,,,,,,,,,,,,,,https://osf.io/xwn9m/,,2,,,0.0,,0,,,t(94) = 2.77,t(48.733)=.72116,,,,,,,Failure,,,,,,,,,,,,very close,,,0.132765301,0.369790514,-0.032826756,0.272910407,,,,,,,,,,,,,,,,,,,,,,,2019,0.003657225,6.3933E-05,0.006100573,0.121381317,0.948883395,no signal,consistent,no signal - consistent,4.015997438,0.06495698
Boyce_etal2023173,,2.0,,1,Veronica Boyce,Boyce_etal2023,Psychology,,,parents’ responsiveness to childcare subsidies and their preferences for different childcare arrangements,,,,,subfield: non-psych,LR,45429.0,,,,0.2070333,0.06946025,540,250,"Zangger, C., & Widmer, J. (2020). Choosing what is best for one’s children?
Experimental evidence on parents’ responsiveness to childcare subsidies
and their preferences for different childcare arrangements. Early childhood
research quarterly, 51, 110-123.",,"Zangger, C., & Widmer, J. (2020). Choosing what is best for one’s children? Experimental evidence on parents’ responsiveness to childcare subsidies and their preferences for different childcare arrangements. Early childhood research quarterly, 51, 110-123.",1.0,"Boyce, V., Mathur, M., & Frank, M. C. (2023). Eleven years of student replication projects provide evidence on the correlates of replicability in psychology. Royal Society Open Science, 10(11), 231240. https://doi.org/10.1098/rsos.231240",10.1098/rsos.231412,"Boyce, V., Mathur, M., & Frank, M. C. (2023). Eleven years of student replication projects provide evidence on the correlates of replicability in psychology. Royal Society Open Science, 10(11), 231240. https://doi.org/10.1098/rsos.231240",,,,,,,,,,,,,,,,,,https://osf.io/xwn9m/,,2,,,0.0,,0,,,bse b=1.025 (.003),bse b=1.037 (.006),,,,,,,Failure,,,,,,,,,,,,exact,,,0.12483648,0.286407638,-0.055081432,0.19187374,,,,,,,,,,,,,,,,,,,,,,,2020,0.001699651,1.21889E-06,0.003977405,0.273919475,0.951879223,no signal,inconsistent,no signal - inconsistent,4.868001974,0.043153185
Manylabs2_26,,2.0,,1,LKasseckert,ML2,Psychology,Heat priming,Many Labs 2,Priming “heat” increases belief in global warming,,,,,,Lukas Röseler,45384.0,,,,0.153170954,0.014998313,300,4204,"Zaval, L., Keenan, E. A., Johnson, E. J., & Weber, E. U. (2014). How warm
days increase belief in global warming. Nature Climate Change, 4, 143–147.
doi:10.1038/nclimate2093 Study 3a",10.1038/nclimate2093,"Zaval, L., Keenan, E. A., Johnson, E. J., & Weber, E. U. (2014). How warm days increase belief in global warming. Nature Climate Change, 4, 143–147. https://doi.org/10.1038/nclimate2093",3a,"Klein, R. A., Vianello, M., Hasselman, F., Adams, B. G., Adams Jr, R. B., Alper, S., ... & Sowden, W. (2018). Many Labs 2: Investigating variation in replicability across samples and settings. Advances in Methods and Practices in Psychological Science, 1(4), 443-490.",10.1177/2515245918810225,"Klein, R. A., Vianello, M., Hasselman, F., Adams, B. G., Adams Jr, R. B., Alper, S., ... & Sowden, W. (2018). Many Labs 2: Investigating variation in replicability across samples and settings. Advances in Methods and Practices in Psychological Science, 1(4), 443-490. https://doi.org/10.1177/2515245918810225",,,,0.31,d,-0.03,d,,,,,,,,,,,https://osf.io/8cd4r/,,2,manylabs2,,,0,,,,,,,,,,,,Failure,,,,,,,,,,,,Participants who made errors in sentence unscrambling were excluded on the recommendation of the original authors,,,0.040634937,0.261869611,-0.015238684,0.045207903,,,,Nature Climate Change,,,,,,,,,,,,,,,,,,,2093,0.00318939,0.007869373,0.000237818,0.330936139,1,no signal,inconsistent,no signal - inconsistent,2.660639624,0.058025885
Boyce_etal2023174,,2.0,,1,Veronica Boyce,Boyce_etal2023,Psychology,,,Conserving the environment for the sake of one’s legacy,,,,,subfield: social,LR,45429.0,,,,0.177098495,0.097981008,312,321,"Zaval, L., Markowitz, E. M., & Weber, E. U. (2015). How will I be remembered?
Conserving the environment for the sake of one’s legacy. Psychological
science, 26(2), 231-236.",10.1177/0956797614561266,"Zaval, L., Markowitz, E. M., & Weber, E. U. (2015). How will I be remembered? Conserving the environment for the sake of one’s legacy. Psychological science, 26(2), 231-236.",1.0,"Boyce, V., Mathur, M., & Frank, M. C. (2023). Eleven years of student replication projects provide evidence on the correlates of replicability in psychology. Royal Society Open Science, 10(11), 231240. https://doi.org/10.1098/rsos.231240",10.1098/rsos.231413,"Boyce, V., Mathur, M., & Frank, M. C. (2023). Eleven years of student replication projects provide evidence on the correlates of replicability in psychology. Royal Society Open Science, 10(11), 231240. https://doi.org/10.1098/rsos.231240",,,,0.359885655,d,0.196909488,d,,,,,,,,,,,https://osf.io/xwn9m/,,2,,,0.0,,0,,,"F(1,309)=10.07",t(318)=1.761212,,,,,,,Failure,,,,,,,,,,,,exact,,,0.06738491,0.28258031,-0.011612426,0.20524842,,,,,,,,,,,,,,,,,,,,,,,2015,0.0030169,0.001686669,0.003065286,0.079628493,0.939666719,no signal,consistent,no signal - consistent,3.146280357,0.056888012
Boyce_etal2023175,,2.0,,1,Veronica Boyce,Boyce_etal2023,Psychology,,,Facelike holistic processing of nonface objects in the absence of expertise,,,,,subfield: cognitive,LR,45429.0,,,,0.27204901,0.10073298,22,14,"Zhao, M., Bülthoff, H. H., & Bülthoff, I. (2016). Beyond faces and expertise:
Facelike holistic processing of nonface objects in the absence of expertise.
Psychological science, 27(2), 213-222.",10.1177/0956797615617779,"Zhao, M., Bülthoff, H. H., & Bülthoff, I. (2016). Beyond faces and expertise: Facelike holistic processing of nonface objects in the absence of expertise. Psychological science, 27(2), 213-222.",1a,"Boyce, V., Mathur, M., & Frank, M. C. (2023). Eleven years of student replication projects provide evidence on the correlates of replicability in psychology. Royal Society Open Science, 10(11), 231240. https://doi.org/10.1098/rsos.231240",10.1098/rsos.231414,"Boyce, V., Mathur, M., & Frank, M. C. (2023). Eleven years of student replication projects provide evidence on the correlates of replicability in psychology. Royal Society Open Science, 10(11), 231240. https://doi.org/10.1098/rsos.231240",,,,,,,,,,,,,,,,,,https://osf.io/xwn9m/,,2,,,1.0,,0,,,"F(1, 21) = 22.80","F(1,13)=29.83",,,,,,,OS not significant,,,,,,,,,,,,exact,,,-0.168936096,0.622282768,-0.454117684,0.599282707,,,,,,,,,,,,,,,,,,,,,,,2016,0.04083125,0.220649344,0.0753699,0.731868584,0.248694791,no signal,OS not significant,no signal - OS not significant,1.216460918,0.229415734
Manylabs2_23,,2.0,,1,LKasseckert,ML2,Psychology,,Many Labs 2,Moral violations and desire for cleansing,,,,,,Lukas Röseler,45384.0,,,,0.454326083,0,27,7001,"Zhong, C.-B., & Liljenquist, K. (2006). Washing away your sins: Threatened
morality and physical cleansing. Science, 313, 1451–1452. doi:10.1126/science.1130726
Study 2",10.1126/science.1130726,"Zhong, C.-B., & Liljenquist, K. (2006). Washing away your sins: Threatened morality and physical cleansing. Science, 313, 1451–1452. https://doi.org/10.1126/science.1130726",2.0,"Klein, R. A., Vianello, M., Hasselman, F., Adams, B. G., Adams Jr, R. B., Alper, S., ... & Sowden, W. (2018). Many Labs 2: Investigating variation in replicability across samples and settings. Advances in Methods and Practices in Psychological Science, 1(4), 443-490.",10.1177/2515245918810225,"Klein, R. A., Vianello, M., Hasselman, F., Adams, B. G., Adams Jr, R. B., Alper, S., ... & Sowden, W. (2018). Many Labs 2: Investigating variation in replicability across samples and settings. Advances in Methods and Practices in Psychological Science, 1(4), 443-490. https://doi.org/10.1177/2515245918810225",,,,1.02,d,0,d,,,,,,,,,,,https://osf.io/8cd4r/,,2,manylabs2,,,1,,,,,,,,,,,,Failure,,,,,,,,,,,,,,,0.089819472,0.711499481,-0.023425111,0.023425111,,,,Science,,,,,,,,,,,,,,,,,,,2006,0.02422237,0.017281249,0.000142857,1,1,no signal,inconsistent,no signal - inconsistent,2.401176798,0.204124145
OpenMKT18,OpenMKT18,2.0,,1,LK,openmkt,Marketing,,"scarcity, abundance, preference within a choice set, choices of the favorite, resource constraints, preference polarization","Perceiving four varieties of vegetables (carrots, broccoli, cauliflower, tomatoes) as relatively scarce will 1. increase relative preferences for individuals’ favorite of the four 2. Lead to individuals’ favorite vegetable being chosen more from a choice in which participants can select six pieces of vegetable.",,,,,,"Kaiser, Leonard",45158.0,,,,0.1378405,0.001836483,200,595,"Zhu, M., & Ratner, R. K. (2015). Scarcity polarizes preferences: The impact
on choice among multiple items in a product class. Journal of Marketing
Research, 52(1), 13-26. Study 2",10.1509/jmr.13.0451,"Zhu, M., & Ratner, R. K. (2015). Scarcity polarizes preferences: The impact on choice among multiple items in a product class. Journal of Marketing Research, 52(1), 13-26.",2.0,"O’Donnell, M., Dev, A. S., Antonoplis, S., Baum, S. M., Benedetti, A. H., Brown, N. D., Carrillo, B., Choi, A. L., Connor, P., Donnelly, K., Ellwood-Lowe, M. E., Foushee, R., Jansen, R., Jarvis, S. N., Lundell-Creagh, R., Ocampo, J. M., Okafor, G. N., Azad, Z. R., Rosenblum, M., … Nelson, L. D. (2021). Empirical audit and review and an assessment of evidentiary value in research on the psychological consequences of scarcity. Proceedings of the National Academy of Sciences, 118(44), e2103313118. 
",10.1073/pnas.2103313118,"O’Donnell, M., Dev, A. S., Antonoplis, S., Baum, S. M., Benedetti, A. H., Brown, N. D., Carrillo, B., Choi, A. L., Connor, P., Donnelly, K., Ellwood-Lowe, M. E., Foushee, R., Jansen, R., Jarvis, S. N., Lundell-Creagh, R., Ocampo, J. M., Okafor, G. N., Azad, Z. R., Rosenblum, M., … Nelson, L. D. (2021). Empirical audit and review and an assessment of evidentiary value in research on the psychological consequences of scarcity. Proceedings of the National Academy of Sciences, 118(44), e2103313118. https://doi.org/10.1073/pnas.2103313118",,,,0.1378405,r,0.001836483,r,,,,,,,,,,,https://osf.io/a2e96/,,2,openMKT18,,,,,,,,,,,,,,,OS not significant,,,,,,,,,,,,,,,-0.000918073,0.271391391,-0.078555351,0.082204586,,,,Journal of Marketing Research,,,,,,,,,,,,,,,,,,,2015,0.004835985,0.051601714,0.00168349,0.964344464,0.958481379,no signal,OS not significant,no signal - OS not significant,1.947078219,0.07124705
Boyce_etal2023176,,2.0,,1,Veronica Boyce,Boyce_etal2023,Psychology,,,learning and remembering heirarchical relationships,,,,,subfield: social,LR,45429.0,,,,0.1770985,0.09798101,94,243,"Zitek, E. M., & Tiedens, L. Z. (2012). The fluency of social hierarchy:
the ease with which hierarchical relationships are seen, remembered, learned,
and liked. Journal of personality and social psychology, 102(1), 98.",10.1037/a0025345,"Zitek, E. M., & Tiedens, L. Z. (2012). The fluency of social hierarchy: the ease with which hierarchical relationships are seen, remembered, learned, and liked. Journal of personality and social psychology, 102(1), 98.",1.0,"Boyce, V., Mathur, M., & Frank, M. C. (2023). Eleven years of student replication projects provide evidence on the correlates of replicability in psychology. Royal Society Open Science, 10(11), 231240. https://doi.org/10.1098/rsos.231240",10.1098/rsos.231415,"Boyce, V., Mathur, M., & Frank, M. C. (2023). Eleven years of student replication projects provide evidence on the correlates of replicability in psychology. Royal Society Open Science, 10(11), 231240. https://doi.org/10.1098/rsos.231240",,,,,,,,,,,,,,,,,,https://osf.io/xwn9m/,,2,,,1.0,,0,,,"MSD2: m1=459.32 (63.06), m2=460.77(66.608)","MSD2: m1=572.1 (179.3), m2=572.15 (179.763)",,,,,,,OS not significant,,,,,,,,,,,,close,,,-0.026468228,0.366562059,-0.028211267,0.221099198,,,,,,,,,,,,,,,,,,,,,,,2012,0.010088773,0.087713272,0.004053271,0.12771755,0.87156536,no signal,OS not significant,no signal - OS not significant,1.707414193,0.104828484
osc201556,osc201556,2.0,,1,CD,OSC 2015,,,"Adult, Anger, Communication, Deception, Dominance-Subordination, Emotions, Fear, Female, Goals, Humans, Interpersonal Relations, Male, Motivation, Negotiating, Power (Psychology), Rejection (Psychology)",A social functional approach to emotions in bargaining: when communicating anger pays and when it backfires.,,,,,only contact author listed as contributor,Slowik,44927.0,,,,0.379139495,-0.042140104,103,83,"van Dijk, E., van Kleef, G.A., Steinel, W., & van Beest, I. (2008). A social
functional approach to emotions in bargaining: When communicating anger
pays and when it backfires. Journal of Personality and Social Psychology,
94(4), 600-614.",10.1037/0022-3514.94.4.600,"van Dijk, E., van Kleef, G.A., Steinel, W., & van Beest, I. (2008). A social functional approach to emotions in bargaining: When communicating anger pays and when it backfires. Journal of Personality and Social Psychology, 94(4), 600-614. https://doi.org/10.1037/0022-3514.94.4.600",,"Voracek, M., & Slowik, A. (2023, September 28). Replication of E van Dijk, GA van Kleef, W Steinel, I van Beest (2008, JPSP 94(4), Exp. 3). Retrieved from osf.io/xtsq6",10.1126/science.aac4716,"Open Science Collaboration. (2015). Estimating the reproducibility of psychological science. Science, 349(6251), aac4716. https://doi.org/10.1126/science.aac4716","Voracek, M., & Slowik, A. (2023, September 28). Replication of E van Dijk, GA van Kleef, W Steinel, I van Beest (2008, JPSP 94(4), Exp. 3). Retrieved from osf.io/xtsq6",,,,,,,,,,,,,,,,,https://osf.io/xtsq6/,,,,,,,,,,,,,,,,,,Failure,,,,,,,,,,,,,,,0.200312314,0.533518398,-0.255507054,0.17514108,1,0,0.974,Journal of Personality and Social Psychology,,,,,,,,,,,,,,,,,,,2008,0.007187937,7.83498E-05,0.012151848,0.70523716,0.974150058,no signal,inconsistent,no signal - inconsistent,3.990543011,0.1
osc2015149,osc2015149,2.0,,1,CD,OSC 2015,,,"Adult, Choice Behavior, Female, Humans, Male, Marriage [psychology], Reproductive Behavior [psychology], Sexual Behavior [psychology], Social Behavior, Social Desirability",The Best Men Are (Not Always) Already Taken: Female Preference for Single Versus Attached Males Depends on Conception Risk,,,,,only contact author listed as contributor,Frazier,44927.0,,,,0.188662549,0.018283411,208,318,,,,,,10.1126/science.aac4716,"Open Science Collaboration. (2015). Estimating the reproducibility of psychological science. Science, 349(6251), aac4716. https://doi.org/10.1126/science.aac4716",,,,,,,,,,,,,,,,,,https://osf.io/blcj6/,,,,,,,,,,,,,,,,,,Failure,,,,,,,,,,,,,,,0.054007568,0.316578421,-0.091886094,0.128010726,1,0,0.96,,,,,,,,,,,,,,,,,,,,,0.004493139,0.006351048,0.003152465,0.7453452,0.959905031,no signal,inconsistent,no signal - inconsistent,2.733987829,0.06984303
jymds,jymds,2.0,,1,LR,OSF Registries,,,"adjustment, anchor, anchoring, anchoring effect, Epley, experimenter-provided, Gilovich, replication, self-generated",Forewarnings significantly increase adjustment from self-generated anchors but not from experimenter-provided anchors,,,,,,"Sabine Krueger, Lukas Röseler, Hannah Luisa Bögler, Emilia Schramm, Johanna Popp, Leonie Beuerle, Alexander Jiranek, Maxi Görnitz, Afra Fischer, Lisa-Marie Köppel",44927.0,,,,0.419523539,0.063245553,48,653,,10.1002/bdm.495,"Epley, N., & Gilovich, T. (2005). When effortful thinking influences judgmental anchoring: differential effects of forewarning and incentives on self‐generated and externally provided anchors. Journal of Behavioral Decision Making, 18(3), 199-212. https://doi.org/10.1002/bdm.495",,"Röseler, L., Bögler, H. L., Koßmann, L., Krueger, S., Bickenbach, S., Bühler, R., … Ponader, S. (2023, July 11). Results Report: Replication of Epley and Gilovich  (2005, Study 2). https://doi.org/10.17605/OSF.IO/JYMDS",10.17605/OSF.IO/JYMDS,"Röseler, L., Bögler, H. L., Koßmann, L., Krueger, S., Bickenbach, S., Bühler, R., … Ponader, S. (2023, July 11). Results Report: Replication of Epley and Gilovich  (2005, Study 2). https://doi.org/10.17605/OSF.IO/JYMDS",,,,0.176,etasq,0.004,etasq,,,,,,,,,,,https://www.osf.io/jymds,,1,,,,,,,,,,,,,,,,Failure,https://www.osf.io/jymds,,,,,,,,,,,,,,0.153711427,0.628714695,-0.0135452,0.139294649,,,,Journal of Behavioral Decision Making,,,,,,,,,,,,,,,,,,,,0.014446298,0.002995515,0.001521497,0.106378142,1,no signal,inconsistent,no signal - inconsistent,2.999329573,0.149071198
